date,sku,rating,review_text,sentiment_label,sentiment_confidence,sentiment_unified,sentiment_unified_expected,sentiment_all_scores_json,emotion_labels,emotion_scores_json,emotion_top_json,sarcasm_label,sarcasm_confidence,sarcastic,offensive_label,offensive_confidence,is_offensive
2024-11-09,RF-IND-008,4,Excellent cooling performance even during peak summer. Very satisfied.,positive,0.7707273960113525,0.5,0.5362639801740339,"{""very negative"": 0.014967979863286018, ""neutral"": 0.02442777529358864, ""positive"": 0.7707273960113525, ""very positive"": 0.17155218124389648}",admiration,"{""admiration"": 0.9331638216972351}","[{""label"": ""admiration"", ""score"": 0.9331638216972351}, {""label"": ""approval"", ""score"": 0.07154010981321335}, {""label"": ""gratitude"", ""score"": 0.04528460651636124}, {""label"": ""neutral"", ""score"": 0.019264668226242065}, {""label"": ""joy"", ""score"": 0.010110114701092243}]",non_irony,0.602388322353363,False,non-offensive,0.9177484512329102,False
2025-01-24,TV-IND-001,5,"Produit de mauvaise qualite, je suis tres decu. Ne recommande pas.",very negative,0.376915842294693,-1.0,-0.6515037909879426,"{""very negative"": 0.376915842294693, ""neutral"": 0.02833167091012001, ""positive"": 0.024450555443763733, ""very positive"": 0.01673412136733532}",neutral,"{""neutral"": 0.9460828304290771}","[{""label"": ""neutral"", ""score"": 0.9460828304290771}, {""label"": ""approval"", ""score"": 0.029701441526412964}, {""label"": ""disapproval"", ""score"": 0.009891659021377563}, {""label"": ""realization"", ""score"": 0.00757063552737236}, {""label"": ""annoyance"", ""score"": 0.006734327878803015}]",non_irony,0.8884108662605286,False,non-offensive,0.8112044930458069,False
2025-02-27,HP-IND-006,3,Packaging was good but product is just average in terms of quality.,neutral,0.22643636167049408,0.0,0.02154465263355148,"{""very negative"": 0.020769914612174034, ""neutral"": 0.22643636167049408, ""positive"": 0.03994236886501312, ""very positive"": 0.018210014328360558}","disappointment,admiration","{""disappointment"": 0.35051408410072327, ""admiration"": 0.31660306453704834}","[{""label"": ""disappointment"", ""score"": 0.35051408410072327}, {""label"": ""admiration"", ""score"": 0.31660306453704834}, {""label"": ""disapproval"", ""score"": 0.20833034813404083}, {""label"": ""approval"", ""score"": 0.14557017385959625}, {""label"": ""neutral"", ""score"": 0.10623263567686081}]",non_irony,0.5526584982872009,False,non-offensive,0.8434349298477173,False
2024-10-10,MB-IND-002,2,"Installation was a nightmare, instructions were completely wrong.",very negative,0.7697422504425049,-1.0,-0.6977894863586905,"{""very negative"": 0.7697422504425049, ""neutral"": 0.036633219569921494, ""positive"": 0.020193949341773987, ""very positive"": 0.01803928054869175}",disapproval,"{""disapproval"": 0.3163321614265442}","[{""label"": ""disapproval"", ""score"": 0.3163321614265442}, {""label"": ""annoyance"", ""score"": 0.24686093628406525}, {""label"": ""disappointment"", ""score"": 0.15440554916858673}, {""label"": ""neutral"", ""score"": 0.06965956091880798}, {""label"": ""fear"", ""score"": 0.04962696135044098}]",non_irony,0.7851060032844543,False,non-offensive,0.6006593704223633,False
2024-12-03,TV-IND-001,5,Customer service was amazing. They resolved my query within minutes.,positive,0.6071091294288635,0.5,0.5974647468222958,"{""very negative"": 0.017765464261174202, ""neutral"": 0.03513293340802193, ""positive"": 0.6071091294288635, ""very positive"": 0.31808170676231384}",admiration,"{""admiration"": 0.9301038980484009}","[{""label"": ""admiration"", ""score"": 0.9301038980484009}, {""label"": ""approval"", ""score"": 0.06624912470579147}, {""label"": ""neutral"", ""score"": 0.026406768709421158}, {""label"": ""excitement"", ""score"": 0.022681886330246925}, {""label"": ""joy"", ""score"": 0.018670279532670975}]",irony,0.8352649807929993,True,non-offensive,0.9490030407905579,False
2025-01-25,WM-IND-004,2,Love the display and design but the speaker quality is terrible and overheats during gaming.,very negative,0.3773541748523712,-1.0,-0.6110164372537351,"{""very negative"": 0.3773541748523712, ""neutral"": 0.08313998579978943, ""positive"": 0.019871970638632774, ""very positive"": 0.019871970638632774}","love,disgust","{""love"": 0.410555899143219, ""disgust"": 0.3163873255252838}","[{""label"": ""love"", ""score"": 0.410555899143219}, {""label"": ""disgust"", ""score"": 0.3163873255252838}, {""label"": ""admiration"", ""score"": 0.14251857995986938}, {""label"": ""disappointment"", ""score"": 0.14123332500457764}, {""label"": ""annoyance"", ""score"": 0.09878356009721756}]",non_irony,0.6289689540863037,False,non-offensive,0.7254443764686584,False
2024-11-27,AC-IND-005,1,Customer service is non-existent. Been waiting 3 weeks for a response.,very negative,0.4578317105770111,-1.0,-0.579201002717572,"{""very negative"": 0.4578317105770111, ""neutral"": 0.15317650139331818, ""positive"": 0.025456801056861877, ""very positive"": 0.025456801056861877}","disappointment,annoyance","{""disappointment"": 0.5341309905052185, ""annoyance"": 0.31432658433914185}","[{""label"": ""disappointment"", ""score"": 0.5341309905052185}, {""label"": ""annoyance"", ""score"": 0.31432658433914185}, {""label"": ""neutral"", ""score"": 0.20545412600040436}, {""label"": ""disapproval"", ""score"": 0.15114009380340576}, {""label"": ""sadness"", ""score"": 0.023914506658911705}]",non_irony,0.6569333672523499,False,non-offensive,0.8544687032699585,False
2025-02-28,LP-IND-003,3,Product is fine for basic use but power users might find it limiting.,neutral,0.2278260439634323,0.0,0.13598060049171318,"{""very negative"": 0.017182493582367897, ""neutral"": 0.2278260439634323, ""positive"": 0.11778126657009125, ""very positive"": 0.021471703425049782}","neutral,approval","{""neutral"": 0.6480686068534851, ""approval"": 0.39360511302948}","[{""label"": ""neutral"", ""score"": 0.6480686068534851}, {""label"": ""approval"", ""score"": 0.39360511302948}, {""label"": ""realization"", ""score"": 0.027473531663417816}, {""label"": ""optimism"", ""score"": 0.021502286195755005}, {""label"": ""disapproval"", ""score"": 0.013942357152700424}]",non_irony,0.6216647624969482,False,non-offensive,0.8438470363616943,False
2024-10-19,LP-IND-003,3,"Build quality is premium and lightweight. However, the charging speed is disappointingly slow.",neutral,0.09587422013282776,0.0,0.02968834770806593,"{""very negative"": 0.01736418344080448, ""neutral"": 0.09587422013282776, ""positive"": 0.03667640686035156, ""very positive"": 0.013062100857496262}",disappointment,"{""disappointment"": 0.8629612326622009}","[{""label"": ""disappointment"", ""score"": 0.8629612326622009}, {""label"": ""annoyance"", ""score"": 0.09599673002958298}, {""label"": ""neutral"", ""score"": 0.0874459445476532}, {""label"": ""disapproval"", ""score"": 0.08085344731807709}, {""label"": ""sadness"", ""score"": 0.06839059293270111}]",non_irony,0.6970096826553345,False,non-offensive,0.8291838765144348,False
2024-11-15,WM-IND-004,4,Best purchase I have made this year. Great value for money and excellent features.,positive,0.44873490929603577,0.5,0.5963910590069607,"{""very negative"": 0.028467901051044464, ""neutral"": 0.07443559914827347, ""positive"": 0.44873490929603577, ""very positive"": 0.40708863735198975}",admiration,"{""admiration"": 0.947281539440155}","[{""label"": ""admiration"", ""score"": 0.947281539440155}, {""label"": ""approval"", ""score"": 0.04991918429732323}, {""label"": ""gratitude"", ""score"": 0.017717011272907257}, {""label"": ""neutral"", ""score"": 0.016094906255602837}, {""label"": ""realization"", ""score"": 0.006029242649674416}]",non_irony,0.6735737919807434,False,non-offensive,0.953192949295044,False
2024-11-10,TB-IND-007,1,Customer service is non-existent. Been waiting 3 weeks for a response.,very negative,0.4578317105770111,-1.0,-0.579201002717572,"{""very negative"": 0.4578317105770111, ""neutral"": 0.15317650139331818, ""positive"": 0.025456801056861877, ""very positive"": 0.025456801056861877}","disappointment,annoyance","{""disappointment"": 0.5341309905052185, ""annoyance"": 0.31432658433914185}","[{""label"": ""disappointment"", ""score"": 0.5341309905052185}, {""label"": ""annoyance"", ""score"": 0.31432658433914185}, {""label"": ""neutral"", ""score"": 0.20545412600040436}, {""label"": ""disapproval"", ""score"": 0.15114009380340576}, {""label"": ""sadness"", ""score"": 0.023914506658911705}]",non_irony,0.6569333672523499,False,non-offensive,0.8544687032699585,False
2025-01-15,LP-IND-003,1,"Sehr gutes Produkt, schnelle Lieferung und tolle Qualitat. Empfehlenswert!",positive,0.5607585906982422,0.5,0.63179622013243,"{""very negative"": 0.019466347992420197, ""neutral"": 0.01999477855861187, ""positive"": 0.5607585906982422, ""very positive"": 0.3811355233192444}",neutral,"{""neutral"": 0.9314554929733276}","[{""label"": ""neutral"", ""score"": 0.9314554929733276}, {""label"": ""approval"", ""score"": 0.03372388705611229}, {""label"": ""annoyance"", ""score"": 0.009257086552679539}, {""label"": ""admiration"", ""score"": 0.006478950381278992}, {""label"": ""realization"", ""score"": 0.0048216269351542}]",non_irony,0.9127270579338074,False,non-offensive,0.7963050007820129,False
2024-11-21,HP-IND-006,5,Customer service was amazing. They resolved my query within minutes.,positive,0.6071091294288635,0.5,0.5974647468222958,"{""very negative"": 0.017765464261174202, ""neutral"": 0.03513293340802193, ""positive"": 0.6071091294288635, ""very positive"": 0.31808170676231384}",admiration,"{""admiration"": 0.9301038980484009}","[{""label"": ""admiration"", ""score"": 0.9301038980484009}, {""label"": ""approval"", ""score"": 0.06624912470579147}, {""label"": ""neutral"", ""score"": 0.026406768709421158}, {""label"": ""excitement"", ""score"": 0.022681886330246925}, {""label"": ""joy"", ""score"": 0.018670279532670975}]",irony,0.8352649807929993,True,non-offensive,0.9490030407905579,False
2024-11-19,TV-IND-001,4,Customer service was amazing. They resolved my query within minutes.,positive,0.6071091294288635,0.5,0.5974647468222958,"{""very negative"": 0.017765464261174202, ""neutral"": 0.03513293340802193, ""positive"": 0.6071091294288635, ""very positive"": 0.31808170676231384}",admiration,"{""admiration"": 0.9301038980484009}","[{""label"": ""admiration"", ""score"": 0.9301038980484009}, {""label"": ""approval"", ""score"": 0.06624912470579147}, {""label"": ""neutral"", ""score"": 0.026406768709421158}, {""label"": ""excitement"", ""score"": 0.022681886330246925}, {""label"": ""joy"", ""score"": 0.018670279532670975}]",irony,0.8352649807929993,True,non-offensive,0.9490030407905579,False
2024-12-16,TV-IND-001,4,The processor handles multitasking effortlessly. No lag whatsoever.,neutral,0.7597368359565735,0.0,0.00797338825580054,"{""very negative"": 0.045921143144369125, ""neutral"": 0.7597368359565735, ""positive"": 0.05292467027902603, ""very positive"": 0.05003025010228157}","admiration,approval,neutral","{""admiration"": 0.3868221342563629, ""approval"": 0.3720160722732544, ""neutral"": 0.3502216339111328}","[{""label"": ""admiration"", ""score"": 0.3868221342563629}, {""label"": ""approval"", ""score"": 0.3720160722732544}, {""label"": ""neutral"", ""score"": 0.3502216339111328}, {""label"": ""realization"", ""score"": 0.014902401715517044}, {""label"": ""pride"", ""score"": 0.008550484664738178}]",irony,0.5463454127311707,True,non-offensive,0.8667475581169128,False
2025-01-07,LP-IND-003,3,"Produit moyen, rien de special. Correct pour le prix.",neutral,0.5150242447853088,0.0,-0.05506495812182074,"{""very negative"": 0.06442885845899582, ""neutral"": 0.5150242447853088, ""positive"": 0.053058139979839325, ""very positive"": 0.03008083999156952}","neutral,approval","{""neutral"": 0.7311878800392151, ""approval"": 0.37109485268592834}","[{""label"": ""neutral"", ""score"": 0.7311878800392151}, {""label"": ""approval"", ""score"": 0.37109485268592834}, {""label"": ""realization"", ""score"": 0.009801529347896576}, {""label"": ""disapproval"", ""score"": 0.0073822857812047005}, {""label"": ""optimism"", ""score"": 0.0072937230579555035}]",non_irony,0.9293095469474792,False,non-offensive,0.8186534643173218,False
2024-11-14,MB-IND-002,4,"Sound quality is phenomenal, crisp highs and deep bass. Worth every penny.",positive,0.49539729952812195,0.5,0.6590491162612364,"{""very negative"": 0.019894424825906754, ""neutral"": 0.05166413262486458, ""positive"": 0.49539729952812195, ""very positive"": 0.49539729952812195}",admiration,"{""admiration"": 0.9490026235580444}","[{""label"": ""admiration"", ""score"": 0.9490026235580444}, {""label"": ""approval"", ""score"": 0.04883971065282822}, {""label"": ""neutral"", ""score"": 0.030404893681406975}, {""label"": ""gratitude"", ""score"": 0.010029646568000317}, {""label"": ""disapproval"", ""score"": 0.006704993546009064}]",non_irony,0.7751739025115967,False,non-offensive,0.8951526284217834,False
2024-12-19,TB-IND-007,5,Customer service was amazing. They resolved my query within minutes.,positive,0.6071091294288635,0.5,0.5974647468222958,"{""very negative"": 0.017765464261174202, ""neutral"": 0.03513293340802193, ""positive"": 0.6071091294288635, ""very positive"": 0.31808170676231384}",admiration,"{""admiration"": 0.9301038980484009}","[{""label"": ""admiration"", ""score"": 0.9301038980484009}, {""label"": ""approval"", ""score"": 0.06624912470579147}, {""label"": ""neutral"", ""score"": 0.026406768709421158}, {""label"": ""excitement"", ""score"": 0.022681886330246925}, {""label"": ""joy"", ""score"": 0.018670279532670975}]",irony,0.8352649807929993,True,non-offensive,0.9490030407905579,False
2024-10-07,TB-IND-007,2,"Bahut achha product hai, value for money. Camera bhi bahut accha hai.",positive,0.5882152915000916,0.5,0.4220367277463888,"{""very negative"": 0.0290150735527277, ""neutral"": 0.18226198852062225, ""positive"": 0.5882152915000916, ""very positive"": 0.1714218407869339}",neutral,"{""neutral"": 0.7110043168067932}","[{""label"": ""neutral"", ""score"": 0.7110043168067932}, {""label"": ""approval"", ""score"": 0.15353593230247498}, {""label"": ""admiration"", ""score"": 0.0266432985663414}, {""label"": ""amusement"", ""score"": 0.018048683181405067}, {""label"": ""joy"", ""score"": 0.013174094259738922}]",non_irony,0.8170913457870483,False,non-offensive,0.7812522053718567,False
2025-01-08,MB-IND-002,4,The processor handles multitasking effortlessly. No lag whatsoever.,neutral,0.7597368359565735,0.0,0.00797338825580054,"{""very negative"": 0.045921143144369125, ""neutral"": 0.7597368359565735, ""positive"": 0.05292467027902603, ""very positive"": 0.05003025010228157}","admiration,approval,neutral","{""admiration"": 0.3868221342563629, ""approval"": 0.3720160722732544, ""neutral"": 0.3502216339111328}","[{""label"": ""admiration"", ""score"": 0.3868221342563629}, {""label"": ""approval"", ""score"": 0.3720160722732544}, {""label"": ""neutral"", ""score"": 0.3502216339111328}, {""label"": ""realization"", ""score"": 0.014902401715517044}, {""label"": ""pride"", ""score"": 0.008550484664738178}]",irony,0.5463454127311707,True,non-offensive,0.8667475581169128,False
2024-11-20,LP-IND-003,4,"Durability is impressive, been using for 6 months with zero issues.",positive,0.8207300305366516,0.5,0.47055570951936276,"{""very negative"": 0.01670188084244728, ""neutral"": 0.05924329534173012, ""positive"": 0.8207300305366516, ""very positive"": 0.0840175449848175}",admiration,"{""admiration"": 0.901075005531311}","[{""label"": ""admiration"", ""score"": 0.901075005531311}, {""label"": ""approval"", ""score"": 0.09503141790628433}, {""label"": ""neutral"", ""score"": 0.046847887337207794}, {""label"": ""realization"", ""score"": 0.013351649045944214}, {""label"": ""gratitude"", ""score"": 0.0120680071413517}]",irony,0.8547757267951965,True,non-offensive,0.930757999420166,False
2025-02-23,AC-IND-005,1,Amazing how they managed to make something this expensive feel this cheap. Truly impressive engineering.,positive,0.4396990239620209,0.5,0.31582474380543,"{""very negative"": 0.1261758953332901, ""neutral"": 0.04508422315120697, ""positive"": 0.4396990239620209, ""very positive"": 0.29556727409362793}",admiration,"{""admiration"": 0.9478908181190491}","[{""label"": ""admiration"", ""score"": 0.9478908181190491}, {""label"": ""approval"", ""score"": 0.02901063673198223}, {""label"": ""neutral"", ""score"": 0.022152459248900414}, {""label"": ""excitement"", ""score"": 0.01925773359835148}, {""label"": ""surprise"", ""score"": 0.016320671886205673}]",irony,0.9598375558853149,True,non-offensive,0.8323938250541687,False
2024-12-08,RF-IND-008,3,Packaging was good but product is just average in terms of quality.,neutral,0.22643636167049408,0.0,0.02154465263355148,"{""very negative"": 0.020769914612174034, ""neutral"": 0.22643636167049408, ""positive"": 0.03994236886501312, ""very positive"": 0.018210014328360558}","disappointment,admiration","{""disappointment"": 0.35051408410072327, ""admiration"": 0.31660306453704834}","[{""label"": ""disappointment"", ""score"": 0.35051408410072327}, {""label"": ""admiration"", ""score"": 0.31660306453704834}, {""label"": ""disapproval"", ""score"": 0.20833034813404083}, {""label"": ""approval"", ""score"": 0.14557017385959625}, {""label"": ""neutral"", ""score"": 0.10623263567686081}]",non_irony,0.5526584982872009,False,non-offensive,0.8434349298477173,False
2024-12-07,AC-IND-005,5,"Screen resolution is crystal clear, perfect for streaming and gaming.",positive,0.392398476600647,0.5,0.542207413406494,"{""very negative"": 0.025593694299459457, ""neutral"": 0.16940507292747498, ""positive"": 0.392398476600647, ""very positive"": 0.38130703568458557}",approval,"{""approval"": 0.5070986747741699}","[{""label"": ""approval"", ""score"": 0.5070986747741699}, {""label"": ""neutral"", ""score"": 0.2965473234653473}, {""label"": ""admiration"", ""score"": 0.2750425338745117}, {""label"": ""realization"", ""score"": 0.009711122140288353}, {""label"": ""optimism"", ""score"": 0.009128984063863754}]",irony,0.6862936615943909,True,non-offensive,0.9093480110168457,False
2024-12-02,HP-IND-006,4,Photo quality rivals phones twice the price. Very happy with the camera.,positive,0.9200547933578491,0.5,0.4818561179793535,"{""very negative"": 0.009893827140331268, ""neutral"": 0.01960623636841774, ""positive"": 0.9200547933578491, ""very positive"": 0.03305947035551071}",joy,"{""joy"": 0.8326600790023804}","[{""label"": ""joy"", ""score"": 0.8326600790023804}, {""label"": ""admiration"", ""score"": 0.12147273868322372}, {""label"": ""approval"", ""score"": 0.08454403281211853}, {""label"": ""neutral"", ""score"": 0.041709545999765396}, {""label"": ""relief"", ""score"": 0.027668539434671402}]",non_irony,0.5060417652130127,False,non-offensive,0.9031765460968018,False
2025-01-22,AC-IND-005,1,"Oh great, another product that breaks right after warranty expires. How convenient!",very negative,0.13526460528373718,-1.0,-0.5038809908315215,"{""very negative"": 0.13526460528373718, ""neutral"": 0.01894294284284115, ""positive"": 0.02767418511211872, ""very positive"": 0.019453536719083786}",admiration,"{""admiration"": 0.8009824156761169}","[{""label"": ""admiration"", ""score"": 0.8009824156761169}, {""label"": ""approval"", ""score"": 0.10055772960186005}, {""label"": ""disappointment"", ""score"": 0.08632303029298782}, {""label"": ""realization"", ""score"": 0.04643560200929642}, {""label"": ""neutral"", ""score"": 0.027577385306358337}]",irony,0.9890222549438477,True,non-offensive,0.8594326972961426,False
2024-11-04,WM-IND-004,2,Software is buggy and crashes frequently. Needs serious updates.,very negative,0.16292156279087067,-1.0,-0.549398270482279,"{""very negative"": 0.16292156279087067, ""neutral"": 0.038247622549533844, ""positive"": 0.017066175118088722, ""very positive"": 0.017066175118088722}",annoyance,"{""annoyance"": 0.35407698154449463}","[{""label"": ""annoyance"", ""score"": 0.35407698154449463}, {""label"": ""disappointment"", ""score"": 0.2594839036464691}, {""label"": ""neutral"", ""score"": 0.24903368949890137}, {""label"": ""disapproval"", ""score"": 0.0876527801156044}, {""label"": ""approval"", ""score"": 0.08709853142499924}]",non_irony,0.9079406261444092,False,non-offensive,0.7005749940872192,False
2025-02-10,MB-IND-002,3,Decent product for the price. Nothing extraordinary but gets the job done.,positive,0.9262930154800415,0.5,0.4699002944402194,"{""very negative"": 0.008937007747590542, ""neutral"": 0.029806025326251984, ""positive"": 0.9262930154800415, ""very positive"": 0.014957997016608715}",admiration,"{""admiration"": 0.8266987204551697}","[{""label"": ""admiration"", ""score"": 0.8266987204551697}, {""label"": ""approval"", ""score"": 0.24115855991840363}, {""label"": ""neutral"", ""score"": 0.08824765682220459}, {""label"": ""realization"", ""score"": 0.015828154981136322}, {""label"": ""gratitude"", ""score"": 0.015294903889298439}]",non_irony,0.8037245869636536,False,non-offensive,0.9300389289855957,False
2024-11-17,AC-IND-005,3,Mixed feelings about this. Good hardware but software needs work.,neutral,0.3529156744480133,0.0,-0.0007012398408806531,"{""very negative"": 0.02983071096241474, ""neutral"": 0.3529156744480133, ""positive"": 0.04370034858584404, ""very positive"": 0.022560112178325653}","approval,admiration","{""approval"": 0.6612764596939087, ""admiration"": 0.3483160436153412}","[{""label"": ""approval"", ""score"": 0.6612764596939087}, {""label"": ""admiration"", ""score"": 0.3483160436153412}, {""label"": ""love"", ""score"": 0.05935299023985863}, {""label"": ""neutral"", ""score"": 0.03666551783680916}, {""label"": ""confusion"", ""score"": 0.03289495036005974}]",non_irony,0.8888905644416809,False,non-offensive,0.8927906155586243,False
2024-12-30,AC-IND-005,3,It is an acceptable product. Neither great nor terrible overall.,neutral,0.6794472932815552,0.0,0.11969010975899572,"{""very negative"": 0.021728726103901863, ""neutral"": 0.6794472932815552, ""positive"": 0.24736584722995758, ""very positive"": 0.028446754440665245}",approval,"{""approval"": 0.8612683415412903}","[{""label"": ""approval"", ""score"": 0.8612683415412903}, {""label"": ""admiration"", ""score"": 0.13370481133460999}, {""label"": ""neutral"", ""score"": 0.05180679261684418}, {""label"": ""disapproval"", ""score"": 0.02096419222652912}, {""label"": ""realization"", ""score"": 0.014821445569396019}]",non_irony,0.9514107704162598,False,non-offensive,0.8791451454162598,False
2024-10-02,TB-IND-007,4,"Fast delivery, great packaging, and the product works flawlessly.",positive,0.6741796135902405,0.5,0.5512896068214521,"{""very negative"": 0.01956154778599739, ""neutral"": 0.04252088442444801, ""positive"": 0.6741796135902405, ""very positive"": 0.24276283383369446}",admiration,"{""admiration"": 0.9123939275741577}","[{""label"": ""admiration"", ""score"": 0.9123939275741577}, {""label"": ""approval"", ""score"": 0.11531123518943787}, {""label"": ""neutral"", ""score"": 0.05167611688375473}, {""label"": ""gratitude"", ""score"": 0.016645468771457672}, {""label"": ""realization"", ""score"": 0.009102078154683113}]",irony,0.6614562273025513,True,non-offensive,0.9098259210586548,False
2024-11-25,MB-IND-002,2,Bluetooth connectivity drops every few minutes. Extremely frustrating.,very negative,0.6028462648391724,-1.0,-0.6743283178692285,"{""very negative"": 0.6028462648391724, ""neutral"": 0.050933293998241425, ""positive"": 0.02046809531748295, ""very positive"": 0.019622648134827614}",annoyance,"{""annoyance"": 0.755325436592102}","[{""label"": ""annoyance"", ""score"": 0.755325436592102}, {""label"": ""anger"", ""score"": 0.23799586296081543}, {""label"": ""neutral"", ""score"": 0.06979986280202866}, {""label"": ""disappointment"", ""score"": 0.05000713840126991}, {""label"": ""disapproval"", ""score"": 0.037070609629154205}]",irony,0.6903656721115112,True,non-offensive,0.7488885521888733,False
2024-12-08,WM-IND-004,4,"Produit moyen, rien de special. Correct pour le prix.",neutral,0.5150242447853088,0.0,-0.05506495812182074,"{""very negative"": 0.06442885845899582, ""neutral"": 0.5150242447853088, ""positive"": 0.053058139979839325, ""very positive"": 0.03008083999156952}","neutral,approval","{""neutral"": 0.7311878800392151, ""approval"": 0.37109485268592834}","[{""label"": ""neutral"", ""score"": 0.7311878800392151}, {""label"": ""approval"", ""score"": 0.37109485268592834}, {""label"": ""realization"", ""score"": 0.009801529347896576}, {""label"": ""disapproval"", ""score"": 0.0073822857812047005}, {""label"": ""optimism"", ""score"": 0.0072937230579555035}]",non_irony,0.9293095469474792,False,non-offensive,0.8186534643173218,False
2025-02-17,LP-IND-003,1,"Battery drains extremely fast, barely lasts 4 hours. Very disappointed.",very negative,0.6408287286758423,-1.0,-0.693952186917115,"{""very negative"": 0.6408287286758423, ""neutral"": 0.027352793142199516, ""positive"": 0.018346326425671577, ""very positive"": 0.01826965995132923}",disappointment,"{""disappointment"": 0.8434377312660217}","[{""label"": ""disappointment"", ""score"": 0.8434377312660217}, {""label"": ""annoyance"", ""score"": 0.10580381751060486}, {""label"": ""neutral"", ""score"": 0.10369166731834412}, {""label"": ""disapproval"", ""score"": 0.08525507897138596}, {""label"": ""sadness"", ""score"": 0.06935909390449524}]",non_irony,0.9296731352806091,False,non-offensive,0.7599592208862305,False
2025-01-25,RF-IND-008,4,Photo quality rivals phones twice the price. Very happy with the camera.,positive,0.9200547933578491,0.5,0.4818561179793535,"{""very negative"": 0.009893827140331268, ""neutral"": 0.01960623636841774, ""positive"": 0.9200547933578491, ""very positive"": 0.03305947035551071}",joy,"{""joy"": 0.8326600790023804}","[{""label"": ""joy"", ""score"": 0.8326600790023804}, {""label"": ""admiration"", ""score"": 0.12147273868322372}, {""label"": ""approval"", ""score"": 0.08454403281211853}, {""label"": ""neutral"", ""score"": 0.041709545999765396}, {""label"": ""relief"", ""score"": 0.027668539434671402}]",non_irony,0.5060417652130127,False,non-offensive,0.9031765460968018,False
2024-11-25,WM-IND-004,1,What a fantastic feature - random shutdowns keep life exciting and unpredictable!,positive,0.5706542134284973,0.5,0.649035807029748,"{""very negative"": 0.027282441034913063, ""neutral"": 0.05992436781525612, ""positive"": 0.5706542134284973, ""very positive"": 0.5706542134284973}","excitement,admiration","{""excitement"": 0.6452254056930542, ""admiration"": 0.5212389230728149}","[{""label"": ""excitement"", ""score"": 0.6452254056930542}, {""label"": ""admiration"", ""score"": 0.5212389230728149}, {""label"": ""joy"", ""score"": 0.09005238115787506}, {""label"": ""curiosity"", ""score"": 0.03715738654136658}, {""label"": ""approval"", ""score"": 0.03235604241490364}]",irony,0.9249007105827332,True,non-offensive,0.9284485578536987,False
2024-12-31,AC-IND-005,4,Absolutely love this product! The build quality is exceptional and performance exceeds expectations.,positive,0.7471796870231628,0.5,0.7025448596220167,"{""very negative"": 0.015530555509030819, ""neutral"": 0.036719899624586105, ""positive"": 0.7471796870231628, ""very positive"": 0.7471796870231628}","admiration,love","{""admiration"": 0.8205865025520325, ""love"": 0.7115253806114197}","[{""label"": ""admiration"", ""score"": 0.8205865025520325}, {""label"": ""love"", ""score"": 0.7115253806114197}, {""label"": ""approval"", ""score"": 0.04455780237913132}, {""label"": ""gratitude"", ""score"": 0.016261670738458633}, {""label"": ""optimism"", ""score"": 0.009366675280034542}]",non_irony,0.8729540109634399,False,non-offensive,0.9555073380470276,False
2024-12-18,LP-IND-003,4,"Bahut achha product hai, value for money. Camera bhi bahut accha hai.",positive,0.5882152915000916,0.5,0.4220367277463888,"{""very negative"": 0.0290150735527277, ""neutral"": 0.18226198852062225, ""positive"": 0.5882152915000916, ""very positive"": 0.1714218407869339}",neutral,"{""neutral"": 0.7110043168067932}","[{""label"": ""neutral"", ""score"": 0.7110043168067932}, {""label"": ""approval"", ""score"": 0.15353593230247498}, {""label"": ""admiration"", ""score"": 0.0266432985663414}, {""label"": ""amusement"", ""score"": 0.018048683181405067}, {""label"": ""joy"", ""score"": 0.013174094259738922}]",non_irony,0.8170913457870483,False,non-offensive,0.7812522053718567,False
2025-01-18,MB-IND-002,5,"Fast delivery, great packaging, and the product works flawlessly.",positive,0.6741796135902405,0.5,0.5512896068214521,"{""very negative"": 0.01956154778599739, ""neutral"": 0.04252088442444801, ""positive"": 0.6741796135902405, ""very positive"": 0.24276283383369446}",admiration,"{""admiration"": 0.9123939275741577}","[{""label"": ""admiration"", ""score"": 0.9123939275741577}, {""label"": ""approval"", ""score"": 0.11531123518943787}, {""label"": ""neutral"", ""score"": 0.05167611688375473}, {""label"": ""gratitude"", ""score"": 0.016645468771457672}, {""label"": ""realization"", ""score"": 0.009102078154683113}]",irony,0.6614562273025513,True,non-offensive,0.9098259210586548,False
2024-10-19,MB-IND-002,2,Overheats constantly during normal usage. Had to return it.,neutral,0.11558523774147034,0.0,-0.36611235721466906,"{""very negative"": 0.10191556066274643, ""neutral"": 0.11558523774147034, ""positive"": 0.016096526756882668, ""very positive"": 0.016096526756882668}",neutral,"{""neutral"": 0.9388406872749329}","[{""label"": ""neutral"", ""score"": 0.9388406872749329}, {""label"": ""approval"", ""score"": 0.02460838295519352}, {""label"": ""annoyance"", ""score"": 0.019031492993235588}, {""label"": ""realization"", ""score"": 0.016972018405795097}, {""label"": ""disappointment"", ""score"": 0.011426879093050957}]",non_irony,0.9186547994613647,False,non-offensive,0.881855309009552,False
2025-01-01,AC-IND-005,2,Terrible experience. Product stopped working within a week of purchase.,very negative,0.49440306425094604,-1.0,-0.6392283390705386,"{""very negative"": 0.49440306425094604, ""neutral"": 0.08719932287931442, ""positive"": 0.01936017908155918, ""very positive"": 0.01936017908155918}",sadness,"{""sadness"": 0.39730533957481384}","[{""label"": ""sadness"", ""score"": 0.39730533957481384}, {""label"": ""fear"", ""score"": 0.2838751971721649}, {""label"": ""disappointment"", ""score"": 0.2159164994955063}, {""label"": ""nervousness"", ""score"": 0.041859596967697144}, {""label"": ""annoyance"", ""score"": 0.027089202776551247}]",non_irony,0.8665359616279602,False,non-offensive,0.810444176197052,False
2024-12-21,MB-IND-002,5,Best purchase I have made this year. Great value for money and excellent features.,positive,0.44873490929603577,0.5,0.5963910590069607,"{""very negative"": 0.028467901051044464, ""neutral"": 0.07443559914827347, ""positive"": 0.44873490929603577, ""very positive"": 0.40708863735198975}",admiration,"{""admiration"": 0.947281539440155}","[{""label"": ""admiration"", ""score"": 0.947281539440155}, {""label"": ""approval"", ""score"": 0.04991918429732323}, {""label"": ""gratitude"", ""score"": 0.017717011272907257}, {""label"": ""neutral"", ""score"": 0.016094906255602837}, {""label"": ""realization"", ""score"": 0.006029242649674416}]",non_irony,0.6735737919807434,False,non-offensive,0.953192949295044,False
2024-12-18,TV-IND-001,1,Delivery was delayed by 2 weeks and the product arrived damaged.,very negative,0.2179221659898758,-1.0,-0.5323195026573361,"{""very negative"": 0.2179221659898758, ""neutral"": 0.07148028910160065, ""positive"": 0.02215690352022648, ""very positive"": 0.02215690352022648}",disappointment,"{""disappointment"": 0.6985851526260376}","[{""label"": ""disappointment"", ""score"": 0.6985851526260376}, {""label"": ""neutral"", ""score"": 0.26860493421554565}, {""label"": ""annoyance"", ""score"": 0.10525964200496674}, {""label"": ""sadness"", ""score"": 0.09905389696359634}, {""label"": ""disapproval"", ""score"": 0.036296263337135315}]",non_irony,0.7698453068733215,False,non-offensive,0.8377794027328491,False
2024-11-21,TV-IND-001,2,"Produit moyen, rien de special. Correct pour le prix.",neutral,0.5150242447853088,0.0,-0.05506495812182074,"{""very negative"": 0.06442885845899582, ""neutral"": 0.5150242447853088, ""positive"": 0.053058139979839325, ""very positive"": 0.03008083999156952}","neutral,approval","{""neutral"": 0.7311878800392151, ""approval"": 0.37109485268592834}","[{""label"": ""neutral"", ""score"": 0.7311878800392151}, {""label"": ""approval"", ""score"": 0.37109485268592834}, {""label"": ""realization"", ""score"": 0.009801529347896576}, {""label"": ""disapproval"", ""score"": 0.0073822857812047005}, {""label"": ""optimism"", ""score"": 0.0072937230579555035}]",non_irony,0.9293095469474792,False,non-offensive,0.8186534643173218,False
2025-02-21,HP-IND-006,4,Energy efficient and very quiet operation. Highly recommend!,positive,0.7586772441864014,0.5,0.5307734316802475,"{""very negative"": 0.016845209524035454, ""neutral"": 0.03081432357430458, ""positive"": 0.7586772441864014, ""very positive"": 0.17657209932804108}",admiration,"{""admiration"": 0.8203734159469604}","[{""label"": ""admiration"", ""score"": 0.8203734159469604}, {""label"": ""approval"", ""score"": 0.24129898846149445}, {""label"": ""gratitude"", ""score"": 0.08020996302366257}, {""label"": ""neutral"", ""score"": 0.031993474811315536}, {""label"": ""optimism"", ""score"": 0.015411066822707653}]",non_irony,0.5187515020370483,False,non-offensive,0.9350569248199463,False
2024-11-07,WM-IND-004,2,"The processor handles everything I throw at it, but RAM management needs improvement.",positive,0.23391316831111908,0.5,0.22180404858284788,"{""very negative"": 0.017129547894001007, ""neutral"": 0.20354090631008148, ""positive"": 0.23391316831111908, ""very positive"": 0.01717514544725418}","neutral,approval","{""neutral"": 0.46721941232681274, ""approval"": 0.32108038663864136}","[{""label"": ""neutral"", ""score"": 0.46721941232681274}, {""label"": ""approval"", ""score"": 0.32108038663864136}, {""label"": ""optimism"", ""score"": 0.11606177687644958}, {""label"": ""realization"", ""score"": 0.05067124590277672}, {""label"": ""desire"", ""score"": 0.04620461165904999}]",non_irony,0.9052064418792725,False,non-offensive,0.8036984205245972,False
2024-10-16,HP-IND-006,5,"The camera quality is outstanding, perfect for everyday photography.",positive,0.4490591287612915,0.5,0.6009954280279384,"{""very negative"": 0.025144625455141068, ""neutral"": 0.08400725573301315, ""positive"": 0.4490591287612915, ""very positive"": 0.41047510504722595}",admiration,"{""admiration"": 0.9424173831939697}","[{""label"": ""admiration"", ""score"": 0.9424173831939697}, {""label"": ""approval"", ""score"": 0.058339230716228485}, {""label"": ""neutral"", ""score"": 0.0315530002117157}, {""label"": ""gratitude"", ""score"": 0.010911427438259125}, {""label"": ""realization"", ""score"": 0.006474080961197615}]",irony,0.561927080154419,True,non-offensive,0.924063503742218,False
2024-10-21,LP-IND-003,5,The smart features are intuitive and the app integration works seamlessly.,positive,0.8389089703559875,0.5,0.49421363552263087,"{""very negative"": 0.015078968368470669, ""neutral"": 0.0321933850646019, ""positive"": 0.8389089703559875, ""very positive"": 0.09604666382074356}",approval,"{""approval"": 0.7188327312469482}","[{""label"": ""approval"", ""score"": 0.7188327312469482}, {""label"": ""neutral"", ""score"": 0.23967300355434418}, {""label"": ""admiration"", ""score"": 0.1221417710185051}, {""label"": ""realization"", ""score"": 0.02103411592543125}, {""label"": ""optimism"", ""score"": 0.010465051047503948}]",irony,0.6668115258216858,True,non-offensive,0.9256442189216614,False
2024-10-23,LP-IND-003,3,"Bahut achha product hai, value for money. Camera bhi bahut accha hai.",positive,0.5882152915000916,0.5,0.4220367277463888,"{""very negative"": 0.0290150735527277, ""neutral"": 0.18226198852062225, ""positive"": 0.5882152915000916, ""very positive"": 0.1714218407869339}",neutral,"{""neutral"": 0.7110043168067932}","[{""label"": ""neutral"", ""score"": 0.7110043168067932}, {""label"": ""approval"", ""score"": 0.15353593230247498}, {""label"": ""admiration"", ""score"": 0.0266432985663414}, {""label"": ""amusement"", ""score"": 0.018048683181405067}, {""label"": ""joy"", ""score"": 0.013174094259738922}]",non_irony,0.8170913457870483,False,non-offensive,0.7812522053718567,False
2024-11-17,RF-IND-008,5,Excellent cooling performance even during peak summer. Very satisfied.,positive,0.7707273960113525,0.5,0.5362639801740339,"{""very negative"": 0.014967979863286018, ""neutral"": 0.02442777529358864, ""positive"": 0.7707273960113525, ""very positive"": 0.17155218124389648}",admiration,"{""admiration"": 0.9331638216972351}","[{""label"": ""admiration"", ""score"": 0.9331638216972351}, {""label"": ""approval"", ""score"": 0.07154010981321335}, {""label"": ""gratitude"", ""score"": 0.04528460651636124}, {""label"": ""neutral"", ""score"": 0.019264668226242065}, {""label"": ""joy"", ""score"": 0.010110114701092243}]",non_irony,0.602388322353363,False,non-offensive,0.9177484512329102,False
2025-02-02,RF-IND-008,4,Best purchase I have made this year. Great value for money and excellent features.,positive,0.44873490929603577,0.5,0.5963910590069607,"{""very negative"": 0.028467901051044464, ""neutral"": 0.07443559914827347, ""positive"": 0.44873490929603577, ""very positive"": 0.40708863735198975}",admiration,"{""admiration"": 0.947281539440155}","[{""label"": ""admiration"", ""score"": 0.947281539440155}, {""label"": ""approval"", ""score"": 0.04991918429732323}, {""label"": ""gratitude"", ""score"": 0.017717011272907257}, {""label"": ""neutral"", ""score"": 0.016094906255602837}, {""label"": ""realization"", ""score"": 0.006029242649674416}]",non_irony,0.6735737919807434,False,non-offensive,0.953192949295044,False
2024-10-06,WM-IND-004,5,"The camera quality is outstanding, perfect for everyday photography.",positive,0.4490591287612915,0.5,0.6009954280279384,"{""very negative"": 0.025144625455141068, ""neutral"": 0.08400725573301315, ""positive"": 0.4490591287612915, ""very positive"": 0.41047510504722595}",admiration,"{""admiration"": 0.9424173831939697}","[{""label"": ""admiration"", ""score"": 0.9424173831939697}, {""label"": ""approval"", ""score"": 0.058339230716228485}, {""label"": ""neutral"", ""score"": 0.0315530002117157}, {""label"": ""gratitude"", ""score"": 0.010911427438259125}, {""label"": ""realization"", ""score"": 0.006474080961197615}]",irony,0.561927080154419,True,non-offensive,0.924063503742218,False
2024-11-01,LP-IND-003,5,"Fast delivery, great packaging, and the product works flawlessly.",positive,0.6741796135902405,0.5,0.5512896068214521,"{""very negative"": 0.01956154778599739, ""neutral"": 0.04252088442444801, ""positive"": 0.6741796135902405, ""very positive"": 0.24276283383369446}",admiration,"{""admiration"": 0.9123939275741577}","[{""label"": ""admiration"", ""score"": 0.9123939275741577}, {""label"": ""approval"", ""score"": 0.11531123518943787}, {""label"": ""neutral"", ""score"": 0.05167611688375473}, {""label"": ""gratitude"", ""score"": 0.016645468771457672}, {""label"": ""realization"", ""score"": 0.009102078154683113}]",irony,0.6614562273025513,True,non-offensive,0.9098259210586548,False
2024-11-14,TB-IND-007,4,"Lightweight and portable, perfect for travel and daily commute.",positive,0.5174983143806458,0.5,0.5698038134424869,"{""very negative"": 0.023364251479506493, ""neutral"": 0.08838778734207153, ""positive"": 0.5174983143806458, ""very positive"": 0.3443998694419861}","approval,neutral","{""approval"": 0.5351202487945557, ""neutral"": 0.32617780566215515}","[{""label"": ""approval"", ""score"": 0.5351202487945557}, {""label"": ""neutral"", ""score"": 0.32617780566215515}, {""label"": ""admiration"", ""score"": 0.16927553713321686}, {""label"": ""optimism"", ""score"": 0.009668011218309402}, {""label"": ""realization"", ""score"": 0.009552353993058205}]",non_irony,0.8543041348457336,False,non-offensive,0.9002076983451843,False
2024-11-07,RF-IND-008,2,The battery dies faster than my enthusiasm for this brand. Remarkable achievement!,positive,0.7221293449401855,0.5,0.7025799770686348,"{""very negative"": 0.0158077459782362, ""neutral"": 0.03211413696408272, ""positive"": 0.7221293449401855, ""very positive"": 0.7221293449401855}",admiration,"{""admiration"": 0.9155632853507996}","[{""label"": ""admiration"", ""score"": 0.9155632853507996}, {""label"": ""approval"", ""score"": 0.058518778532743454}, {""label"": ""excitement"", ""score"": 0.057543788105249405}, {""label"": ""neutral"", ""score"": 0.024362027645111084}, {""label"": ""surprise"", ""score"": 0.020907849073410034}]",irony,0.943659245967865,True,non-offensive,0.8459072709083557,False
2024-11-15,HP-IND-006,3,Mixed feelings about this. Good hardware but software needs work.,neutral,0.3529156744480133,0.0,-0.0007012398408806531,"{""very negative"": 0.02983071096241474, ""neutral"": 0.3529156744480133, ""positive"": 0.04370034858584404, ""very positive"": 0.022560112178325653}","approval,admiration","{""approval"": 0.6612764596939087, ""admiration"": 0.3483160436153412}","[{""label"": ""approval"", ""score"": 0.6612764596939087}, {""label"": ""admiration"", ""score"": 0.3483160436153412}, {""label"": ""love"", ""score"": 0.05935299023985863}, {""label"": ""neutral"", ""score"": 0.03666551783680916}, {""label"": ""confusion"", ""score"": 0.03289495036005974}]",non_irony,0.8888905644416809,False,non-offensive,0.8927906155586243,False
2024-11-06,TB-IND-007,2,"Very noisy operation, you can hear it from across the room.",very negative,0.2273368090391159,-1.0,-0.5590371333032957,"{""very negative"": 0.2273368090391159, ""neutral"": 0.040130890905857086, ""positive"": 0.03464279696345329, ""very positive"": 0.01776937209069729}","neutral,annoyance,disgust","{""neutral"": 0.20088286697864532, ""annoyance"": 0.18471433222293854, ""disgust"": 0.029139941558241844}","[{""label"": ""neutral"", ""score"": 0.20088286697864532}, {""label"": ""annoyance"", ""score"": 0.18471433222293854}, {""label"": ""disgust"", ""score"": 0.029139941558241844}, {""label"": ""approval"", ""score"": 0.024515606462955475}, {""label"": ""anger"", ""score"": 0.023660719394683838}]",irony,0.5849149227142334,True,non-offensive,0.7706944346427917,False
2025-03-06,WM-IND-004,4,Absolutely love this product! The build quality is exceptional and performance exceeds expectations.,positive,0.7471796870231628,0.5,0.7025448596220167,"{""very negative"": 0.015530555509030819, ""neutral"": 0.036719899624586105, ""positive"": 0.7471796870231628, ""very positive"": 0.7471796870231628}","admiration,love","{""admiration"": 0.8205865025520325, ""love"": 0.7115253806114197}","[{""label"": ""admiration"", ""score"": 0.8205865025520325}, {""label"": ""love"", ""score"": 0.7115253806114197}, {""label"": ""approval"", ""score"": 0.04455780237913132}, {""label"": ""gratitude"", ""score"": 0.016261670738458633}, {""label"": ""optimism"", ""score"": 0.009366675280034542}]",non_irony,0.8729540109634399,False,non-offensive,0.9555073380470276,False
2024-11-14,TV-IND-001,4,Picture quality is cinema-grade but the smart TV interface is sluggish and outdated.,neutral,0.11210909485816956,0.0,-0.3432767988114281,"{""very negative"": 0.09767726063728333, ""neutral"": 0.11210909485816956, ""positive"": 0.01873759925365448, ""very positive"": 0.01873759925365448}","disappointment,neutral","{""disappointment"": 0.4849526882171631, ""neutral"": 0.30056726932525635}","[{""label"": ""disappointment"", ""score"": 0.4849526882171631}, {""label"": ""neutral"", ""score"": 0.30056726932525635}, {""label"": ""annoyance"", ""score"": 0.28581249713897705}, {""label"": ""disapproval"", ""score"": 0.16970854997634888}, {""label"": ""realization"", ""score"": 0.04120287299156189}]",non_irony,0.5747299194335938,False,non-offensive,0.7664331793785095,False
2025-01-04,LP-IND-003,2,Sound quality is tinny and distorted at higher volumes. Not acceptable.,very negative,0.12479760497808456,-1.0,-0.493778516965209,"{""very negative"": 0.12479760497808456, ""neutral"": 0.04836035519838333, ""positive"": 0.01610911823809147, ""very positive"": 0.01610911823809147}",disapproval,"{""disapproval"": 0.7381646633148193}","[{""label"": ""disapproval"", ""score"": 0.7381646633148193}, {""label"": ""annoyance"", ""score"": 0.21084058284759521}, {""label"": ""neutral"", ""score"": 0.112130306661129}, {""label"": ""disappointment"", ""score"": 0.06412441283464432}, {""label"": ""approval"", ""score"": 0.023751674219965935}]",non_irony,0.9257212281227112,False,non-offensive,0.7237016558647156,False
2024-11-18,AC-IND-005,1,"Installation was a nightmare, instructions were completely wrong.",very negative,0.7697422504425049,-1.0,-0.6977894863586905,"{""very negative"": 0.7697422504425049, ""neutral"": 0.036633219569921494, ""positive"": 0.020193949341773987, ""very positive"": 0.01803928054869175}",disapproval,"{""disapproval"": 0.3163321614265442}","[{""label"": ""disapproval"", ""score"": 0.3163321614265442}, {""label"": ""annoyance"", ""score"": 0.24686093628406525}, {""label"": ""disappointment"", ""score"": 0.15440554916858673}, {""label"": ""neutral"", ""score"": 0.06965956091880798}, {""label"": ""fear"", ""score"": 0.04962696135044098}]",non_irony,0.7851060032844543,False,non-offensive,0.6006593704223633,False
2024-12-24,RF-IND-008,4,"Noise cancellation is top-notch, blocks out everything around you.",positive,0.6977988481521606,0.5,0.5301263708619881,"{""very negative"": 0.018256666138768196, ""neutral"": 0.04996884986758232, ""positive"": 0.6977988481521606, ""very positive"": 0.20059357583522797}",neutral,"{""neutral"": 0.8535012602806091}","[{""label"": ""neutral"", ""score"": 0.8535012602806091}, {""label"": ""approval"", ""score"": 0.07272456586360931}, {""label"": ""annoyance"", ""score"": 0.035694435238838196}, {""label"": ""admiration"", ""score"": 0.030761508271098137}, {""label"": ""disapproval"", ""score"": 0.014540402218699455}]",irony,0.8790774345397949,True,non-offensive,0.7939949035644531,False
2025-01-17,AC-IND-005,1,The battery dies faster than my enthusiasm for this brand. Remarkable achievement!,positive,0.7221293449401855,0.5,0.7025799770686348,"{""very negative"": 0.0158077459782362, ""neutral"": 0.03211413696408272, ""positive"": 0.7221293449401855, ""very positive"": 0.7221293449401855}",admiration,"{""admiration"": 0.9155632853507996}","[{""label"": ""admiration"", ""score"": 0.9155632853507996}, {""label"": ""approval"", ""score"": 0.058518778532743454}, {""label"": ""excitement"", ""score"": 0.057543788105249405}, {""label"": ""neutral"", ""score"": 0.024362027645111084}, {""label"": ""surprise"", ""score"": 0.020907849073410034}]",irony,0.943659245967865,True,non-offensive,0.8459072709083557,False
2025-01-06,LP-IND-003,4,"Noise cancellation is top-notch, blocks out everything around you.",positive,0.6977988481521606,0.5,0.5301263708619881,"{""very negative"": 0.018256666138768196, ""neutral"": 0.04996884986758232, ""positive"": 0.6977988481521606, ""very positive"": 0.20059357583522797}",neutral,"{""neutral"": 0.8535012602806091}","[{""label"": ""neutral"", ""score"": 0.8535012602806091}, {""label"": ""approval"", ""score"": 0.07272456586360931}, {""label"": ""annoyance"", ""score"": 0.035694435238838196}, {""label"": ""admiration"", ""score"": 0.030761508271098137}, {""label"": ""disapproval"", ""score"": 0.014540402218699455}]",irony,0.8790774345397949,True,non-offensive,0.7939949035644531,False
2025-01-12,LP-IND-003,1,What a fantastic feature - random shutdowns keep life exciting and unpredictable!,positive,0.5706542134284973,0.5,0.649035807029748,"{""very negative"": 0.027282441034913063, ""neutral"": 0.05992436781525612, ""positive"": 0.5706542134284973, ""very positive"": 0.5706542134284973}","excitement,admiration","{""excitement"": 0.6452254056930542, ""admiration"": 0.5212389230728149}","[{""label"": ""excitement"", ""score"": 0.6452254056930542}, {""label"": ""admiration"", ""score"": 0.5212389230728149}, {""label"": ""joy"", ""score"": 0.09005238115787506}, {""label"": ""curiosity"", ""score"": 0.03715738654136658}, {""label"": ""approval"", ""score"": 0.03235604241490364}]",irony,0.9249007105827332,True,non-offensive,0.9284485578536987,False
2024-10-31,MB-IND-002,5,"Noise cancellation is top-notch, blocks out everything around you.",positive,0.6977988481521606,0.5,0.5301263708619881,"{""very negative"": 0.018256666138768196, ""neutral"": 0.04996884986758232, ""positive"": 0.6977988481521606, ""very positive"": 0.20059357583522797}",neutral,"{""neutral"": 0.8535012602806091}","[{""label"": ""neutral"", ""score"": 0.8535012602806091}, {""label"": ""approval"", ""score"": 0.07272456586360931}, {""label"": ""annoyance"", ""score"": 0.035694435238838196}, {""label"": ""admiration"", ""score"": 0.030761508271098137}, {""label"": ""disapproval"", ""score"": 0.014540402218699455}]",irony,0.8790774345397949,True,non-offensive,0.7939949035644531,False
2024-12-22,TB-IND-007,5,Customer service was amazing. They resolved my query within minutes.,positive,0.6071091294288635,0.5,0.5974647468222958,"{""very negative"": 0.017765464261174202, ""neutral"": 0.03513293340802193, ""positive"": 0.6071091294288635, ""very positive"": 0.31808170676231384}",admiration,"{""admiration"": 0.9301038980484009}","[{""label"": ""admiration"", ""score"": 0.9301038980484009}, {""label"": ""approval"", ""score"": 0.06624912470579147}, {""label"": ""neutral"", ""score"": 0.026406768709421158}, {""label"": ""excitement"", ""score"": 0.022681886330246925}, {""label"": ""joy"", ""score"": 0.018670279532670975}]",irony,0.8352649807929993,True,non-offensive,0.9490030407905579,False
2025-03-12,LP-IND-003,5,"Screen resolution is crystal clear, perfect for streaming and gaming.",positive,0.392398476600647,0.5,0.542207413406494,"{""very negative"": 0.025593694299459457, ""neutral"": 0.16940507292747498, ""positive"": 0.392398476600647, ""very positive"": 0.38130703568458557}",approval,"{""approval"": 0.5070986747741699}","[{""label"": ""approval"", ""score"": 0.5070986747741699}, {""label"": ""neutral"", ""score"": 0.2965473234653473}, {""label"": ""admiration"", ""score"": 0.2750425338745117}, {""label"": ""realization"", ""score"": 0.009711122140288353}, {""label"": ""optimism"", ""score"": 0.009128984063863754}]",irony,0.6862936615943909,True,non-offensive,0.9093480110168457,False
2025-02-03,MB-IND-002,3,It is an acceptable product. Neither great nor terrible overall.,neutral,0.6794472932815552,0.0,0.11969010975899572,"{""very negative"": 0.021728726103901863, ""neutral"": 0.6794472932815552, ""positive"": 0.24736584722995758, ""very positive"": 0.028446754440665245}",approval,"{""approval"": 0.8612683415412903}","[{""label"": ""approval"", ""score"": 0.8612683415412903}, {""label"": ""admiration"", ""score"": 0.13370481133460999}, {""label"": ""neutral"", ""score"": 0.05180679261684418}, {""label"": ""disapproval"", ""score"": 0.02096419222652912}, {""label"": ""realization"", ""score"": 0.014821445569396019}]",non_irony,0.9514107704162598,False,non-offensive,0.8791451454162598,False
2024-11-19,RF-IND-008,5,"Excelente producto, muy buena calidad y buen precio. Totalmente recomendado.",positive,0.5041067004203796,0.5,0.6816197815857253,"{""very negative"": 0.020635204389691353, ""neutral"": 0.014463076367974281, ""positive"": 0.5041067004203796, ""very positive"": 0.5041067004203796}",neutral,"{""neutral"": 0.6544529795646667}","[{""label"": ""neutral"", ""score"": 0.6544529795646667}, {""label"": ""admiration"", ""score"": 0.23028439283370972}, {""label"": ""approval"", ""score"": 0.12289128452539444}, {""label"": ""disapproval"", ""score"": 0.007028191816061735}, {""label"": ""realization"", ""score"": 0.0057449983432888985}]",non_irony,0.9285407662391663,False,non-offensive,0.7380510568618774,False
2025-02-23,LP-IND-003,5,"Durability is impressive, been using for 6 months with zero issues.",positive,0.8207300305366516,0.5,0.47055570951936276,"{""very negative"": 0.01670188084244728, ""neutral"": 0.05924329534173012, ""positive"": 0.8207300305366516, ""very positive"": 0.0840175449848175}",admiration,"{""admiration"": 0.901075005531311}","[{""label"": ""admiration"", ""score"": 0.901075005531311}, {""label"": ""approval"", ""score"": 0.09503141790628433}, {""label"": ""neutral"", ""score"": 0.046847887337207794}, {""label"": ""realization"", ""score"": 0.013351649045944214}, {""label"": ""gratitude"", ""score"": 0.0120680071413517}]",irony,0.8547757267951965,True,non-offensive,0.930757999420166,False
2024-10-09,WM-IND-004,3,It is an acceptable product. Neither great nor terrible overall.,neutral,0.6794472932815552,0.0,0.11969010975899572,"{""very negative"": 0.021728726103901863, ""neutral"": 0.6794472932815552, ""positive"": 0.24736584722995758, ""very positive"": 0.028446754440665245}",approval,"{""approval"": 0.8612683415412903}","[{""label"": ""approval"", ""score"": 0.8612683415412903}, {""label"": ""admiration"", ""score"": 0.13370481133460999}, {""label"": ""neutral"", ""score"": 0.05180679261684418}, {""label"": ""disapproval"", ""score"": 0.02096419222652912}, {""label"": ""realization"", ""score"": 0.014821445569396019}]",non_irony,0.9514107704162598,False,non-offensive,0.8791451454162598,False
2025-03-12,AC-IND-005,3,Decent product for the price. Nothing extraordinary but gets the job done.,positive,0.9262930154800415,0.5,0.4699002944402194,"{""very negative"": 0.008937007747590542, ""neutral"": 0.029806025326251984, ""positive"": 0.9262930154800415, ""very positive"": 0.014957997016608715}",admiration,"{""admiration"": 0.8266987204551697}","[{""label"": ""admiration"", ""score"": 0.8266987204551697}, {""label"": ""approval"", ""score"": 0.24115855991840363}, {""label"": ""neutral"", ""score"": 0.08824765682220459}, {""label"": ""realization"", ""score"": 0.015828154981136322}, {""label"": ""gratitude"", ""score"": 0.015294903889298439}]",non_irony,0.8037245869636536,False,non-offensive,0.9300389289855957,False
2024-10-20,LP-IND-003,2,Love the display and design but the speaker quality is terrible and overheats during gaming.,very negative,0.3773541748523712,-1.0,-0.6110164372537351,"{""very negative"": 0.3773541748523712, ""neutral"": 0.08313998579978943, ""positive"": 0.019871970638632774, ""very positive"": 0.019871970638632774}","love,disgust","{""love"": 0.410555899143219, ""disgust"": 0.3163873255252838}","[{""label"": ""love"", ""score"": 0.410555899143219}, {""label"": ""disgust"", ""score"": 0.3163873255252838}, {""label"": ""admiration"", ""score"": 0.14251857995986938}, {""label"": ""disappointment"", ""score"": 0.14123332500457764}, {""label"": ""annoyance"", ""score"": 0.09878356009721756}]",non_irony,0.6289689540863037,False,non-offensive,0.7254443764686584,False
2025-01-04,AC-IND-005,4,"Noise cancellation is top-notch, blocks out everything around you.",positive,0.6977988481521606,0.5,0.5301263708619881,"{""very negative"": 0.018256666138768196, ""neutral"": 0.04996884986758232, ""positive"": 0.6977988481521606, ""very positive"": 0.20059357583522797}",neutral,"{""neutral"": 0.8535012602806091}","[{""label"": ""neutral"", ""score"": 0.8535012602806091}, {""label"": ""approval"", ""score"": 0.07272456586360931}, {""label"": ""annoyance"", ""score"": 0.035694435238838196}, {""label"": ""admiration"", ""score"": 0.030761508271098137}, {""label"": ""disapproval"", ""score"": 0.014540402218699455}]",irony,0.8790774345397949,True,non-offensive,0.7939949035644531,False
2024-11-22,RF-IND-008,1,The promised features do not work as advertised. False marketing.,very negative,0.11003702878952026,-1.0,-0.4876406735014096,"{""very negative"": 0.11003702878952026, ""neutral"": 0.03954793140292168, ""positive"": 0.016627198085188866, ""very positive"": 0.014809762127697468}",disapproval,"{""disapproval"": 0.7108097076416016}","[{""label"": ""disapproval"", ""score"": 0.7108097076416016}, {""label"": ""disappointment"", ""score"": 0.235524520277977}, {""label"": ""annoyance"", ""score"": 0.2101682424545288}, {""label"": ""neutral"", ""score"": 0.11439910531044006}, {""label"": ""anger"", ""score"": 0.018257828429341316}]",irony,0.5804412961006165,True,non-offensive,0.8188140392303467,False
2024-12-05,MB-IND-002,2,Customer service is non-existent. Been waiting 3 weeks for a response.,very negative,0.4578317105770111,-1.0,-0.579201002717572,"{""very negative"": 0.4578317105770111, ""neutral"": 0.15317650139331818, ""positive"": 0.025456801056861877, ""very positive"": 0.025456801056861877}","disappointment,annoyance","{""disappointment"": 0.5341309905052185, ""annoyance"": 0.31432658433914185}","[{""label"": ""disappointment"", ""score"": 0.5341309905052185}, {""label"": ""annoyance"", ""score"": 0.31432658433914185}, {""label"": ""neutral"", ""score"": 0.20545412600040436}, {""label"": ""disapproval"", ""score"": 0.15114009380340576}, {""label"": ""sadness"", ""score"": 0.023914506658911705}]",non_irony,0.6569333672523499,False,non-offensive,0.8544687032699585,False
2025-03-01,WM-IND-004,2,Build quality is cheap and flimsy. Does not feel worth the price at all.,very negative,0.14990851283073425,-1.0,-0.560529625903086,"{""very negative"": 0.14990851283073425, ""neutral"": 0.028574587777256966, ""positive"": 0.015562235377728939, ""very positive"": 0.015562235377728939}",disapproval,"{""disapproval"": 0.5688949823379517}","[{""label"": ""disapproval"", ""score"": 0.5688949823379517}, {""label"": ""annoyance"", ""score"": 0.26531776785850525}, {""label"": ""disappointment"", ""score"": 0.19667105376720428}, {""label"": ""neutral"", ""score"": 0.17501303553581238}, {""label"": ""approval"", ""score"": 0.019899286329746246}]",non_irony,0.9473848938941956,False,non-offensive,0.6788666248321533,False
2024-11-11,TB-IND-007,1,Software is buggy and crashes frequently. Needs serious updates.,very negative,0.16292156279087067,-1.0,-0.549398270482279,"{""very negative"": 0.16292156279087067, ""neutral"": 0.038247622549533844, ""positive"": 0.017066175118088722, ""very positive"": 0.017066175118088722}",annoyance,"{""annoyance"": 0.35407698154449463}","[{""label"": ""annoyance"", ""score"": 0.35407698154449463}, {""label"": ""disappointment"", ""score"": 0.2594839036464691}, {""label"": ""neutral"", ""score"": 0.24903368949890137}, {""label"": ""disapproval"", ""score"": 0.0876527801156044}, {""label"": ""approval"", ""score"": 0.08709853142499924}]",non_irony,0.9079406261444092,False,non-offensive,0.7005749940872192,False
2024-11-10,AC-IND-005,3,Decent product for the price. Nothing extraordinary but gets the job done.,positive,0.9262930154800415,0.5,0.4699002944402194,"{""very negative"": 0.008937007747590542, ""neutral"": 0.029806025326251984, ""positive"": 0.9262930154800415, ""very positive"": 0.014957997016608715}",admiration,"{""admiration"": 0.8266987204551697}","[{""label"": ""admiration"", ""score"": 0.8266987204551697}, {""label"": ""approval"", ""score"": 0.24115855991840363}, {""label"": ""neutral"", ""score"": 0.08824765682220459}, {""label"": ""realization"", ""score"": 0.015828154981136322}, {""label"": ""gratitude"", ""score"": 0.015294903889298439}]",non_irony,0.8037245869636536,False,non-offensive,0.9300389289855957,False
2024-10-12,RF-IND-008,3,"Average performance. Some features are good, others need improvement.",positive,0.61644446849823,0.5,0.34826672452702356,"{""very negative"": 0.025447191670536995, ""neutral"": 0.1476220041513443, ""positive"": 0.61644446849823, ""very positive"": 0.021131806075572968}","approval,admiration","{""approval"": 0.6711743474006653, ""admiration"": 0.3304252624511719}","[{""label"": ""approval"", ""score"": 0.6711743474006653}, {""label"": ""admiration"", ""score"": 0.3304252624511719}, {""label"": ""neutral"", ""score"": 0.1314345896244049}, {""label"": ""optimism"", ""score"": 0.0660710483789444}, {""label"": ""realization"", ""score"": 0.028510229662060738}]",non_irony,0.9071303606033325,False,non-offensive,0.930716335773468,False
2025-01-02,LP-IND-003,2,"Installation was a nightmare, instructions were completely wrong.",very negative,0.7697422504425049,-1.0,-0.6977894863586905,"{""very negative"": 0.7697422504425049, ""neutral"": 0.036633219569921494, ""positive"": 0.020193949341773987, ""very positive"": 0.01803928054869175}",disapproval,"{""disapproval"": 0.3163321614265442}","[{""label"": ""disapproval"", ""score"": 0.3163321614265442}, {""label"": ""annoyance"", ""score"": 0.24686093628406525}, {""label"": ""disappointment"", ""score"": 0.15440554916858673}, {""label"": ""neutral"", ""score"": 0.06965956091880798}, {""label"": ""fear"", ""score"": 0.04962696135044098}]",non_irony,0.7851060032844543,False,non-offensive,0.6006593704223633,False
2025-02-20,RF-IND-008,4,Customer service was amazing. They resolved my query within minutes.,positive,0.6071091294288635,0.5,0.5974647468222958,"{""very negative"": 0.017765464261174202, ""neutral"": 0.03513293340802193, ""positive"": 0.6071091294288635, ""very positive"": 0.31808170676231384}",admiration,"{""admiration"": 0.9301038980484009}","[{""label"": ""admiration"", ""score"": 0.9301038980484009}, {""label"": ""approval"", ""score"": 0.06624912470579147}, {""label"": ""neutral"", ""score"": 0.026406768709421158}, {""label"": ""excitement"", ""score"": 0.022681886330246925}, {""label"": ""joy"", ""score"": 0.018670279532670975}]",irony,0.8352649807929993,True,non-offensive,0.9490030407905579,False
2024-10-31,RF-IND-008,5,Best purchase I have made this year. Great value for money and excellent features.,positive,0.44873490929603577,0.5,0.5963910590069607,"{""very negative"": 0.028467901051044464, ""neutral"": 0.07443559914827347, ""positive"": 0.44873490929603577, ""very positive"": 0.40708863735198975}",admiration,"{""admiration"": 0.947281539440155}","[{""label"": ""admiration"", ""score"": 0.947281539440155}, {""label"": ""approval"", ""score"": 0.04991918429732323}, {""label"": ""gratitude"", ""score"": 0.017717011272907257}, {""label"": ""neutral"", ""score"": 0.016094906255602837}, {""label"": ""realization"", ""score"": 0.006029242649674416}]",non_irony,0.6735737919807434,False,non-offensive,0.953192949295044,False
2025-01-11,TB-IND-007,5,Best purchase I have made this year. Great value for money and excellent features.,positive,0.44873490929603577,0.5,0.5963910590069607,"{""very negative"": 0.028467901051044464, ""neutral"": 0.07443559914827347, ""positive"": 0.44873490929603577, ""very positive"": 0.40708863735198975}",admiration,"{""admiration"": 0.947281539440155}","[{""label"": ""admiration"", ""score"": 0.947281539440155}, {""label"": ""approval"", ""score"": 0.04991918429732323}, {""label"": ""gratitude"", ""score"": 0.017717011272907257}, {""label"": ""neutral"", ""score"": 0.016094906255602837}, {""label"": ""realization"", ""score"": 0.006029242649674416}]",non_irony,0.6735737919807434,False,non-offensive,0.953192949295044,False
2024-12-05,TV-IND-001,2,"Installation was a nightmare, instructions were completely wrong.",very negative,0.7697422504425049,-1.0,-0.6977894863586905,"{""very negative"": 0.7697422504425049, ""neutral"": 0.036633219569921494, ""positive"": 0.020193949341773987, ""very positive"": 0.01803928054869175}",disapproval,"{""disapproval"": 0.3163321614265442}","[{""label"": ""disapproval"", ""score"": 0.3163321614265442}, {""label"": ""annoyance"", ""score"": 0.24686093628406525}, {""label"": ""disappointment"", ""score"": 0.15440554916858673}, {""label"": ""neutral"", ""score"": 0.06965956091880798}, {""label"": ""fear"", ""score"": 0.04962696135044098}]",non_irony,0.7851060032844543,False,non-offensive,0.6006593704223633,False
2025-03-04,TB-IND-007,5,The processor handles multitasking effortlessly. No lag whatsoever.,neutral,0.7597368359565735,0.0,0.00797338825580054,"{""very negative"": 0.045921143144369125, ""neutral"": 0.7597368359565735, ""positive"": 0.05292467027902603, ""very positive"": 0.05003025010228157}","admiration,approval,neutral","{""admiration"": 0.3868221342563629, ""approval"": 0.3720160722732544, ""neutral"": 0.3502216339111328}","[{""label"": ""admiration"", ""score"": 0.3868221342563629}, {""label"": ""approval"", ""score"": 0.3720160722732544}, {""label"": ""neutral"", ""score"": 0.3502216339111328}, {""label"": ""realization"", ""score"": 0.014902401715517044}, {""label"": ""pride"", ""score"": 0.008550484664738178}]",irony,0.5463454127311707,True,non-offensive,0.8667475581169128,False
2025-01-10,TV-IND-001,5,The processor handles multitasking effortlessly. No lag whatsoever.,neutral,0.7597368359565735,0.0,0.00797338825580054,"{""very negative"": 0.045921143144369125, ""neutral"": 0.7597368359565735, ""positive"": 0.05292467027902603, ""very positive"": 0.05003025010228157}","admiration,approval,neutral","{""admiration"": 0.3868221342563629, ""approval"": 0.3720160722732544, ""neutral"": 0.3502216339111328}","[{""label"": ""admiration"", ""score"": 0.3868221342563629}, {""label"": ""approval"", ""score"": 0.3720160722732544}, {""label"": ""neutral"", ""score"": 0.3502216339111328}, {""label"": ""realization"", ""score"": 0.014902401715517044}, {""label"": ""pride"", ""score"": 0.008550484664738178}]",irony,0.5463454127311707,True,non-offensive,0.8667475581169128,False
2024-11-03,LP-IND-003,5,The processor handles multitasking effortlessly. No lag whatsoever.,neutral,0.7597368359565735,0.0,0.00797338825580054,"{""very negative"": 0.045921143144369125, ""neutral"": 0.7597368359565735, ""positive"": 0.05292467027902603, ""very positive"": 0.05003025010228157}","admiration,approval,neutral","{""admiration"": 0.3868221342563629, ""approval"": 0.3720160722732544, ""neutral"": 0.3502216339111328}","[{""label"": ""admiration"", ""score"": 0.3868221342563629}, {""label"": ""approval"", ""score"": 0.3720160722732544}, {""label"": ""neutral"", ""score"": 0.3502216339111328}, {""label"": ""realization"", ""score"": 0.014902401715517044}, {""label"": ""pride"", ""score"": 0.008550484664738178}]",irony,0.5463454127311707,True,non-offensive,0.8667475581169128,False
2024-12-03,HP-IND-006,1,Sound quality is tinny and distorted at higher volumes. Not acceptable.,very negative,0.12479760497808456,-1.0,-0.493778516965209,"{""very negative"": 0.12479760497808456, ""neutral"": 0.04836035519838333, ""positive"": 0.01610911823809147, ""very positive"": 0.01610911823809147}",disapproval,"{""disapproval"": 0.7381646633148193}","[{""label"": ""disapproval"", ""score"": 0.7381646633148193}, {""label"": ""annoyance"", ""score"": 0.21084058284759521}, {""label"": ""neutral"", ""score"": 0.112130306661129}, {""label"": ""disappointment"", ""score"": 0.06412441283464432}, {""label"": ""approval"", ""score"": 0.023751674219965935}]",non_irony,0.9257212281227112,False,non-offensive,0.7237016558647156,False
2025-02-11,WM-IND-004,5,Photo quality rivals phones twice the price. Very happy with the camera.,positive,0.9200547933578491,0.5,0.4818561179793535,"{""very negative"": 0.009893827140331268, ""neutral"": 0.01960623636841774, ""positive"": 0.9200547933578491, ""very positive"": 0.03305947035551071}",joy,"{""joy"": 0.8326600790023804}","[{""label"": ""joy"", ""score"": 0.8326600790023804}, {""label"": ""admiration"", ""score"": 0.12147273868322372}, {""label"": ""approval"", ""score"": 0.08454403281211853}, {""label"": ""neutral"", ""score"": 0.041709545999765396}, {""label"": ""relief"", ""score"": 0.027668539434671402}]",non_irony,0.5060417652130127,False,non-offensive,0.9031765460968018,False
2025-02-16,HP-IND-006,2,The display has dead pixels and color accuracy is way off.,very negative,0.25316378474235535,-1.0,-0.5860613671830489,"{""very negative"": 0.25316378474235535, ""neutral"": 0.05497826635837555, ""positive"": 0.019282788038253784, ""very positive"": 0.01881624571979046}","disapproval,disappointment","{""disapproval"": 0.385021835565567, ""disappointment"": 0.37208980321884155}","[{""label"": ""disapproval"", ""score"": 0.385021835565567}, {""label"": ""disappointment"", ""score"": 0.37208980321884155}, {""label"": ""neutral"", ""score"": 0.2807086706161499}, {""label"": ""annoyance"", ""score"": 0.21509088575839996}, {""label"": ""realization"", ""score"": 0.022136112675070763}]",non_irony,0.8182896375656128,False,non-offensive,0.7423754334449768,False
2024-11-28,TV-IND-001,5,"The camera quality is outstanding, perfect for everyday photography.",positive,0.4490591287612915,0.5,0.6009954280279384,"{""very negative"": 0.025144625455141068, ""neutral"": 0.08400725573301315, ""positive"": 0.4490591287612915, ""very positive"": 0.41047510504722595}",admiration,"{""admiration"": 0.9424173831939697}","[{""label"": ""admiration"", ""score"": 0.9424173831939697}, {""label"": ""approval"", ""score"": 0.058339230716228485}, {""label"": ""neutral"", ""score"": 0.0315530002117157}, {""label"": ""gratitude"", ""score"": 0.010911427438259125}, {""label"": ""realization"", ""score"": 0.006474080961197615}]",irony,0.561927080154419,True,non-offensive,0.924063503742218,False
2025-01-30,RF-IND-008,2,The promised features do not work as advertised. False marketing.,very negative,0.11003702878952026,-1.0,-0.4876406735014096,"{""very negative"": 0.11003702878952026, ""neutral"": 0.03954793140292168, ""positive"": 0.016627198085188866, ""very positive"": 0.014809762127697468}",disapproval,"{""disapproval"": 0.7108097076416016}","[{""label"": ""disapproval"", ""score"": 0.7108097076416016}, {""label"": ""disappointment"", ""score"": 0.235524520277977}, {""label"": ""annoyance"", ""score"": 0.2101682424545288}, {""label"": ""neutral"", ""score"": 0.11439910531044006}, {""label"": ""anger"", ""score"": 0.018257828429341316}]",irony,0.5804412961006165,True,non-offensive,0.8188140392303467,False
2024-12-08,HP-IND-006,4,"Fast delivery, great packaging, and the product works flawlessly.",positive,0.6741796135902405,0.5,0.5512896068214521,"{""very negative"": 0.01956154778599739, ""neutral"": 0.04252088442444801, ""positive"": 0.6741796135902405, ""very positive"": 0.24276283383369446}",admiration,"{""admiration"": 0.9123939275741577}","[{""label"": ""admiration"", ""score"": 0.9123939275741577}, {""label"": ""approval"", ""score"": 0.11531123518943787}, {""label"": ""neutral"", ""score"": 0.05167611688375473}, {""label"": ""gratitude"", ""score"": 0.016645468771457672}, {""label"": ""realization"", ""score"": 0.009102078154683113}]",irony,0.6614562273025513,True,non-offensive,0.9098259210586548,False
2024-12-18,MB-IND-002,3,"Produit de mauvaise qualite, je suis tres decu. Ne recommande pas.",very negative,0.376915842294693,-1.0,-0.6515037909879426,"{""very negative"": 0.376915842294693, ""neutral"": 0.02833167091012001, ""positive"": 0.024450555443763733, ""very positive"": 0.01673412136733532}",neutral,"{""neutral"": 0.9460828304290771}","[{""label"": ""neutral"", ""score"": 0.9460828304290771}, {""label"": ""approval"", ""score"": 0.029701441526412964}, {""label"": ""disapproval"", ""score"": 0.009891659021377563}, {""label"": ""realization"", ""score"": 0.00757063552737236}, {""label"": ""annoyance"", ""score"": 0.006734327878803015}]",non_irony,0.8884108662605286,False,non-offensive,0.8112044930458069,False
2024-10-24,TV-IND-001,1,Build quality is cheap and flimsy. Does not feel worth the price at all.,very negative,0.14990851283073425,-1.0,-0.560529625903086,"{""very negative"": 0.14990851283073425, ""neutral"": 0.028574587777256966, ""positive"": 0.015562235377728939, ""very positive"": 0.015562235377728939}",disapproval,"{""disapproval"": 0.5688949823379517}","[{""label"": ""disapproval"", ""score"": 0.5688949823379517}, {""label"": ""annoyance"", ""score"": 0.26531776785850525}, {""label"": ""disappointment"", ""score"": 0.19667105376720428}, {""label"": ""neutral"", ""score"": 0.17501303553581238}, {""label"": ""approval"", ""score"": 0.019899286329746246}]",non_irony,0.9473848938941956,False,non-offensive,0.6788666248321533,False
2025-01-17,HP-IND-006,1,"Produit moyen, rien de special. Correct pour le prix.",neutral,0.5150242447853088,0.0,-0.05506495812182074,"{""very negative"": 0.06442885845899582, ""neutral"": 0.5150242447853088, ""positive"": 0.053058139979839325, ""very positive"": 0.03008083999156952}","neutral,approval","{""neutral"": 0.7311878800392151, ""approval"": 0.37109485268592834}","[{""label"": ""neutral"", ""score"": 0.7311878800392151}, {""label"": ""approval"", ""score"": 0.37109485268592834}, {""label"": ""realization"", ""score"": 0.009801529347896576}, {""label"": ""disapproval"", ""score"": 0.0073822857812047005}, {""label"": ""optimism"", ""score"": 0.0072937230579555035}]",non_irony,0.9293095469474792,False,non-offensive,0.8186534643173218,False
2024-11-13,TV-IND-001,2,"Battery drains extremely fast, barely lasts 4 hours. Very disappointed.",very negative,0.6408287286758423,-1.0,-0.693952186917115,"{""very negative"": 0.6408287286758423, ""neutral"": 0.027352793142199516, ""positive"": 0.018346326425671577, ""very positive"": 0.01826965995132923}",disappointment,"{""disappointment"": 0.8434377312660217}","[{""label"": ""disappointment"", ""score"": 0.8434377312660217}, {""label"": ""annoyance"", ""score"": 0.10580381751060486}, {""label"": ""neutral"", ""score"": 0.10369166731834412}, {""label"": ""disapproval"", ""score"": 0.08525507897138596}, {""label"": ""sadness"", ""score"": 0.06935909390449524}]",non_irony,0.9296731352806091,False,non-offensive,0.7599592208862305,False
2024-12-17,MB-IND-002,3,Product is fine for basic use but power users might find it limiting.,neutral,0.2278260439634323,0.0,0.13598060049171318,"{""very negative"": 0.017182493582367897, ""neutral"": 0.2278260439634323, ""positive"": 0.11778126657009125, ""very positive"": 0.021471703425049782}","neutral,approval","{""neutral"": 0.6480686068534851, ""approval"": 0.39360511302948}","[{""label"": ""neutral"", ""score"": 0.6480686068534851}, {""label"": ""approval"", ""score"": 0.39360511302948}, {""label"": ""realization"", ""score"": 0.027473531663417816}, {""label"": ""optimism"", ""score"": 0.021502286195755005}, {""label"": ""disapproval"", ""score"": 0.013942357152700424}]",non_irony,0.6216647624969482,False,non-offensive,0.8438470363616943,False
2024-12-31,WM-IND-004,4,Photo quality rivals phones twice the price. Very happy with the camera.,positive,0.9200547933578491,0.5,0.4818561179793535,"{""very negative"": 0.009893827140331268, ""neutral"": 0.01960623636841774, ""positive"": 0.9200547933578491, ""very positive"": 0.03305947035551071}",joy,"{""joy"": 0.8326600790023804}","[{""label"": ""joy"", ""score"": 0.8326600790023804}, {""label"": ""admiration"", ""score"": 0.12147273868322372}, {""label"": ""approval"", ""score"": 0.08454403281211853}, {""label"": ""neutral"", ""score"": 0.041709545999765396}, {""label"": ""relief"", ""score"": 0.027668539434671402}]",non_irony,0.5060417652130127,False,non-offensive,0.9031765460968018,False
2025-01-10,AC-IND-005,5,The processor handles multitasking effortlessly. No lag whatsoever.,neutral,0.7597368359565735,0.0,0.00797338825580054,"{""very negative"": 0.045921143144369125, ""neutral"": 0.7597368359565735, ""positive"": 0.05292467027902603, ""very positive"": 0.05003025010228157}","admiration,approval,neutral","{""admiration"": 0.3868221342563629, ""approval"": 0.3720160722732544, ""neutral"": 0.3502216339111328}","[{""label"": ""admiration"", ""score"": 0.3868221342563629}, {""label"": ""approval"", ""score"": 0.3720160722732544}, {""label"": ""neutral"", ""score"": 0.3502216339111328}, {""label"": ""realization"", ""score"": 0.014902401715517044}, {""label"": ""pride"", ""score"": 0.008550484664738178}]",irony,0.5463454127311707,True,non-offensive,0.8667475581169128,False
2024-11-09,LP-IND-003,3,"Produit moyen, rien de special. Correct pour le prix.",neutral,0.5150242447853088,0.0,-0.05506495812182074,"{""very negative"": 0.06442885845899582, ""neutral"": 0.5150242447853088, ""positive"": 0.053058139979839325, ""very positive"": 0.03008083999156952}","neutral,approval","{""neutral"": 0.7311878800392151, ""approval"": 0.37109485268592834}","[{""label"": ""neutral"", ""score"": 0.7311878800392151}, {""label"": ""approval"", ""score"": 0.37109485268592834}, {""label"": ""realization"", ""score"": 0.009801529347896576}, {""label"": ""disapproval"", ""score"": 0.0073822857812047005}, {""label"": ""optimism"", ""score"": 0.0072937230579555035}]",non_irony,0.9293095469474792,False,non-offensive,0.8186534643173218,False
2024-12-19,AC-IND-005,1,"Sure, who needs customer service anyway? Waiting 4 weeks builds character!",neutral,0.7354669570922852,0.0,0.08089343274446564,"{""very negative"": 0.022473178803920746, ""neutral"": 0.7354669570922852, ""positive"": 0.13158436119556427, ""very positive"": 0.04536167159676552}","approval,neutral","{""approval"": 0.39447733759880066, ""neutral"": 0.3930034935474396}","[{""label"": ""approval"", ""score"": 0.39447733759880066}, {""label"": ""neutral"", ""score"": 0.3930034935474396}, {""label"": ""curiosity"", ""score"": 0.25203585624694824}, {""label"": ""confusion"", ""score"": 0.058140382170677185}, {""label"": ""realization"", ""score"": 0.018022604286670685}]",irony,0.8940737843513489,True,non-offensive,0.8660460114479065,False
2025-03-09,AC-IND-005,4,Display is gorgeous with vibrant colors and deep blacks. Very impressed!,positive,0.6351503133773804,0.5,0.581952468814245,"{""very negative"": 0.017654336988925934, ""neutral"": 0.037703920155763626, ""positive"": 0.6351503133773804, ""very positive"": 0.2894969880580902}",admiration,"{""admiration"": 0.9594106674194336}","[{""label"": ""admiration"", ""score"": 0.9594106674194336}, {""label"": ""approval"", ""score"": 0.028953349217772484}, {""label"": ""neutral"", ""score"": 0.013620489276945591}, {""label"": ""excitement"", ""score"": 0.008283348754048347}, {""label"": ""gratitude"", ""score"": 0.008044804446399212}]",non_irony,0.8086977601051331,False,non-offensive,0.9492805600166321,False
2024-11-02,HP-IND-006,1,"Sure, who needs customer service anyway? Waiting 4 weeks builds character!",neutral,0.7354669570922852,0.0,0.08089343274446564,"{""very negative"": 0.022473178803920746, ""neutral"": 0.7354669570922852, ""positive"": 0.13158436119556427, ""very positive"": 0.04536167159676552}","approval,neutral","{""approval"": 0.39447733759880066, ""neutral"": 0.3930034935474396}","[{""label"": ""approval"", ""score"": 0.39447733759880066}, {""label"": ""neutral"", ""score"": 0.3930034935474396}, {""label"": ""curiosity"", ""score"": 0.25203585624694824}, {""label"": ""confusion"", ""score"": 0.058140382170677185}, {""label"": ""realization"", ""score"": 0.018022604286670685}]",irony,0.8940737843513489,True,non-offensive,0.8660460114479065,False
2024-12-24,HP-IND-006,4,"Noise cancellation is top-notch, blocks out everything around you.",positive,0.6977988481521606,0.5,0.5301263708619881,"{""very negative"": 0.018256666138768196, ""neutral"": 0.04996884986758232, ""positive"": 0.6977988481521606, ""very positive"": 0.20059357583522797}",neutral,"{""neutral"": 0.8535012602806091}","[{""label"": ""neutral"", ""score"": 0.8535012602806091}, {""label"": ""approval"", ""score"": 0.07272456586360931}, {""label"": ""annoyance"", ""score"": 0.035694435238838196}, {""label"": ""admiration"", ""score"": 0.030761508271098137}, {""label"": ""disapproval"", ""score"": 0.014540402218699455}]",irony,0.8790774345397949,True,non-offensive,0.7939949035644531,False
2024-10-13,AC-IND-005,1,Build quality is cheap and flimsy. Does not feel worth the price at all.,very negative,0.14990851283073425,-1.0,-0.560529625903086,"{""very negative"": 0.14990851283073425, ""neutral"": 0.028574587777256966, ""positive"": 0.015562235377728939, ""very positive"": 0.015562235377728939}",disapproval,"{""disapproval"": 0.5688949823379517}","[{""label"": ""disapproval"", ""score"": 0.5688949823379517}, {""label"": ""annoyance"", ""score"": 0.26531776785850525}, {""label"": ""disappointment"", ""score"": 0.19667105376720428}, {""label"": ""neutral"", ""score"": 0.17501303553581238}, {""label"": ""approval"", ""score"": 0.019899286329746246}]",non_irony,0.9473848938941956,False,non-offensive,0.6788666248321533,False
2024-11-16,TB-IND-007,4,Display is gorgeous with vibrant colors and deep blacks. Very impressed!,positive,0.6351503133773804,0.5,0.581952468814245,"{""very negative"": 0.017654336988925934, ""neutral"": 0.037703920155763626, ""positive"": 0.6351503133773804, ""very positive"": 0.2894969880580902}",admiration,"{""admiration"": 0.9594106674194336}","[{""label"": ""admiration"", ""score"": 0.9594106674194336}, {""label"": ""approval"", ""score"": 0.028953349217772484}, {""label"": ""neutral"", ""score"": 0.013620489276945591}, {""label"": ""excitement"", ""score"": 0.008283348754048347}, {""label"": ""gratitude"", ""score"": 0.008044804446399212}]",non_irony,0.8086977601051331,False,non-offensive,0.9492805600166321,False
2024-12-18,HP-IND-006,4,"Sehr gutes Produkt, schnelle Lieferung und tolle Qualitat. Empfehlenswert!",positive,0.5607585906982422,0.5,0.63179622013243,"{""very negative"": 0.019466347992420197, ""neutral"": 0.01999477855861187, ""positive"": 0.5607585906982422, ""very positive"": 0.3811355233192444}",neutral,"{""neutral"": 0.9314554929733276}","[{""label"": ""neutral"", ""score"": 0.9314554929733276}, {""label"": ""approval"", ""score"": 0.03372388705611229}, {""label"": ""annoyance"", ""score"": 0.009257086552679539}, {""label"": ""admiration"", ""score"": 0.006478950381278992}, {""label"": ""realization"", ""score"": 0.0048216269351542}]",non_irony,0.9127270579338074,False,non-offensive,0.7963050007820129,False
2025-02-24,HP-IND-006,3,It is an acceptable product. Neither great nor terrible overall.,neutral,0.6794472932815552,0.0,0.11969010975899572,"{""very negative"": 0.021728726103901863, ""neutral"": 0.6794472932815552, ""positive"": 0.24736584722995758, ""very positive"": 0.028446754440665245}",approval,"{""approval"": 0.8612683415412903}","[{""label"": ""approval"", ""score"": 0.8612683415412903}, {""label"": ""admiration"", ""score"": 0.13370481133460999}, {""label"": ""neutral"", ""score"": 0.05180679261684418}, {""label"": ""disapproval"", ""score"": 0.02096419222652912}, {""label"": ""realization"", ""score"": 0.014821445569396019}]",non_irony,0.9514107704162598,False,non-offensive,0.8791451454162598,False
2024-12-02,WM-IND-004,5,The smart features are intuitive and the app integration works seamlessly.,positive,0.8389089703559875,0.5,0.49421363552263087,"{""very negative"": 0.015078968368470669, ""neutral"": 0.0321933850646019, ""positive"": 0.8389089703559875, ""very positive"": 0.09604666382074356}",approval,"{""approval"": 0.7188327312469482}","[{""label"": ""approval"", ""score"": 0.7188327312469482}, {""label"": ""neutral"", ""score"": 0.23967300355434418}, {""label"": ""admiration"", ""score"": 0.1221417710185051}, {""label"": ""realization"", ""score"": 0.02103411592543125}, {""label"": ""optimism"", ""score"": 0.010465051047503948}]",irony,0.6668115258216858,True,non-offensive,0.9256442189216614,False
2024-12-05,TB-IND-007,4,Best purchase I have made this year. Great value for money and excellent features.,positive,0.44873490929603577,0.5,0.5963910590069607,"{""very negative"": 0.028467901051044464, ""neutral"": 0.07443559914827347, ""positive"": 0.44873490929603577, ""very positive"": 0.40708863735198975}",admiration,"{""admiration"": 0.947281539440155}","[{""label"": ""admiration"", ""score"": 0.947281539440155}, {""label"": ""approval"", ""score"": 0.04991918429732323}, {""label"": ""gratitude"", ""score"": 0.017717011272907257}, {""label"": ""neutral"", ""score"": 0.016094906255602837}, {""label"": ""realization"", ""score"": 0.006029242649674416}]",non_irony,0.6735737919807434,False,non-offensive,0.953192949295044,False
2025-01-23,TB-IND-007,4,"Screen resolution is crystal clear, perfect for streaming and gaming.",positive,0.392398476600647,0.5,0.542207413406494,"{""very negative"": 0.025593694299459457, ""neutral"": 0.16940507292747498, ""positive"": 0.392398476600647, ""very positive"": 0.38130703568458557}",approval,"{""approval"": 0.5070986747741699}","[{""label"": ""approval"", ""score"": 0.5070986747741699}, {""label"": ""neutral"", ""score"": 0.2965473234653473}, {""label"": ""admiration"", ""score"": 0.2750425338745117}, {""label"": ""realization"", ""score"": 0.009711122140288353}, {""label"": ""optimism"", ""score"": 0.009128984063863754}]",irony,0.6862936615943909,True,non-offensive,0.9093480110168457,False
2025-01-25,MB-IND-002,5,"Sehr gutes Produkt, schnelle Lieferung und tolle Qualitat. Empfehlenswert!",positive,0.5607585906982422,0.5,0.63179622013243,"{""very negative"": 0.019466347992420197, ""neutral"": 0.01999477855861187, ""positive"": 0.5607585906982422, ""very positive"": 0.3811355233192444}",neutral,"{""neutral"": 0.9314554929733276}","[{""label"": ""neutral"", ""score"": 0.9314554929733276}, {""label"": ""approval"", ""score"": 0.03372388705611229}, {""label"": ""annoyance"", ""score"": 0.009257086552679539}, {""label"": ""admiration"", ""score"": 0.006478950381278992}, {""label"": ""realization"", ""score"": 0.0048216269351542}]",non_irony,0.9127270579338074,False,non-offensive,0.7963050007820129,False
2025-02-18,MB-IND-002,5,"Sehr gutes Produkt, schnelle Lieferung und tolle Qualitat. Empfehlenswert!",positive,0.5607585906982422,0.5,0.63179622013243,"{""very negative"": 0.019466347992420197, ""neutral"": 0.01999477855861187, ""positive"": 0.5607585906982422, ""very positive"": 0.3811355233192444}",neutral,"{""neutral"": 0.9314554929733276}","[{""label"": ""neutral"", ""score"": 0.9314554929733276}, {""label"": ""approval"", ""score"": 0.03372388705611229}, {""label"": ""annoyance"", ""score"": 0.009257086552679539}, {""label"": ""admiration"", ""score"": 0.006478950381278992}, {""label"": ""realization"", ""score"": 0.0048216269351542}]",non_irony,0.9127270579338074,False,non-offensive,0.7963050007820129,False
2024-11-24,MB-IND-002,3,Some features work well but others feel half-baked and unfinished.,neutral,0.11231619864702225,0.0,-0.017368461427197737,"{""very negative"": 0.024700509384274483, ""neutral"": 0.11231619864702225, ""positive"": 0.031947653740644455, ""very positive"": 0.017410876229405403}",neutral,"{""neutral"": 0.42452213168144226}","[{""label"": ""neutral"", ""score"": 0.42452213168144226}, {""label"": ""approval"", ""score"": 0.262663334608078}, {""label"": ""disapproval"", ""score"": 0.08497705310583115}, {""label"": ""disappointment"", ""score"": 0.07289377599954605}, {""label"": ""annoyance"", ""score"": 0.06537593901157379}]",non_irony,0.7920966744422913,False,non-offensive,0.8468405604362488,False
2025-02-01,TB-IND-007,5,"Build quality feels premium, definitely punches above its price point.",positive,0.5689269304275513,0.5,0.4307623559540791,"{""very negative"": 0.012321094051003456, ""neutral"": 0.05195668712258339, ""positive"": 0.5689269304275513, ""very positive"": 0.021232595667243004}","admiration,approval,neutral","{""admiration"": 0.4633546471595764, ""approval"": 0.39119985699653625, ""neutral"": 0.30986344814300537}","[{""label"": ""admiration"", ""score"": 0.4633546471595764}, {""label"": ""approval"", ""score"": 0.39119985699653625}, {""label"": ""neutral"", ""score"": 0.30986344814300537}, {""label"": ""realization"", ""score"": 0.013269134797155857}, {""label"": ""annoyance"", ""score"": 0.010357970371842384}]",non_irony,0.5766015648841858,False,non-offensive,0.8615878224372864,False
2024-12-21,TV-IND-001,3,"Bahut achha product hai, value for money. Camera bhi bahut accha hai.",positive,0.5882152915000916,0.5,0.4220367277463888,"{""very negative"": 0.0290150735527277, ""neutral"": 0.18226198852062225, ""positive"": 0.5882152915000916, ""very positive"": 0.1714218407869339}",neutral,"{""neutral"": 0.7110043168067932}","[{""label"": ""neutral"", ""score"": 0.7110043168067932}, {""label"": ""approval"", ""score"": 0.15353593230247498}, {""label"": ""admiration"", ""score"": 0.0266432985663414}, {""label"": ""amusement"", ""score"": 0.018048683181405067}, {""label"": ""joy"", ""score"": 0.013174094259738922}]",non_irony,0.8170913457870483,False,non-offensive,0.7812522053718567,False
2024-10-27,LP-IND-003,5,"Sound quality is phenomenal, crisp highs and deep bass. Worth every penny.",positive,0.49539729952812195,0.5,0.6590491162612364,"{""very negative"": 0.019894424825906754, ""neutral"": 0.05166413262486458, ""positive"": 0.49539729952812195, ""very positive"": 0.49539729952812195}",admiration,"{""admiration"": 0.9490026235580444}","[{""label"": ""admiration"", ""score"": 0.9490026235580444}, {""label"": ""approval"", ""score"": 0.04883971065282822}, {""label"": ""neutral"", ""score"": 0.030404893681406975}, {""label"": ""gratitude"", ""score"": 0.010029646568000317}, {""label"": ""disapproval"", ""score"": 0.006704993546009064}]",non_irony,0.7751739025115967,False,non-offensive,0.8951526284217834,False
2024-12-02,TB-IND-007,5,Customer service was amazing. They resolved my query within minutes.,positive,0.6071091294288635,0.5,0.5974647468222958,"{""very negative"": 0.017765464261174202, ""neutral"": 0.03513293340802193, ""positive"": 0.6071091294288635, ""very positive"": 0.31808170676231384}",admiration,"{""admiration"": 0.9301038980484009}","[{""label"": ""admiration"", ""score"": 0.9301038980484009}, {""label"": ""approval"", ""score"": 0.06624912470579147}, {""label"": ""neutral"", ""score"": 0.026406768709421158}, {""label"": ""excitement"", ""score"": 0.022681886330246925}, {""label"": ""joy"", ""score"": 0.018670279532670975}]",irony,0.8352649807929993,True,non-offensive,0.9490030407905579,False
2025-01-09,LP-IND-003,4,"Durability is impressive, been using for 6 months with zero issues.",positive,0.8207300305366516,0.5,0.47055570951936276,"{""very negative"": 0.01670188084244728, ""neutral"": 0.05924329534173012, ""positive"": 0.8207300305366516, ""very positive"": 0.0840175449848175}",admiration,"{""admiration"": 0.901075005531311}","[{""label"": ""admiration"", ""score"": 0.901075005531311}, {""label"": ""approval"", ""score"": 0.09503141790628433}, {""label"": ""neutral"", ""score"": 0.046847887337207794}, {""label"": ""realization"", ""score"": 0.013351649045944214}, {""label"": ""gratitude"", ""score"": 0.0120680071413517}]",irony,0.8547757267951965,True,non-offensive,0.930757999420166,False
2025-01-19,TB-IND-007,1,Build quality is cheap and flimsy. Does not feel worth the price at all.,very negative,0.14990851283073425,-1.0,-0.560529625903086,"{""very negative"": 0.14990851283073425, ""neutral"": 0.028574587777256966, ""positive"": 0.015562235377728939, ""very positive"": 0.015562235377728939}",disapproval,"{""disapproval"": 0.5688949823379517}","[{""label"": ""disapproval"", ""score"": 0.5688949823379517}, {""label"": ""annoyance"", ""score"": 0.26531776785850525}, {""label"": ""disappointment"", ""score"": 0.19667105376720428}, {""label"": ""neutral"", ""score"": 0.17501303553581238}, {""label"": ""approval"", ""score"": 0.019899286329746246}]",non_irony,0.9473848938941956,False,non-offensive,0.6788666248321533,False
2024-12-09,WM-IND-004,4,"Produit moyen, rien de special. Correct pour le prix.",neutral,0.5150242447853088,0.0,-0.05506495812182074,"{""very negative"": 0.06442885845899582, ""neutral"": 0.5150242447853088, ""positive"": 0.053058139979839325, ""very positive"": 0.03008083999156952}","neutral,approval","{""neutral"": 0.7311878800392151, ""approval"": 0.37109485268592834}","[{""label"": ""neutral"", ""score"": 0.7311878800392151}, {""label"": ""approval"", ""score"": 0.37109485268592834}, {""label"": ""realization"", ""score"": 0.009801529347896576}, {""label"": ""disapproval"", ""score"": 0.0073822857812047005}, {""label"": ""optimism"", ""score"": 0.0072937230579555035}]",non_irony,0.9293095469474792,False,non-offensive,0.8186534643173218,False
2024-11-13,TB-IND-007,5,"The camera quality is outstanding, perfect for everyday photography.",positive,0.4490591287612915,0.5,0.6009954280279384,"{""very negative"": 0.025144625455141068, ""neutral"": 0.08400725573301315, ""positive"": 0.4490591287612915, ""very positive"": 0.41047510504722595}",admiration,"{""admiration"": 0.9424173831939697}","[{""label"": ""admiration"", ""score"": 0.9424173831939697}, {""label"": ""approval"", ""score"": 0.058339230716228485}, {""label"": ""neutral"", ""score"": 0.0315530002117157}, {""label"": ""gratitude"", ""score"": 0.010911427438259125}, {""label"": ""realization"", ""score"": 0.006474080961197615}]",irony,0.561927080154419,True,non-offensive,0.924063503742218,False
2025-02-01,WM-IND-004,5,Setup was a breeze. Works perfectly right out of the box.,positive,0.7648035287857056,0.5,0.47922752030908433,"{""very negative"": 0.018615633249282837, ""neutral"": 0.0714670941233635, ""positive"": 0.7648035287857056, ""very positive"": 0.12313982099294662}",approval,"{""approval"": 0.4734435975551605}","[{""label"": ""approval"", ""score"": 0.4734435975551605}, {""label"": ""neutral"", ""score"": 0.22926150262355804}, {""label"": ""admiration"", ""score"": 0.15972226858139038}, {""label"": ""joy"", ""score"": 0.12473662942647934}, {""label"": ""realization"", ""score"": 0.03085273876786232}]",non_irony,0.7767495512962341,False,non-offensive,0.8942966461181641,False
2024-11-26,RF-IND-008,3,Some features work well but others feel half-baked and unfinished.,neutral,0.11231619864702225,0.0,-0.017368461427197737,"{""very negative"": 0.024700509384274483, ""neutral"": 0.11231619864702225, ""positive"": 0.031947653740644455, ""very positive"": 0.017410876229405403}",neutral,"{""neutral"": 0.42452213168144226}","[{""label"": ""neutral"", ""score"": 0.42452213168144226}, {""label"": ""approval"", ""score"": 0.262663334608078}, {""label"": ""disapproval"", ""score"": 0.08497705310583115}, {""label"": ""disappointment"", ""score"": 0.07289377599954605}, {""label"": ""annoyance"", ""score"": 0.06537593901157379}]",non_irony,0.7920966744422913,False,non-offensive,0.8468405604362488,False
2024-11-02,TV-IND-001,3,Cooling is incredibly efficient but the noise level at full blast is quite loud. Energy savings are good.,positive,0.24520593881607056,0.5,0.32884720066623113,"{""very negative"": 0.01764993742108345, ""neutral"": 0.06515862047672272, ""positive"": 0.24520593881607056, ""very positive"": 0.0261381883174181}","admiration,approval","{""admiration"": 0.7278497815132141, ""approval"": 0.4586583375930786}","[{""label"": ""admiration"", ""score"": 0.7278497815132141}, {""label"": ""approval"", ""score"": 0.4586583375930786}, {""label"": ""neutral"", ""score"": 0.07261066138744354}, {""label"": ""realization"", ""score"": 0.01878446526825428}, {""label"": ""gratitude"", ""score"": 0.01715177297592163}]",irony,0.8304233551025391,True,non-offensive,0.8526865839958191,False
2024-11-25,HP-IND-006,5,Energy efficient and very quiet operation. Highly recommend!,positive,0.7586772441864014,0.5,0.5307734316802475,"{""very negative"": 0.016845209524035454, ""neutral"": 0.03081432357430458, ""positive"": 0.7586772441864014, ""very positive"": 0.17657209932804108}",admiration,"{""admiration"": 0.8203734159469604}","[{""label"": ""admiration"", ""score"": 0.8203734159469604}, {""label"": ""approval"", ""score"": 0.24129898846149445}, {""label"": ""gratitude"", ""score"": 0.08020996302366257}, {""label"": ""neutral"", ""score"": 0.031993474811315536}, {""label"": ""optimism"", ""score"": 0.015411066822707653}]",non_irony,0.5187515020370483,False,non-offensive,0.9350569248199463,False
2025-01-09,AC-IND-005,3,Packaging was good but product is just average in terms of quality.,neutral,0.22643636167049408,0.0,0.02154465263355148,"{""very negative"": 0.020769914612174034, ""neutral"": 0.22643636167049408, ""positive"": 0.03994236886501312, ""very positive"": 0.018210014328360558}","disappointment,admiration","{""disappointment"": 0.35051408410072327, ""admiration"": 0.31660306453704834}","[{""label"": ""disappointment"", ""score"": 0.35051408410072327}, {""label"": ""admiration"", ""score"": 0.31660306453704834}, {""label"": ""disapproval"", ""score"": 0.20833034813404083}, {""label"": ""approval"", ""score"": 0.14557017385959625}, {""label"": ""neutral"", ""score"": 0.10623263567686081}]",non_irony,0.5526584982872009,False,non-offensive,0.8434349298477173,False
2024-12-28,AC-IND-005,1,Delivery was delayed by 2 weeks and the product arrived damaged.,very negative,0.2179221659898758,-1.0,-0.5323195026573361,"{""very negative"": 0.2179221659898758, ""neutral"": 0.07148028910160065, ""positive"": 0.02215690352022648, ""very positive"": 0.02215690352022648}",disappointment,"{""disappointment"": 0.6985851526260376}","[{""label"": ""disappointment"", ""score"": 0.6985851526260376}, {""label"": ""neutral"", ""score"": 0.26860493421554565}, {""label"": ""annoyance"", ""score"": 0.10525964200496674}, {""label"": ""sadness"", ""score"": 0.09905389696359634}, {""label"": ""disapproval"", ""score"": 0.036296263337135315}]",non_irony,0.7698453068733215,False,non-offensive,0.8377794027328491,False
2025-01-17,RF-IND-008,4,Setup was a breeze. Works perfectly right out of the box.,positive,0.7648035287857056,0.5,0.47922752030908433,"{""very negative"": 0.018615633249282837, ""neutral"": 0.0714670941233635, ""positive"": 0.7648035287857056, ""very positive"": 0.12313982099294662}",approval,"{""approval"": 0.4734435975551605}","[{""label"": ""approval"", ""score"": 0.4734435975551605}, {""label"": ""neutral"", ""score"": 0.22926150262355804}, {""label"": ""admiration"", ""score"": 0.15972226858139038}, {""label"": ""joy"", ""score"": 0.12473662942647934}, {""label"": ""realization"", ""score"": 0.03085273876786232}]",non_irony,0.7767495512962341,False,non-offensive,0.8942966461181641,False
2024-11-14,WM-IND-004,4,"Fast delivery, great packaging, and the product works flawlessly.",positive,0.6741796135902405,0.5,0.5512896068214521,"{""very negative"": 0.01956154778599739, ""neutral"": 0.04252088442444801, ""positive"": 0.6741796135902405, ""very positive"": 0.24276283383369446}",admiration,"{""admiration"": 0.9123939275741577}","[{""label"": ""admiration"", ""score"": 0.9123939275741577}, {""label"": ""approval"", ""score"": 0.11531123518943787}, {""label"": ""neutral"", ""score"": 0.05167611688375473}, {""label"": ""gratitude"", ""score"": 0.016645468771457672}, {""label"": ""realization"", ""score"": 0.009102078154683113}]",irony,0.6614562273025513,True,non-offensive,0.9098259210586548,False
2025-02-18,HP-IND-006,1,Bluetooth connectivity drops every few minutes. Extremely frustrating.,very negative,0.6028462648391724,-1.0,-0.6743283178692285,"{""very negative"": 0.6028462648391724, ""neutral"": 0.050933293998241425, ""positive"": 0.02046809531748295, ""very positive"": 0.019622648134827614}",annoyance,"{""annoyance"": 0.755325436592102}","[{""label"": ""annoyance"", ""score"": 0.755325436592102}, {""label"": ""anger"", ""score"": 0.23799586296081543}, {""label"": ""neutral"", ""score"": 0.06979986280202866}, {""label"": ""disappointment"", ""score"": 0.05000713840126991}, {""label"": ""disapproval"", ""score"": 0.037070609629154205}]",irony,0.6903656721115112,True,non-offensive,0.7488885521888733,False
2025-02-11,HP-IND-006,5,Photo quality rivals phones twice the price. Very happy with the camera.,positive,0.9200547933578491,0.5,0.4818561179793535,"{""very negative"": 0.009893827140331268, ""neutral"": 0.01960623636841774, ""positive"": 0.9200547933578491, ""very positive"": 0.03305947035551071}",joy,"{""joy"": 0.8326600790023804}","[{""label"": ""joy"", ""score"": 0.8326600790023804}, {""label"": ""admiration"", ""score"": 0.12147273868322372}, {""label"": ""approval"", ""score"": 0.08454403281211853}, {""label"": ""neutral"", ""score"": 0.041709545999765396}, {""label"": ""relief"", ""score"": 0.027668539434671402}]",non_irony,0.5060417652130127,False,non-offensive,0.9031765460968018,False
2025-02-10,AC-IND-005,3,Mixed feelings about this. Good hardware but software needs work.,neutral,0.3529156744480133,0.0,-0.0007012398408806531,"{""very negative"": 0.02983071096241474, ""neutral"": 0.3529156744480133, ""positive"": 0.04370034858584404, ""very positive"": 0.022560112178325653}","approval,admiration","{""approval"": 0.6612764596939087, ""admiration"": 0.3483160436153412}","[{""label"": ""approval"", ""score"": 0.6612764596939087}, {""label"": ""admiration"", ""score"": 0.3483160436153412}, {""label"": ""love"", ""score"": 0.05935299023985863}, {""label"": ""neutral"", ""score"": 0.03666551783680916}, {""label"": ""confusion"", ""score"": 0.03289495036005974}]",non_irony,0.8888905644416809,False,non-offensive,0.8927906155586243,False
2024-12-13,LP-IND-003,3,Some features work well but others feel half-baked and unfinished.,neutral,0.11231619864702225,0.0,-0.017368461427197737,"{""very negative"": 0.024700509384274483, ""neutral"": 0.11231619864702225, ""positive"": 0.031947653740644455, ""very positive"": 0.017410876229405403}",neutral,"{""neutral"": 0.42452213168144226}","[{""label"": ""neutral"", ""score"": 0.42452213168144226}, {""label"": ""approval"", ""score"": 0.262663334608078}, {""label"": ""disapproval"", ""score"": 0.08497705310583115}, {""label"": ""disappointment"", ""score"": 0.07289377599954605}, {""label"": ""annoyance"", ""score"": 0.06537593901157379}]",non_irony,0.7920966744422913,False,non-offensive,0.8468405604362488,False
2025-03-14,AC-IND-005,5,"Great design, sleek and modern. Fits perfectly in my living room.",positive,0.5736238956451416,0.5,0.6753709677943955,"{""very negative"": 0.01719159446656704, ""neutral"": 0.05420605093240738, ""positive"": 0.5736238956451416, ""very positive"": 0.5736238956451416}",admiration,"{""admiration"": 0.9285853505134583}","[{""label"": ""admiration"", ""score"": 0.9285853505134583}, {""label"": ""approval"", ""score"": 0.09943830966949463}, {""label"": ""neutral"", ""score"": 0.02816888317465782}, {""label"": ""gratitude"", ""score"": 0.008972597308456898}, {""label"": ""realization"", ""score"": 0.006490301340818405}]",non_irony,0.6408451795578003,False,non-offensive,0.9143792986869812,False
2025-02-07,AC-IND-005,4,"Build quality feels premium, definitely punches above its price point.",positive,0.5689269304275513,0.5,0.4307623559540791,"{""very negative"": 0.012321094051003456, ""neutral"": 0.05195668712258339, ""positive"": 0.5689269304275513, ""very positive"": 0.021232595667243004}","admiration,approval,neutral","{""admiration"": 0.4633546471595764, ""approval"": 0.39119985699653625, ""neutral"": 0.30986344814300537}","[{""label"": ""admiration"", ""score"": 0.4633546471595764}, {""label"": ""approval"", ""score"": 0.39119985699653625}, {""label"": ""neutral"", ""score"": 0.30986344814300537}, {""label"": ""realization"", ""score"": 0.013269134797155857}, {""label"": ""annoyance"", ""score"": 0.010357970371842384}]",non_irony,0.5766015648841858,False,non-offensive,0.8615878224372864,False
2025-01-08,WM-IND-004,5,"Build quality feels premium, definitely punches above its price point.",positive,0.5689269304275513,0.5,0.4307623559540791,"{""very negative"": 0.012321094051003456, ""neutral"": 0.05195668712258339, ""positive"": 0.5689269304275513, ""very positive"": 0.021232595667243004}","admiration,approval,neutral","{""admiration"": 0.4633546471595764, ""approval"": 0.39119985699653625, ""neutral"": 0.30986344814300537}","[{""label"": ""admiration"", ""score"": 0.4633546471595764}, {""label"": ""approval"", ""score"": 0.39119985699653625}, {""label"": ""neutral"", ""score"": 0.30986344814300537}, {""label"": ""realization"", ""score"": 0.013269134797155857}, {""label"": ""annoyance"", ""score"": 0.010357970371842384}]",non_irony,0.5766015648841858,False,non-offensive,0.8615878224372864,False
2025-02-08,WM-IND-004,5,"Lightweight and portable, perfect for travel and daily commute.",positive,0.5174983143806458,0.5,0.5698038134424869,"{""very negative"": 0.023364251479506493, ""neutral"": 0.08838778734207153, ""positive"": 0.5174983143806458, ""very positive"": 0.3443998694419861}","approval,neutral","{""approval"": 0.5351202487945557, ""neutral"": 0.32617780566215515}","[{""label"": ""approval"", ""score"": 0.5351202487945557}, {""label"": ""neutral"", ""score"": 0.32617780566215515}, {""label"": ""admiration"", ""score"": 0.16927553713321686}, {""label"": ""optimism"", ""score"": 0.009668011218309402}, {""label"": ""realization"", ""score"": 0.009552353993058205}]",non_irony,0.8543041348457336,False,non-offensive,0.9002076983451843,False
2024-12-27,WM-IND-004,4,Setup was a breeze. Works perfectly right out of the box.,positive,0.7648035287857056,0.5,0.47922752030908433,"{""very negative"": 0.018615633249282837, ""neutral"": 0.0714670941233635, ""positive"": 0.7648035287857056, ""very positive"": 0.12313982099294662}",approval,"{""approval"": 0.4734435975551605}","[{""label"": ""approval"", ""score"": 0.4734435975551605}, {""label"": ""neutral"", ""score"": 0.22926150262355804}, {""label"": ""admiration"", ""score"": 0.15972226858139038}, {""label"": ""joy"", ""score"": 0.12473662942647934}, {""label"": ""realization"", ""score"": 0.03085273876786232}]",non_irony,0.7767495512962341,False,non-offensive,0.8942966461181641,False
2025-02-07,TB-IND-007,4,Setup was a breeze. Works perfectly right out of the box.,positive,0.7648035287857056,0.5,0.47922752030908433,"{""very negative"": 0.018615633249282837, ""neutral"": 0.0714670941233635, ""positive"": 0.7648035287857056, ""very positive"": 0.12313982099294662}",approval,"{""approval"": 0.4734435975551605}","[{""label"": ""approval"", ""score"": 0.4734435975551605}, {""label"": ""neutral"", ""score"": 0.22926150262355804}, {""label"": ""admiration"", ""score"": 0.15972226858139038}, {""label"": ""joy"", ""score"": 0.12473662942647934}, {""label"": ""realization"", ""score"": 0.03085273876786232}]",non_irony,0.7767495512962341,False,non-offensive,0.8942966461181641,False
2025-02-17,TB-IND-007,3,"Excelente producto, muy buena calidad y buen precio. Totalmente recomendado.",positive,0.5041067004203796,0.5,0.6816197815857253,"{""very negative"": 0.020635204389691353, ""neutral"": 0.014463076367974281, ""positive"": 0.5041067004203796, ""very positive"": 0.5041067004203796}",neutral,"{""neutral"": 0.6544529795646667}","[{""label"": ""neutral"", ""score"": 0.6544529795646667}, {""label"": ""admiration"", ""score"": 0.23028439283370972}, {""label"": ""approval"", ""score"": 0.12289128452539444}, {""label"": ""disapproval"", ""score"": 0.007028191816061735}, {""label"": ""realization"", ""score"": 0.0057449983432888985}]",non_irony,0.9285407662391663,False,non-offensive,0.7380510568618774,False
2025-01-13,WM-IND-004,3,"Sehr gutes Produkt, schnelle Lieferung und tolle Qualitat. Empfehlenswert!",positive,0.5607585906982422,0.5,0.63179622013243,"{""very negative"": 0.019466347992420197, ""neutral"": 0.01999477855861187, ""positive"": 0.5607585906982422, ""very positive"": 0.3811355233192444}",neutral,"{""neutral"": 0.9314554929733276}","[{""label"": ""neutral"", ""score"": 0.9314554929733276}, {""label"": ""approval"", ""score"": 0.03372388705611229}, {""label"": ""annoyance"", ""score"": 0.009257086552679539}, {""label"": ""admiration"", ""score"": 0.006478950381278992}, {""label"": ""realization"", ""score"": 0.0048216269351542}]",non_irony,0.9127270579338074,False,non-offensive,0.7963050007820129,False
2025-01-21,WM-IND-004,1,Sound quality is tinny and distorted at higher volumes. Not acceptable.,very negative,0.12479760497808456,-1.0,-0.493778516965209,"{""very negative"": 0.12479760497808456, ""neutral"": 0.04836035519838333, ""positive"": 0.01610911823809147, ""very positive"": 0.01610911823809147}",disapproval,"{""disapproval"": 0.7381646633148193}","[{""label"": ""disapproval"", ""score"": 0.7381646633148193}, {""label"": ""annoyance"", ""score"": 0.21084058284759521}, {""label"": ""neutral"", ""score"": 0.112130306661129}, {""label"": ""disappointment"", ""score"": 0.06412441283464432}, {""label"": ""approval"", ""score"": 0.023751674219965935}]",non_irony,0.9257212281227112,False,non-offensive,0.7237016558647156,False
2024-11-05,LP-IND-003,3,"Excellent sound quality and comfortable fit, but the ANC could be much stronger for the price.",positive,0.15356729924678802,0.5,0.3086620512949099,"{""very negative"": 0.012060086242854595, ""neutral"": 0.07317974418401718, ""positive"": 0.15356729924678802, ""very positive"": 0.027106380090117455}",admiration,"{""admiration"": 0.9374375939369202}","[{""label"": ""admiration"", ""score"": 0.9374375939369202}, {""label"": ""approval"", ""score"": 0.089204341173172}, {""label"": ""neutral"", ""score"": 0.03402496129274368}, {""label"": ""optimism"", ""score"": 0.025380540639162064}, {""label"": ""gratitude"", ""score"": 0.018238363787531853}]",non_irony,0.9199045896530151,False,non-offensive,0.8908013105392456,False
2024-12-13,MB-IND-002,4,Customer service was amazing. They resolved my query within minutes.,positive,0.6071091294288635,0.5,0.5974647468222958,"{""very negative"": 0.017765464261174202, ""neutral"": 0.03513293340802193, ""positive"": 0.6071091294288635, ""very positive"": 0.31808170676231384}",admiration,"{""admiration"": 0.9301038980484009}","[{""label"": ""admiration"", ""score"": 0.9301038980484009}, {""label"": ""approval"", ""score"": 0.06624912470579147}, {""label"": ""neutral"", ""score"": 0.026406768709421158}, {""label"": ""excitement"", ""score"": 0.022681886330246925}, {""label"": ""joy"", ""score"": 0.018670279532670975}]",irony,0.8352649807929993,True,non-offensive,0.9490030407905579,False
2025-02-24,WM-IND-004,1,The display has dead pixels and color accuracy is way off.,very negative,0.25316378474235535,-1.0,-0.5860613671830489,"{""very negative"": 0.25316378474235535, ""neutral"": 0.05497826635837555, ""positive"": 0.019282788038253784, ""very positive"": 0.01881624571979046}","disapproval,disappointment","{""disapproval"": 0.385021835565567, ""disappointment"": 0.37208980321884155}","[{""label"": ""disapproval"", ""score"": 0.385021835565567}, {""label"": ""disappointment"", ""score"": 0.37208980321884155}, {""label"": ""neutral"", ""score"": 0.2807086706161499}, {""label"": ""annoyance"", ""score"": 0.21509088575839996}, {""label"": ""realization"", ""score"": 0.022136112675070763}]",non_irony,0.8182896375656128,False,non-offensive,0.7423754334449768,False
2025-03-13,TV-IND-001,3,Love the display and design but the speaker quality is terrible and overheats during gaming.,very negative,0.3773541748523712,-1.0,-0.6110164372537351,"{""very negative"": 0.3773541748523712, ""neutral"": 0.08313998579978943, ""positive"": 0.019871970638632774, ""very positive"": 0.019871970638632774}","love,disgust","{""love"": 0.410555899143219, ""disgust"": 0.3163873255252838}","[{""label"": ""love"", ""score"": 0.410555899143219}, {""label"": ""disgust"", ""score"": 0.3163873255252838}, {""label"": ""admiration"", ""score"": 0.14251857995986938}, {""label"": ""disappointment"", ""score"": 0.14123332500457764}, {""label"": ""annoyance"", ""score"": 0.09878356009721756}]",non_irony,0.6289689540863037,False,non-offensive,0.7254443764686584,False
2024-11-26,WM-IND-004,4,"Durability is impressive, been using for 6 months with zero issues.",positive,0.8207300305366516,0.5,0.47055570951936276,"{""very negative"": 0.01670188084244728, ""neutral"": 0.05924329534173012, ""positive"": 0.8207300305366516, ""very positive"": 0.0840175449848175}",admiration,"{""admiration"": 0.901075005531311}","[{""label"": ""admiration"", ""score"": 0.901075005531311}, {""label"": ""approval"", ""score"": 0.09503141790628433}, {""label"": ""neutral"", ""score"": 0.046847887337207794}, {""label"": ""realization"", ""score"": 0.013351649045944214}, {""label"": ""gratitude"", ""score"": 0.0120680071413517}]",irony,0.8547757267951965,True,non-offensive,0.930757999420166,False
2024-11-28,RF-IND-008,5,"Lightweight and portable, perfect for travel and daily commute.",positive,0.5174983143806458,0.5,0.5698038134424869,"{""very negative"": 0.023364251479506493, ""neutral"": 0.08838778734207153, ""positive"": 0.5174983143806458, ""very positive"": 0.3443998694419861}","approval,neutral","{""approval"": 0.5351202487945557, ""neutral"": 0.32617780566215515}","[{""label"": ""approval"", ""score"": 0.5351202487945557}, {""label"": ""neutral"", ""score"": 0.32617780566215515}, {""label"": ""admiration"", ""score"": 0.16927553713321686}, {""label"": ""optimism"", ""score"": 0.009668011218309402}, {""label"": ""realization"", ""score"": 0.009552353993058205}]",non_irony,0.8543041348457336,False,non-offensive,0.9002076983451843,False
2025-02-09,MB-IND-002,3,Some features work well but others feel half-baked and unfinished.,neutral,0.11231619864702225,0.0,-0.017368461427197737,"{""very negative"": 0.024700509384274483, ""neutral"": 0.11231619864702225, ""positive"": 0.031947653740644455, ""very positive"": 0.017410876229405403}",neutral,"{""neutral"": 0.42452213168144226}","[{""label"": ""neutral"", ""score"": 0.42452213168144226}, {""label"": ""approval"", ""score"": 0.262663334608078}, {""label"": ""disapproval"", ""score"": 0.08497705310583115}, {""label"": ""disappointment"", ""score"": 0.07289377599954605}, {""label"": ""annoyance"", ""score"": 0.06537593901157379}]",non_irony,0.7920966744422913,False,non-offensive,0.8468405604362488,False
2025-02-22,TB-IND-007,3,Decent product for the price. Nothing extraordinary but gets the job done.,positive,0.9262930154800415,0.5,0.4699002944402194,"{""very negative"": 0.008937007747590542, ""neutral"": 0.029806025326251984, ""positive"": 0.9262930154800415, ""very positive"": 0.014957997016608715}",admiration,"{""admiration"": 0.8266987204551697}","[{""label"": ""admiration"", ""score"": 0.8266987204551697}, {""label"": ""approval"", ""score"": 0.24115855991840363}, {""label"": ""neutral"", ""score"": 0.08824765682220459}, {""label"": ""realization"", ""score"": 0.015828154981136322}, {""label"": ""gratitude"", ""score"": 0.015294903889298439}]",non_irony,0.8037245869636536,False,non-offensive,0.9300389289855957,False
2024-12-26,TV-IND-001,4,"Durability is impressive, been using for 6 months with zero issues.",positive,0.8207300305366516,0.5,0.47055570951936276,"{""very negative"": 0.01670188084244728, ""neutral"": 0.05924329534173012, ""positive"": 0.8207300305366516, ""very positive"": 0.0840175449848175}",admiration,"{""admiration"": 0.901075005531311}","[{""label"": ""admiration"", ""score"": 0.901075005531311}, {""label"": ""approval"", ""score"": 0.09503141790628433}, {""label"": ""neutral"", ""score"": 0.046847887337207794}, {""label"": ""realization"", ""score"": 0.013351649045944214}, {""label"": ""gratitude"", ""score"": 0.0120680071413517}]",irony,0.8547757267951965,True,non-offensive,0.930757999420166,False
2025-02-01,TV-IND-001,5,Energy efficient and very quiet operation. Highly recommend!,positive,0.7586772441864014,0.5,0.5307734316802475,"{""very negative"": 0.016845209524035454, ""neutral"": 0.03081432357430458, ""positive"": 0.7586772441864014, ""very positive"": 0.17657209932804108}",admiration,"{""admiration"": 0.8203734159469604}","[{""label"": ""admiration"", ""score"": 0.8203734159469604}, {""label"": ""approval"", ""score"": 0.24129898846149445}, {""label"": ""gratitude"", ""score"": 0.08020996302366257}, {""label"": ""neutral"", ""score"": 0.031993474811315536}, {""label"": ""optimism"", ""score"": 0.015411066822707653}]",non_irony,0.5187515020370483,False,non-offensive,0.9350569248199463,False
2024-11-27,HP-IND-006,4,"Lightweight and portable, perfect for travel and daily commute.",positive,0.5174983143806458,0.5,0.5698038134424869,"{""very negative"": 0.023364251479506493, ""neutral"": 0.08838778734207153, ""positive"": 0.5174983143806458, ""very positive"": 0.3443998694419861}","approval,neutral","{""approval"": 0.5351202487945557, ""neutral"": 0.32617780566215515}","[{""label"": ""approval"", ""score"": 0.5351202487945557}, {""label"": ""neutral"", ""score"": 0.32617780566215515}, {""label"": ""admiration"", ""score"": 0.16927553713321686}, {""label"": ""optimism"", ""score"": 0.009668011218309402}, {""label"": ""realization"", ""score"": 0.009552353993058205}]",non_irony,0.8543041348457336,False,non-offensive,0.9002076983451843,False
2024-11-20,TB-IND-007,2,"Oh great, another product that breaks right after warranty expires. How convenient!",very negative,0.13526460528373718,-1.0,-0.5038809908315215,"{""very negative"": 0.13526460528373718, ""neutral"": 0.01894294284284115, ""positive"": 0.02767418511211872, ""very positive"": 0.019453536719083786}",admiration,"{""admiration"": 0.8009824156761169}","[{""label"": ""admiration"", ""score"": 0.8009824156761169}, {""label"": ""approval"", ""score"": 0.10055772960186005}, {""label"": ""disappointment"", ""score"": 0.08632303029298782}, {""label"": ""realization"", ""score"": 0.04643560200929642}, {""label"": ""neutral"", ""score"": 0.027577385306358337}]",irony,0.9890222549438477,True,non-offensive,0.8594326972961426,False
2024-12-20,WM-IND-004,5,"Fast delivery, great packaging, and the product works flawlessly.",positive,0.6741796135902405,0.5,0.5512896068214521,"{""very negative"": 0.01956154778599739, ""neutral"": 0.04252088442444801, ""positive"": 0.6741796135902405, ""very positive"": 0.24276283383369446}",admiration,"{""admiration"": 0.9123939275741577}","[{""label"": ""admiration"", ""score"": 0.9123939275741577}, {""label"": ""approval"", ""score"": 0.11531123518943787}, {""label"": ""neutral"", ""score"": 0.05167611688375473}, {""label"": ""gratitude"", ""score"": 0.016645468771457672}, {""label"": ""realization"", ""score"": 0.009102078154683113}]",irony,0.6614562273025513,True,non-offensive,0.9098259210586548,False
2025-03-02,RF-IND-008,5,"Battery life is incredible, easily lasts two full days with heavy usage.",positive,0.5513941645622253,0.5,0.65847089364473,"{""very negative"": 0.022336257621645927, ""neutral"": 0.05773572251200676, ""positive"": 0.5513941645622253, ""very positive"": 0.5513941645622253}",admiration,"{""admiration"": 0.9398247599601746}","[{""label"": ""admiration"", ""score"": 0.9398247599601746}, {""label"": ""approval"", ""score"": 0.055740565061569214}, {""label"": ""neutral"", ""score"": 0.025282323360443115}, {""label"": ""excitement"", ""score"": 0.016244882717728615}, {""label"": ""optimism"", ""score"": 0.009911395609378815}]",irony,0.7044013738632202,True,non-offensive,0.8911383748054504,False
2024-12-12,RF-IND-008,4,"Sound quality is phenomenal, crisp highs and deep bass. Worth every penny.",positive,0.49539729952812195,0.5,0.6590491162612364,"{""very negative"": 0.019894424825906754, ""neutral"": 0.05166413262486458, ""positive"": 0.49539729952812195, ""very positive"": 0.49539729952812195}",admiration,"{""admiration"": 0.9490026235580444}","[{""label"": ""admiration"", ""score"": 0.9490026235580444}, {""label"": ""approval"", ""score"": 0.04883971065282822}, {""label"": ""neutral"", ""score"": 0.030404893681406975}, {""label"": ""gratitude"", ""score"": 0.010029646568000317}, {""label"": ""disapproval"", ""score"": 0.006704993546009064}]",non_irony,0.7751739025115967,False,non-offensive,0.8951526284217834,False
2024-10-14,RF-IND-008,3,It is an acceptable product. Neither great nor terrible overall.,neutral,0.6794472932815552,0.0,0.11969010975899572,"{""very negative"": 0.021728726103901863, ""neutral"": 0.6794472932815552, ""positive"": 0.24736584722995758, ""very positive"": 0.028446754440665245}",approval,"{""approval"": 0.8612683415412903}","[{""label"": ""approval"", ""score"": 0.8612683415412903}, {""label"": ""admiration"", ""score"": 0.13370481133460999}, {""label"": ""neutral"", ""score"": 0.05180679261684418}, {""label"": ""disapproval"", ""score"": 0.02096419222652912}, {""label"": ""realization"", ""score"": 0.014821445569396019}]",non_irony,0.9514107704162598,False,non-offensive,0.8791451454162598,False
2025-02-01,MB-IND-002,3,"The processor handles everything I throw at it, but RAM management needs improvement.",positive,0.23391316831111908,0.5,0.22180404858284788,"{""very negative"": 0.017129547894001007, ""neutral"": 0.20354090631008148, ""positive"": 0.23391316831111908, ""very positive"": 0.01717514544725418}","neutral,approval","{""neutral"": 0.46721941232681274, ""approval"": 0.32108038663864136}","[{""label"": ""neutral"", ""score"": 0.46721941232681274}, {""label"": ""approval"", ""score"": 0.32108038663864136}, {""label"": ""optimism"", ""score"": 0.11606177687644958}, {""label"": ""realization"", ""score"": 0.05067124590277672}, {""label"": ""desire"", ""score"": 0.04620461165904999}]",non_irony,0.9052064418792725,False,non-offensive,0.8036984205245972,False
2024-10-30,WM-IND-004,3,"Average performance. Some features are good, others need improvement.",positive,0.61644446849823,0.5,0.34826672452702356,"{""very negative"": 0.025447191670536995, ""neutral"": 0.1476220041513443, ""positive"": 0.61644446849823, ""very positive"": 0.021131806075572968}","approval,admiration","{""approval"": 0.6711743474006653, ""admiration"": 0.3304252624511719}","[{""label"": ""approval"", ""score"": 0.6711743474006653}, {""label"": ""admiration"", ""score"": 0.3304252624511719}, {""label"": ""neutral"", ""score"": 0.1314345896244049}, {""label"": ""optimism"", ""score"": 0.0660710483789444}, {""label"": ""realization"", ""score"": 0.028510229662060738}]",non_irony,0.9071303606033325,False,non-offensive,0.930716335773468,False
2025-02-06,TV-IND-001,4,Customer service was amazing. They resolved my query within minutes.,positive,0.6071091294288635,0.5,0.5974647468222958,"{""very negative"": 0.017765464261174202, ""neutral"": 0.03513293340802193, ""positive"": 0.6071091294288635, ""very positive"": 0.31808170676231384}",admiration,"{""admiration"": 0.9301038980484009}","[{""label"": ""admiration"", ""score"": 0.9301038980484009}, {""label"": ""approval"", ""score"": 0.06624912470579147}, {""label"": ""neutral"", ""score"": 0.026406768709421158}, {""label"": ""excitement"", ""score"": 0.022681886330246925}, {""label"": ""joy"", ""score"": 0.018670279532670975}]",irony,0.8352649807929993,True,non-offensive,0.9490030407905579,False
2024-10-11,LP-IND-003,3,Mixed feelings about this. Good hardware but software needs work.,neutral,0.3529156744480133,0.0,-0.0007012398408806531,"{""very negative"": 0.02983071096241474, ""neutral"": 0.3529156744480133, ""positive"": 0.04370034858584404, ""very positive"": 0.022560112178325653}","approval,admiration","{""approval"": 0.6612764596939087, ""admiration"": 0.3483160436153412}","[{""label"": ""approval"", ""score"": 0.6612764596939087}, {""label"": ""admiration"", ""score"": 0.3483160436153412}, {""label"": ""love"", ""score"": 0.05935299023985863}, {""label"": ""neutral"", ""score"": 0.03666551783680916}, {""label"": ""confusion"", ""score"": 0.03289495036005974}]",non_irony,0.8888905644416809,False,non-offensive,0.8927906155586243,False
2024-12-10,RF-IND-008,5,"Great design, sleek and modern. Fits perfectly in my living room.",positive,0.5736238956451416,0.5,0.6753709677943955,"{""very negative"": 0.01719159446656704, ""neutral"": 0.05420605093240738, ""positive"": 0.5736238956451416, ""very positive"": 0.5736238956451416}",admiration,"{""admiration"": 0.9285853505134583}","[{""label"": ""admiration"", ""score"": 0.9285853505134583}, {""label"": ""approval"", ""score"": 0.09943830966949463}, {""label"": ""neutral"", ""score"": 0.02816888317465782}, {""label"": ""gratitude"", ""score"": 0.008972597308456898}, {""label"": ""realization"", ""score"": 0.006490301340818405}]",non_irony,0.6408451795578003,False,non-offensive,0.9143792986869812,False
2024-12-25,WM-IND-004,4,Best purchase I have made this year. Great value for money and excellent features.,positive,0.44873490929603577,0.5,0.5963910590069607,"{""very negative"": 0.028467901051044464, ""neutral"": 0.07443559914827347, ""positive"": 0.44873490929603577, ""very positive"": 0.40708863735198975}",admiration,"{""admiration"": 0.947281539440155}","[{""label"": ""admiration"", ""score"": 0.947281539440155}, {""label"": ""approval"", ""score"": 0.04991918429732323}, {""label"": ""gratitude"", ""score"": 0.017717011272907257}, {""label"": ""neutral"", ""score"": 0.016094906255602837}, {""label"": ""realization"", ""score"": 0.006029242649674416}]",non_irony,0.6735737919807434,False,non-offensive,0.953192949295044,False
2024-12-29,HP-IND-006,4,Best purchase I have made this year. Great value for money and excellent features.,positive,0.44873490929603577,0.5,0.5963910590069607,"{""very negative"": 0.028467901051044464, ""neutral"": 0.07443559914827347, ""positive"": 0.44873490929603577, ""very positive"": 0.40708863735198975}",admiration,"{""admiration"": 0.947281539440155}","[{""label"": ""admiration"", ""score"": 0.947281539440155}, {""label"": ""approval"", ""score"": 0.04991918429732323}, {""label"": ""gratitude"", ""score"": 0.017717011272907257}, {""label"": ""neutral"", ""score"": 0.016094906255602837}, {""label"": ""realization"", ""score"": 0.006029242649674416}]",non_irony,0.6735737919807434,False,non-offensive,0.953192949295044,False
2024-11-23,WM-IND-004,1,Overheats constantly during normal usage. Had to return it.,neutral,0.11558523774147034,0.0,-0.36611235721466906,"{""very negative"": 0.10191556066274643, ""neutral"": 0.11558523774147034, ""positive"": 0.016096526756882668, ""very positive"": 0.016096526756882668}",neutral,"{""neutral"": 0.9388406872749329}","[{""label"": ""neutral"", ""score"": 0.9388406872749329}, {""label"": ""approval"", ""score"": 0.02460838295519352}, {""label"": ""annoyance"", ""score"": 0.019031492993235588}, {""label"": ""realization"", ""score"": 0.016972018405795097}, {""label"": ""disappointment"", ""score"": 0.011426879093050957}]",non_irony,0.9186547994613647,False,non-offensive,0.881855309009552,False
2024-12-05,HP-IND-006,2,"Bahut achha product hai, value for money. Camera bhi bahut accha hai.",positive,0.5882152915000916,0.5,0.4220367277463888,"{""very negative"": 0.0290150735527277, ""neutral"": 0.18226198852062225, ""positive"": 0.5882152915000916, ""very positive"": 0.1714218407869339}",neutral,"{""neutral"": 0.7110043168067932}","[{""label"": ""neutral"", ""score"": 0.7110043168067932}, {""label"": ""approval"", ""score"": 0.15353593230247498}, {""label"": ""admiration"", ""score"": 0.0266432985663414}, {""label"": ""amusement"", ""score"": 0.018048683181405067}, {""label"": ""joy"", ""score"": 0.013174094259738922}]",non_irony,0.8170913457870483,False,non-offensive,0.7812522053718567,False
2024-10-13,LP-IND-003,5,"Build quality feels premium, definitely punches above its price point.",positive,0.5689269304275513,0.5,0.4307623559540791,"{""very negative"": 0.012321094051003456, ""neutral"": 0.05195668712258339, ""positive"": 0.5689269304275513, ""very positive"": 0.021232595667243004}","admiration,approval,neutral","{""admiration"": 0.4633546471595764, ""approval"": 0.39119985699653625, ""neutral"": 0.30986344814300537}","[{""label"": ""admiration"", ""score"": 0.4633546471595764}, {""label"": ""approval"", ""score"": 0.39119985699653625}, {""label"": ""neutral"", ""score"": 0.30986344814300537}, {""label"": ""realization"", ""score"": 0.013269134797155857}, {""label"": ""annoyance"", ""score"": 0.010357970371842384}]",non_irony,0.5766015648841858,False,non-offensive,0.8615878224372864,False
2024-10-27,MB-IND-002,4,"Noise cancellation is top-notch, blocks out everything around you.",positive,0.6977988481521606,0.5,0.5301263708619881,"{""very negative"": 0.018256666138768196, ""neutral"": 0.04996884986758232, ""positive"": 0.6977988481521606, ""very positive"": 0.20059357583522797}",neutral,"{""neutral"": 0.8535012602806091}","[{""label"": ""neutral"", ""score"": 0.8535012602806091}, {""label"": ""approval"", ""score"": 0.07272456586360931}, {""label"": ""annoyance"", ""score"": 0.035694435238838196}, {""label"": ""admiration"", ""score"": 0.030761508271098137}, {""label"": ""disapproval"", ""score"": 0.014540402218699455}]",irony,0.8790774345397949,True,non-offensive,0.7939949035644531,False
2024-11-23,TB-IND-007,2,Sound quality is tinny and distorted at higher volumes. Not acceptable.,very negative,0.12479760497808456,-1.0,-0.493778516965209,"{""very negative"": 0.12479760497808456, ""neutral"": 0.04836035519838333, ""positive"": 0.01610911823809147, ""very positive"": 0.01610911823809147}",disapproval,"{""disapproval"": 0.7381646633148193}","[{""label"": ""disapproval"", ""score"": 0.7381646633148193}, {""label"": ""annoyance"", ""score"": 0.21084058284759521}, {""label"": ""neutral"", ""score"": 0.112130306661129}, {""label"": ""disappointment"", ""score"": 0.06412441283464432}, {""label"": ""approval"", ""score"": 0.023751674219965935}]",non_irony,0.9257212281227112,False,non-offensive,0.7237016558647156,False
2025-02-22,AC-IND-005,2,After 3 months the motor started making grinding noises. Poor quality.,very negative,0.21506524085998535,-1.0,-0.5608611558829494,"{""very negative"": 0.21506524085998535, ""neutral"": 0.06599922478199005, ""positive"": 0.018860796466469765, ""very positive"": 0.0155870970338583}","disappointment,neutral","{""disappointment"": 0.5225762724876404, ""neutral"": 0.32229286432266235}","[{""label"": ""disappointment"", ""score"": 0.5225762724876404}, {""label"": ""neutral"", ""score"": 0.32229286432266235}, {""label"": ""annoyance"", ""score"": 0.204111248254776}, {""label"": ""sadness"", ""score"": 0.08719734847545624}, {""label"": ""disapproval"", ""score"": 0.04562728479504585}]",non_irony,0.6407272219657898,False,non-offensive,0.7529452443122864,False
2024-11-07,TB-IND-007,1,Software is buggy and crashes frequently. Needs serious updates.,very negative,0.16292156279087067,-1.0,-0.549398270482279,"{""very negative"": 0.16292156279087067, ""neutral"": 0.038247622549533844, ""positive"": 0.017066175118088722, ""very positive"": 0.017066175118088722}",annoyance,"{""annoyance"": 0.35407698154449463}","[{""label"": ""annoyance"", ""score"": 0.35407698154449463}, {""label"": ""disappointment"", ""score"": 0.2594839036464691}, {""label"": ""neutral"", ""score"": 0.24903368949890137}, {""label"": ""disapproval"", ""score"": 0.0876527801156044}, {""label"": ""approval"", ""score"": 0.08709853142499924}]",non_irony,0.9079406261444092,False,non-offensive,0.7005749940872192,False
2025-01-28,AC-IND-005,1,The promised features do not work as advertised. False marketing.,very negative,0.11003702878952026,-1.0,-0.4876406735014096,"{""very negative"": 0.11003702878952026, ""neutral"": 0.03954793140292168, ""positive"": 0.016627198085188866, ""very positive"": 0.014809762127697468}",disapproval,"{""disapproval"": 0.7108097076416016}","[{""label"": ""disapproval"", ""score"": 0.7108097076416016}, {""label"": ""disappointment"", ""score"": 0.235524520277977}, {""label"": ""annoyance"", ""score"": 0.2101682424545288}, {""label"": ""neutral"", ""score"": 0.11439910531044006}, {""label"": ""anger"", ""score"": 0.018257828429341316}]",irony,0.5804412961006165,True,non-offensive,0.8188140392303467,False
2024-10-30,TV-IND-001,2,Wash quality is superb and very gentle on clothes. But the spin cycle is noisy and takes too long.,neutral,0.12252725660800934,0.0,-0.08810374244550431,"{""very negative"": 0.028522823005914688, ""neutral"": 0.12252725660800934, ""positive"": 0.025434179231524467, ""very positive"": 0.011033188551664352}","neutral,admiration","{""neutral"": 0.3840573728084564, ""admiration"": 0.34550753235816956}","[{""label"": ""neutral"", ""score"": 0.3840573728084564}, {""label"": ""admiration"", ""score"": 0.34550753235816956}, {""label"": ""approval"", ""score"": 0.09356952458620071}, {""label"": ""disappointment"", ""score"": 0.0653710588812828}, {""label"": ""annoyance"", ""score"": 0.05638834461569786}]",irony,0.6539191007614136,True,non-offensive,0.8536752462387085,False
2024-11-28,LP-IND-003,5,The smart features are intuitive and the app integration works seamlessly.,positive,0.8389089703559875,0.5,0.49421363552263087,"{""very negative"": 0.015078968368470669, ""neutral"": 0.0321933850646019, ""positive"": 0.8389089703559875, ""very positive"": 0.09604666382074356}",approval,"{""approval"": 0.7188327312469482}","[{""label"": ""approval"", ""score"": 0.7188327312469482}, {""label"": ""neutral"", ""score"": 0.23967300355434418}, {""label"": ""admiration"", ""score"": 0.1221417710185051}, {""label"": ""realization"", ""score"": 0.02103411592543125}, {""label"": ""optimism"", ""score"": 0.010465051047503948}]",irony,0.6668115258216858,True,non-offensive,0.9256442189216614,False
2024-11-16,AC-IND-005,4,Best purchase I have made this year. Great value for money and excellent features.,positive,0.44873490929603577,0.5,0.5963910590069607,"{""very negative"": 0.028467901051044464, ""neutral"": 0.07443559914827347, ""positive"": 0.44873490929603577, ""very positive"": 0.40708863735198975}",admiration,"{""admiration"": 0.947281539440155}","[{""label"": ""admiration"", ""score"": 0.947281539440155}, {""label"": ""approval"", ""score"": 0.04991918429732323}, {""label"": ""gratitude"", ""score"": 0.017717011272907257}, {""label"": ""neutral"", ""score"": 0.016094906255602837}, {""label"": ""realization"", ""score"": 0.006029242649674416}]",non_irony,0.6735737919807434,False,non-offensive,0.953192949295044,False
2024-11-12,MB-IND-002,5,Absolutely love this product! The build quality is exceptional and performance exceeds expectations.,positive,0.7471796870231628,0.5,0.7025448596220167,"{""very negative"": 0.015530555509030819, ""neutral"": 0.036719899624586105, ""positive"": 0.7471796870231628, ""very positive"": 0.7471796870231628}","admiration,love","{""admiration"": 0.8205865025520325, ""love"": 0.7115253806114197}","[{""label"": ""admiration"", ""score"": 0.8205865025520325}, {""label"": ""love"", ""score"": 0.7115253806114197}, {""label"": ""approval"", ""score"": 0.04455780237913132}, {""label"": ""gratitude"", ""score"": 0.016261670738458633}, {""label"": ""optimism"", ""score"": 0.009366675280034542}]",non_irony,0.8729540109634399,False,non-offensive,0.9555073380470276,False
2024-12-10,TB-IND-007,5,"Fast delivery, great packaging, and the product works flawlessly.",positive,0.6741796135902405,0.5,0.5512896068214521,"{""very negative"": 0.01956154778599739, ""neutral"": 0.04252088442444801, ""positive"": 0.6741796135902405, ""very positive"": 0.24276283383369446}",admiration,"{""admiration"": 0.9123939275741577}","[{""label"": ""admiration"", ""score"": 0.9123939275741577}, {""label"": ""approval"", ""score"": 0.11531123518943787}, {""label"": ""neutral"", ""score"": 0.05167611688375473}, {""label"": ""gratitude"", ""score"": 0.016645468771457672}, {""label"": ""realization"", ""score"": 0.009102078154683113}]",irony,0.6614562273025513,True,non-offensive,0.9098259210586548,False
2024-11-01,TV-IND-001,3,It is an acceptable product. Neither great nor terrible overall.,neutral,0.6794472932815552,0.0,0.11969010975899572,"{""very negative"": 0.021728726103901863, ""neutral"": 0.6794472932815552, ""positive"": 0.24736584722995758, ""very positive"": 0.028446754440665245}",approval,"{""approval"": 0.8612683415412903}","[{""label"": ""approval"", ""score"": 0.8612683415412903}, {""label"": ""admiration"", ""score"": 0.13370481133460999}, {""label"": ""neutral"", ""score"": 0.05180679261684418}, {""label"": ""disapproval"", ""score"": 0.02096419222652912}, {""label"": ""realization"", ""score"": 0.014821445569396019}]",non_irony,0.9514107704162598,False,non-offensive,0.8791451454162598,False
2025-02-28,RF-IND-008,1,The display has dead pixels and color accuracy is way off.,very negative,0.25316378474235535,-1.0,-0.5860613671830489,"{""very negative"": 0.25316378474235535, ""neutral"": 0.05497826635837555, ""positive"": 0.019282788038253784, ""very positive"": 0.01881624571979046}","disapproval,disappointment","{""disapproval"": 0.385021835565567, ""disappointment"": 0.37208980321884155}","[{""label"": ""disapproval"", ""score"": 0.385021835565567}, {""label"": ""disappointment"", ""score"": 0.37208980321884155}, {""label"": ""neutral"", ""score"": 0.2807086706161499}, {""label"": ""annoyance"", ""score"": 0.21509088575839996}, {""label"": ""realization"", ""score"": 0.022136112675070763}]",non_irony,0.8182896375656128,False,non-offensive,0.7423754334449768,False
2024-11-29,HP-IND-006,4,"Sehr gutes Produkt, schnelle Lieferung und tolle Qualitat. Empfehlenswert!",positive,0.5607585906982422,0.5,0.63179622013243,"{""very negative"": 0.019466347992420197, ""neutral"": 0.01999477855861187, ""positive"": 0.5607585906982422, ""very positive"": 0.3811355233192444}",neutral,"{""neutral"": 0.9314554929733276}","[{""label"": ""neutral"", ""score"": 0.9314554929733276}, {""label"": ""approval"", ""score"": 0.03372388705611229}, {""label"": ""annoyance"", ""score"": 0.009257086552679539}, {""label"": ""admiration"", ""score"": 0.006478950381278992}, {""label"": ""realization"", ""score"": 0.0048216269351542}]",non_irony,0.9127270579338074,False,non-offensive,0.7963050007820129,False
2024-10-03,HP-IND-006,2,"Produit moyen, rien de special. Correct pour le prix.",neutral,0.5150242447853088,0.0,-0.05506495812182074,"{""very negative"": 0.06442885845899582, ""neutral"": 0.5150242447853088, ""positive"": 0.053058139979839325, ""very positive"": 0.03008083999156952}","neutral,approval","{""neutral"": 0.7311878800392151, ""approval"": 0.37109485268592834}","[{""label"": ""neutral"", ""score"": 0.7311878800392151}, {""label"": ""approval"", ""score"": 0.37109485268592834}, {""label"": ""realization"", ""score"": 0.009801529347896576}, {""label"": ""disapproval"", ""score"": 0.0073822857812047005}, {""label"": ""optimism"", ""score"": 0.0072937230579555035}]",non_irony,0.9293095469474792,False,non-offensive,0.8186534643173218,False
2025-01-16,TB-IND-007,4,Best purchase I have made this year. Great value for money and excellent features.,positive,0.44873490929603577,0.5,0.5963910590069607,"{""very negative"": 0.028467901051044464, ""neutral"": 0.07443559914827347, ""positive"": 0.44873490929603577, ""very positive"": 0.40708863735198975}",admiration,"{""admiration"": 0.947281539440155}","[{""label"": ""admiration"", ""score"": 0.947281539440155}, {""label"": ""approval"", ""score"": 0.04991918429732323}, {""label"": ""gratitude"", ""score"": 0.017717011272907257}, {""label"": ""neutral"", ""score"": 0.016094906255602837}, {""label"": ""realization"", ""score"": 0.006029242649674416}]",non_irony,0.6735737919807434,False,non-offensive,0.953192949295044,False
2024-11-12,LP-IND-003,5,"Build quality feels premium, definitely punches above its price point.",positive,0.5689269304275513,0.5,0.4307623559540791,"{""very negative"": 0.012321094051003456, ""neutral"": 0.05195668712258339, ""positive"": 0.5689269304275513, ""very positive"": 0.021232595667243004}","admiration,approval,neutral","{""admiration"": 0.4633546471595764, ""approval"": 0.39119985699653625, ""neutral"": 0.30986344814300537}","[{""label"": ""admiration"", ""score"": 0.4633546471595764}, {""label"": ""approval"", ""score"": 0.39119985699653625}, {""label"": ""neutral"", ""score"": 0.30986344814300537}, {""label"": ""realization"", ""score"": 0.013269134797155857}, {""label"": ""annoyance"", ""score"": 0.010357970371842384}]",non_irony,0.5766015648841858,False,non-offensive,0.8615878224372864,False
2025-03-04,AC-IND-005,5,The processor handles multitasking effortlessly. No lag whatsoever.,neutral,0.7597368359565735,0.0,0.00797338825580054,"{""very negative"": 0.045921143144369125, ""neutral"": 0.7597368359565735, ""positive"": 0.05292467027902603, ""very positive"": 0.05003025010228157}","admiration,approval,neutral","{""admiration"": 0.3868221342563629, ""approval"": 0.3720160722732544, ""neutral"": 0.3502216339111328}","[{""label"": ""admiration"", ""score"": 0.3868221342563629}, {""label"": ""approval"", ""score"": 0.3720160722732544}, {""label"": ""neutral"", ""score"": 0.3502216339111328}, {""label"": ""realization"", ""score"": 0.014902401715517044}, {""label"": ""pride"", ""score"": 0.008550484664738178}]",irony,0.5463454127311707,True,non-offensive,0.8667475581169128,False
2024-12-10,TV-IND-001,3,"Average performance. Some features are good, others need improvement.",positive,0.61644446849823,0.5,0.34826672452702356,"{""very negative"": 0.025447191670536995, ""neutral"": 0.1476220041513443, ""positive"": 0.61644446849823, ""very positive"": 0.021131806075572968}","approval,admiration","{""approval"": 0.6711743474006653, ""admiration"": 0.3304252624511719}","[{""label"": ""approval"", ""score"": 0.6711743474006653}, {""label"": ""admiration"", ""score"": 0.3304252624511719}, {""label"": ""neutral"", ""score"": 0.1314345896244049}, {""label"": ""optimism"", ""score"": 0.0660710483789444}, {""label"": ""realization"", ""score"": 0.028510229662060738}]",non_irony,0.9071303606033325,False,non-offensive,0.930716335773468,False
2025-01-12,RF-IND-008,4,"Sehr gutes Produkt, schnelle Lieferung und tolle Qualitat. Empfehlenswert!",positive,0.5607585906982422,0.5,0.63179622013243,"{""very negative"": 0.019466347992420197, ""neutral"": 0.01999477855861187, ""positive"": 0.5607585906982422, ""very positive"": 0.3811355233192444}",neutral,"{""neutral"": 0.9314554929733276}","[{""label"": ""neutral"", ""score"": 0.9314554929733276}, {""label"": ""approval"", ""score"": 0.03372388705611229}, {""label"": ""annoyance"", ""score"": 0.009257086552679539}, {""label"": ""admiration"", ""score"": 0.006478950381278992}, {""label"": ""realization"", ""score"": 0.0048216269351542}]",non_irony,0.9127270579338074,False,non-offensive,0.7963050007820129,False
2025-02-25,HP-IND-006,1,"Very noisy operation, you can hear it from across the room.",very negative,0.2273368090391159,-1.0,-0.5590371333032957,"{""very negative"": 0.2273368090391159, ""neutral"": 0.040130890905857086, ""positive"": 0.03464279696345329, ""very positive"": 0.01776937209069729}","neutral,annoyance,disgust","{""neutral"": 0.20088286697864532, ""annoyance"": 0.18471433222293854, ""disgust"": 0.029139941558241844}","[{""label"": ""neutral"", ""score"": 0.20088286697864532}, {""label"": ""annoyance"", ""score"": 0.18471433222293854}, {""label"": ""disgust"", ""score"": 0.029139941558241844}, {""label"": ""approval"", ""score"": 0.024515606462955475}, {""label"": ""anger"", ""score"": 0.023660719394683838}]",irony,0.5849149227142334,True,non-offensive,0.7706944346427917,False
2025-01-18,HP-IND-006,3,Packaging was good but product is just average in terms of quality.,neutral,0.22643636167049408,0.0,0.02154465263355148,"{""very negative"": 0.020769914612174034, ""neutral"": 0.22643636167049408, ""positive"": 0.03994236886501312, ""very positive"": 0.018210014328360558}","disappointment,admiration","{""disappointment"": 0.35051408410072327, ""admiration"": 0.31660306453704834}","[{""label"": ""disappointment"", ""score"": 0.35051408410072327}, {""label"": ""admiration"", ""score"": 0.31660306453704834}, {""label"": ""disapproval"", ""score"": 0.20833034813404083}, {""label"": ""approval"", ""score"": 0.14557017385959625}, {""label"": ""neutral"", ""score"": 0.10623263567686081}]",non_irony,0.5526584982872009,False,non-offensive,0.8434349298477173,False
2025-01-24,TB-IND-007,5,Photo quality rivals phones twice the price. Very happy with the camera.,positive,0.9200547933578491,0.5,0.4818561179793535,"{""very negative"": 0.009893827140331268, ""neutral"": 0.01960623636841774, ""positive"": 0.9200547933578491, ""very positive"": 0.03305947035551071}",joy,"{""joy"": 0.8326600790023804}","[{""label"": ""joy"", ""score"": 0.8326600790023804}, {""label"": ""admiration"", ""score"": 0.12147273868322372}, {""label"": ""approval"", ""score"": 0.08454403281211853}, {""label"": ""neutral"", ""score"": 0.041709545999765396}, {""label"": ""relief"", ""score"": 0.027668539434671402}]",non_irony,0.5060417652130127,False,non-offensive,0.9031765460968018,False
2025-02-15,MB-IND-002,2,Sound quality is tinny and distorted at higher volumes. Not acceptable.,very negative,0.12479760497808456,-1.0,-0.493778516965209,"{""very negative"": 0.12479760497808456, ""neutral"": 0.04836035519838333, ""positive"": 0.01610911823809147, ""very positive"": 0.01610911823809147}",disapproval,"{""disapproval"": 0.7381646633148193}","[{""label"": ""disapproval"", ""score"": 0.7381646633148193}, {""label"": ""annoyance"", ""score"": 0.21084058284759521}, {""label"": ""neutral"", ""score"": 0.112130306661129}, {""label"": ""disappointment"", ""score"": 0.06412441283464432}, {""label"": ""approval"", ""score"": 0.023751674219965935}]",non_irony,0.9257212281227112,False,non-offensive,0.7237016558647156,False
2024-10-13,HP-IND-006,1,Bluetooth connectivity drops every few minutes. Extremely frustrating.,very negative,0.6028462648391724,-1.0,-0.6743283178692285,"{""very negative"": 0.6028462648391724, ""neutral"": 0.050933293998241425, ""positive"": 0.02046809531748295, ""very positive"": 0.019622648134827614}",annoyance,"{""annoyance"": 0.755325436592102}","[{""label"": ""annoyance"", ""score"": 0.755325436592102}, {""label"": ""anger"", ""score"": 0.23799586296081543}, {""label"": ""neutral"", ""score"": 0.06979986280202866}, {""label"": ""disappointment"", ""score"": 0.05000713840126991}, {""label"": ""disapproval"", ""score"": 0.037070609629154205}]",irony,0.6903656721115112,True,non-offensive,0.7488885521888733,False
2024-12-04,HP-IND-006,3,Decent product for the price. Nothing extraordinary but gets the job done.,positive,0.9262930154800415,0.5,0.4699002944402194,"{""very negative"": 0.008937007747590542, ""neutral"": 0.029806025326251984, ""positive"": 0.9262930154800415, ""very positive"": 0.014957997016608715}",admiration,"{""admiration"": 0.8266987204551697}","[{""label"": ""admiration"", ""score"": 0.8266987204551697}, {""label"": ""approval"", ""score"": 0.24115855991840363}, {""label"": ""neutral"", ""score"": 0.08824765682220459}, {""label"": ""realization"", ""score"": 0.015828154981136322}, {""label"": ""gratitude"", ""score"": 0.015294903889298439}]",non_irony,0.8037245869636536,False,non-offensive,0.9300389289855957,False
2025-02-08,MB-IND-002,2,Customer service is non-existent. Been waiting 3 weeks for a response.,very negative,0.4578317105770111,-1.0,-0.579201002717572,"{""very negative"": 0.4578317105770111, ""neutral"": 0.15317650139331818, ""positive"": 0.025456801056861877, ""very positive"": 0.025456801056861877}","disappointment,annoyance","{""disappointment"": 0.5341309905052185, ""annoyance"": 0.31432658433914185}","[{""label"": ""disappointment"", ""score"": 0.5341309905052185}, {""label"": ""annoyance"", ""score"": 0.31432658433914185}, {""label"": ""neutral"", ""score"": 0.20545412600040436}, {""label"": ""disapproval"", ""score"": 0.15114009380340576}, {""label"": ""sadness"", ""score"": 0.023914506658911705}]",non_irony,0.6569333672523499,False,non-offensive,0.8544687032699585,False
2025-02-14,WM-IND-004,2,"Very noisy operation, you can hear it from across the room.",very negative,0.2273368090391159,-1.0,-0.5590371333032957,"{""very negative"": 0.2273368090391159, ""neutral"": 0.040130890905857086, ""positive"": 0.03464279696345329, ""very positive"": 0.01776937209069729}","neutral,annoyance,disgust","{""neutral"": 0.20088286697864532, ""annoyance"": 0.18471433222293854, ""disgust"": 0.029139941558241844}","[{""label"": ""neutral"", ""score"": 0.20088286697864532}, {""label"": ""annoyance"", ""score"": 0.18471433222293854}, {""label"": ""disgust"", ""score"": 0.029139941558241844}, {""label"": ""approval"", ""score"": 0.024515606462955475}, {""label"": ""anger"", ""score"": 0.023660719394683838}]",irony,0.5849149227142334,True,non-offensive,0.7706944346427917,False
2024-11-19,HP-IND-006,5,"Build quality feels premium, definitely punches above its price point.",positive,0.5689269304275513,0.5,0.4307623559540791,"{""very negative"": 0.012321094051003456, ""neutral"": 0.05195668712258339, ""positive"": 0.5689269304275513, ""very positive"": 0.021232595667243004}","admiration,approval,neutral","{""admiration"": 0.4633546471595764, ""approval"": 0.39119985699653625, ""neutral"": 0.30986344814300537}","[{""label"": ""admiration"", ""score"": 0.4633546471595764}, {""label"": ""approval"", ""score"": 0.39119985699653625}, {""label"": ""neutral"", ""score"": 0.30986344814300537}, {""label"": ""realization"", ""score"": 0.013269134797155857}, {""label"": ""annoyance"", ""score"": 0.010357970371842384}]",non_irony,0.5766015648841858,False,non-offensive,0.8615878224372864,False
2025-02-27,AC-IND-005,5,"Sound quality is phenomenal, crisp highs and deep bass. Worth every penny.",positive,0.49539729952812195,0.5,0.6590491162612364,"{""very negative"": 0.019894424825906754, ""neutral"": 0.05166413262486458, ""positive"": 0.49539729952812195, ""very positive"": 0.49539729952812195}",admiration,"{""admiration"": 0.9490026235580444}","[{""label"": ""admiration"", ""score"": 0.9490026235580444}, {""label"": ""approval"", ""score"": 0.04883971065282822}, {""label"": ""neutral"", ""score"": 0.030404893681406975}, {""label"": ""gratitude"", ""score"": 0.010029646568000317}, {""label"": ""disapproval"", ""score"": 0.006704993546009064}]",non_irony,0.7751739025115967,False,non-offensive,0.8951526284217834,False
2024-11-29,AC-IND-005,3,Decent product for the price. Nothing extraordinary but gets the job done.,positive,0.9262930154800415,0.5,0.4699002944402194,"{""very negative"": 0.008937007747590542, ""neutral"": 0.029806025326251984, ""positive"": 0.9262930154800415, ""very positive"": 0.014957997016608715}",admiration,"{""admiration"": 0.8266987204551697}","[{""label"": ""admiration"", ""score"": 0.8266987204551697}, {""label"": ""approval"", ""score"": 0.24115855991840363}, {""label"": ""neutral"", ""score"": 0.08824765682220459}, {""label"": ""realization"", ""score"": 0.015828154981136322}, {""label"": ""gratitude"", ""score"": 0.015294903889298439}]",non_irony,0.8037245869636536,False,non-offensive,0.9300389289855957,False
2024-11-18,TV-IND-001,5,The smart features are intuitive and the app integration works seamlessly.,positive,0.8389089703559875,0.5,0.49421363552263087,"{""very negative"": 0.015078968368470669, ""neutral"": 0.0321933850646019, ""positive"": 0.8389089703559875, ""very positive"": 0.09604666382074356}",approval,"{""approval"": 0.7188327312469482}","[{""label"": ""approval"", ""score"": 0.7188327312469482}, {""label"": ""neutral"", ""score"": 0.23967300355434418}, {""label"": ""admiration"", ""score"": 0.1221417710185051}, {""label"": ""realization"", ""score"": 0.02103411592543125}, {""label"": ""optimism"", ""score"": 0.010465051047503948}]",irony,0.6668115258216858,True,non-offensive,0.9256442189216614,False
2025-01-22,TV-IND-001,5,"Screen resolution is crystal clear, perfect for streaming and gaming.",positive,0.392398476600647,0.5,0.542207413406494,"{""very negative"": 0.025593694299459457, ""neutral"": 0.16940507292747498, ""positive"": 0.392398476600647, ""very positive"": 0.38130703568458557}",approval,"{""approval"": 0.5070986747741699}","[{""label"": ""approval"", ""score"": 0.5070986747741699}, {""label"": ""neutral"", ""score"": 0.2965473234653473}, {""label"": ""admiration"", ""score"": 0.2750425338745117}, {""label"": ""realization"", ""score"": 0.009711122140288353}, {""label"": ""optimism"", ""score"": 0.009128984063863754}]",irony,0.6862936615943909,True,non-offensive,0.9093480110168457,False
2025-03-05,TV-IND-001,5,Customer service was amazing. They resolved my query within minutes.,positive,0.6071091294288635,0.5,0.5974647468222958,"{""very negative"": 0.017765464261174202, ""neutral"": 0.03513293340802193, ""positive"": 0.6071091294288635, ""very positive"": 0.31808170676231384}",admiration,"{""admiration"": 0.9301038980484009}","[{""label"": ""admiration"", ""score"": 0.9301038980484009}, {""label"": ""approval"", ""score"": 0.06624912470579147}, {""label"": ""neutral"", ""score"": 0.026406768709421158}, {""label"": ""excitement"", ""score"": 0.022681886330246925}, {""label"": ""joy"", ""score"": 0.018670279532670975}]",irony,0.8352649807929993,True,non-offensive,0.9490030407905579,False
2024-12-11,MB-IND-002,2,"Installation was a nightmare, instructions were completely wrong.",very negative,0.7697422504425049,-1.0,-0.6977894863586905,"{""very negative"": 0.7697422504425049, ""neutral"": 0.036633219569921494, ""positive"": 0.020193949341773987, ""very positive"": 0.01803928054869175}",disapproval,"{""disapproval"": 0.3163321614265442}","[{""label"": ""disapproval"", ""score"": 0.3163321614265442}, {""label"": ""annoyance"", ""score"": 0.24686093628406525}, {""label"": ""disappointment"", ""score"": 0.15440554916858673}, {""label"": ""neutral"", ""score"": 0.06965956091880798}, {""label"": ""fear"", ""score"": 0.04962696135044098}]",non_irony,0.7851060032844543,False,non-offensive,0.6006593704223633,False
2025-02-04,LP-IND-003,4,The processor handles multitasking effortlessly. No lag whatsoever.,neutral,0.7597368359565735,0.0,0.00797338825580054,"{""very negative"": 0.045921143144369125, ""neutral"": 0.7597368359565735, ""positive"": 0.05292467027902603, ""very positive"": 0.05003025010228157}","admiration,approval,neutral","{""admiration"": 0.3868221342563629, ""approval"": 0.3720160722732544, ""neutral"": 0.3502216339111328}","[{""label"": ""admiration"", ""score"": 0.3868221342563629}, {""label"": ""approval"", ""score"": 0.3720160722732544}, {""label"": ""neutral"", ""score"": 0.3502216339111328}, {""label"": ""realization"", ""score"": 0.014902401715517044}, {""label"": ""pride"", ""score"": 0.008550484664738178}]",irony,0.5463454127311707,True,non-offensive,0.8667475581169128,False
2025-03-01,RF-IND-008,3,Decent product for the price. Nothing extraordinary but gets the job done.,positive,0.9262930154800415,0.5,0.4699002944402194,"{""very negative"": 0.008937007747590542, ""neutral"": 0.029806025326251984, ""positive"": 0.9262930154800415, ""very positive"": 0.014957997016608715}",admiration,"{""admiration"": 0.8266987204551697}","[{""label"": ""admiration"", ""score"": 0.8266987204551697}, {""label"": ""approval"", ""score"": 0.24115855991840363}, {""label"": ""neutral"", ""score"": 0.08824765682220459}, {""label"": ""realization"", ""score"": 0.015828154981136322}, {""label"": ""gratitude"", ""score"": 0.015294903889298439}]",non_irony,0.8037245869636536,False,non-offensive,0.9300389289855957,False
2025-01-04,MB-IND-002,5,"Sehr gutes Produkt, schnelle Lieferung und tolle Qualitat. Empfehlenswert!",positive,0.5607585906982422,0.5,0.63179622013243,"{""very negative"": 0.019466347992420197, ""neutral"": 0.01999477855861187, ""positive"": 0.5607585906982422, ""very positive"": 0.3811355233192444}",neutral,"{""neutral"": 0.9314554929733276}","[{""label"": ""neutral"", ""score"": 0.9314554929733276}, {""label"": ""approval"", ""score"": 0.03372388705611229}, {""label"": ""annoyance"", ""score"": 0.009257086552679539}, {""label"": ""admiration"", ""score"": 0.006478950381278992}, {""label"": ""realization"", ""score"": 0.0048216269351542}]",non_irony,0.9127270579338074,False,non-offensive,0.7963050007820129,False
2025-01-21,RF-IND-008,5,Customer service was amazing. They resolved my query within minutes.,positive,0.6071091294288635,0.5,0.5974647468222958,"{""very negative"": 0.017765464261174202, ""neutral"": 0.03513293340802193, ""positive"": 0.6071091294288635, ""very positive"": 0.31808170676231384}",admiration,"{""admiration"": 0.9301038980484009}","[{""label"": ""admiration"", ""score"": 0.9301038980484009}, {""label"": ""approval"", ""score"": 0.06624912470579147}, {""label"": ""neutral"", ""score"": 0.026406768709421158}, {""label"": ""excitement"", ""score"": 0.022681886330246925}, {""label"": ""joy"", ""score"": 0.018670279532670975}]",irony,0.8352649807929993,True,non-offensive,0.9490030407905579,False
2025-01-24,HP-IND-006,5,Energy efficient and very quiet operation. Highly recommend!,positive,0.7586772441864014,0.5,0.5307734316802475,"{""very negative"": 0.016845209524035454, ""neutral"": 0.03081432357430458, ""positive"": 0.7586772441864014, ""very positive"": 0.17657209932804108}",admiration,"{""admiration"": 0.8203734159469604}","[{""label"": ""admiration"", ""score"": 0.8203734159469604}, {""label"": ""approval"", ""score"": 0.24129898846149445}, {""label"": ""gratitude"", ""score"": 0.08020996302366257}, {""label"": ""neutral"", ""score"": 0.031993474811315536}, {""label"": ""optimism"", ""score"": 0.015411066822707653}]",non_irony,0.5187515020370483,False,non-offensive,0.9350569248199463,False
2025-03-05,RF-IND-008,1,The promised features do not work as advertised. False marketing.,very negative,0.11003702878952026,-1.0,-0.4876406735014096,"{""very negative"": 0.11003702878952026, ""neutral"": 0.03954793140292168, ""positive"": 0.016627198085188866, ""very positive"": 0.014809762127697468}",disapproval,"{""disapproval"": 0.7108097076416016}","[{""label"": ""disapproval"", ""score"": 0.7108097076416016}, {""label"": ""disappointment"", ""score"": 0.235524520277977}, {""label"": ""annoyance"", ""score"": 0.2101682424545288}, {""label"": ""neutral"", ""score"": 0.11439910531044006}, {""label"": ""anger"", ""score"": 0.018257828429341316}]",irony,0.5804412961006165,True,non-offensive,0.8188140392303467,False
2025-02-02,TB-IND-007,4,"Sound quality is phenomenal, crisp highs and deep bass. Worth every penny.",positive,0.49539729952812195,0.5,0.6590491162612364,"{""very negative"": 0.019894424825906754, ""neutral"": 0.05166413262486458, ""positive"": 0.49539729952812195, ""very positive"": 0.49539729952812195}",admiration,"{""admiration"": 0.9490026235580444}","[{""label"": ""admiration"", ""score"": 0.9490026235580444}, {""label"": ""approval"", ""score"": 0.04883971065282822}, {""label"": ""neutral"", ""score"": 0.030404893681406975}, {""label"": ""gratitude"", ""score"": 0.010029646568000317}, {""label"": ""disapproval"", ""score"": 0.006704993546009064}]",non_irony,0.7751739025115967,False,non-offensive,0.8951526284217834,False
2024-12-14,MB-IND-002,3,Packaging was good but product is just average in terms of quality.,neutral,0.22643636167049408,0.0,0.02154465263355148,"{""very negative"": 0.020769914612174034, ""neutral"": 0.22643636167049408, ""positive"": 0.03994236886501312, ""very positive"": 0.018210014328360558}","disappointment,admiration","{""disappointment"": 0.35051408410072327, ""admiration"": 0.31660306453704834}","[{""label"": ""disappointment"", ""score"": 0.35051408410072327}, {""label"": ""admiration"", ""score"": 0.31660306453704834}, {""label"": ""disapproval"", ""score"": 0.20833034813404083}, {""label"": ""approval"", ""score"": 0.14557017385959625}, {""label"": ""neutral"", ""score"": 0.10623263567686081}]",non_irony,0.5526584982872009,False,non-offensive,0.8434349298477173,False
2024-11-02,MB-IND-002,3,Decent product for the price. Nothing extraordinary but gets the job done.,positive,0.9262930154800415,0.5,0.4699002944402194,"{""very negative"": 0.008937007747590542, ""neutral"": 0.029806025326251984, ""positive"": 0.9262930154800415, ""very positive"": 0.014957997016608715}",admiration,"{""admiration"": 0.8266987204551697}","[{""label"": ""admiration"", ""score"": 0.8266987204551697}, {""label"": ""approval"", ""score"": 0.24115855991840363}, {""label"": ""neutral"", ""score"": 0.08824765682220459}, {""label"": ""realization"", ""score"": 0.015828154981136322}, {""label"": ""gratitude"", ""score"": 0.015294903889298439}]",non_irony,0.8037245869636536,False,non-offensive,0.9300389289855957,False
2024-12-07,MB-IND-002,1,Terrible experience. Product stopped working within a week of purchase.,very negative,0.49440306425094604,-1.0,-0.6392283390705386,"{""very negative"": 0.49440306425094604, ""neutral"": 0.08719932287931442, ""positive"": 0.01936017908155918, ""very positive"": 0.01936017908155918}",sadness,"{""sadness"": 0.39730533957481384}","[{""label"": ""sadness"", ""score"": 0.39730533957481384}, {""label"": ""fear"", ""score"": 0.2838751971721649}, {""label"": ""disappointment"", ""score"": 0.2159164994955063}, {""label"": ""nervousness"", ""score"": 0.041859596967697144}, {""label"": ""annoyance"", ""score"": 0.027089202776551247}]",non_irony,0.8665359616279602,False,non-offensive,0.810444176197052,False
2025-01-20,HP-IND-006,5,Display is gorgeous with vibrant colors and deep blacks. Very impressed!,positive,0.6351503133773804,0.5,0.581952468814245,"{""very negative"": 0.017654336988925934, ""neutral"": 0.037703920155763626, ""positive"": 0.6351503133773804, ""very positive"": 0.2894969880580902}",admiration,"{""admiration"": 0.9594106674194336}","[{""label"": ""admiration"", ""score"": 0.9594106674194336}, {""label"": ""approval"", ""score"": 0.028953349217772484}, {""label"": ""neutral"", ""score"": 0.013620489276945591}, {""label"": ""excitement"", ""score"": 0.008283348754048347}, {""label"": ""gratitude"", ""score"": 0.008044804446399212}]",non_irony,0.8086977601051331,False,non-offensive,0.9492805600166321,False
2025-03-10,AC-IND-005,5,"Screen resolution is crystal clear, perfect for streaming and gaming.",positive,0.392398476600647,0.5,0.542207413406494,"{""very negative"": 0.025593694299459457, ""neutral"": 0.16940507292747498, ""positive"": 0.392398476600647, ""very positive"": 0.38130703568458557}",approval,"{""approval"": 0.5070986747741699}","[{""label"": ""approval"", ""score"": 0.5070986747741699}, {""label"": ""neutral"", ""score"": 0.2965473234653473}, {""label"": ""admiration"", ""score"": 0.2750425338745117}, {""label"": ""realization"", ""score"": 0.009711122140288353}, {""label"": ""optimism"", ""score"": 0.009128984063863754}]",irony,0.6862936615943909,True,non-offensive,0.9093480110168457,False
2025-02-28,MB-IND-002,2,Overheats constantly during normal usage. Had to return it.,neutral,0.11558523774147034,0.0,-0.36611235721466906,"{""very negative"": 0.10191556066274643, ""neutral"": 0.11558523774147034, ""positive"": 0.016096526756882668, ""very positive"": 0.016096526756882668}",neutral,"{""neutral"": 0.9388406872749329}","[{""label"": ""neutral"", ""score"": 0.9388406872749329}, {""label"": ""approval"", ""score"": 0.02460838295519352}, {""label"": ""annoyance"", ""score"": 0.019031492993235588}, {""label"": ""realization"", ""score"": 0.016972018405795097}, {""label"": ""disappointment"", ""score"": 0.011426879093050957}]",non_irony,0.9186547994613647,False,non-offensive,0.881855309009552,False
2025-01-16,TV-IND-001,3,Mixed feelings about this. Good hardware but software needs work.,neutral,0.3529156744480133,0.0,-0.0007012398408806531,"{""very negative"": 0.02983071096241474, ""neutral"": 0.3529156744480133, ""positive"": 0.04370034858584404, ""very positive"": 0.022560112178325653}","approval,admiration","{""approval"": 0.6612764596939087, ""admiration"": 0.3483160436153412}","[{""label"": ""approval"", ""score"": 0.6612764596939087}, {""label"": ""admiration"", ""score"": 0.3483160436153412}, {""label"": ""love"", ""score"": 0.05935299023985863}, {""label"": ""neutral"", ""score"": 0.03666551783680916}, {""label"": ""confusion"", ""score"": 0.03289495036005974}]",non_irony,0.8888905644416809,False,non-offensive,0.8927906155586243,False
2025-02-23,TB-IND-007,2,Terrible experience. Product stopped working within a week of purchase.,very negative,0.49440306425094604,-1.0,-0.6392283390705386,"{""very negative"": 0.49440306425094604, ""neutral"": 0.08719932287931442, ""positive"": 0.01936017908155918, ""very positive"": 0.01936017908155918}",sadness,"{""sadness"": 0.39730533957481384}","[{""label"": ""sadness"", ""score"": 0.39730533957481384}, {""label"": ""fear"", ""score"": 0.2838751971721649}, {""label"": ""disappointment"", ""score"": 0.2159164994955063}, {""label"": ""nervousness"", ""score"": 0.041859596967697144}, {""label"": ""annoyance"", ""score"": 0.027089202776551247}]",non_irony,0.8665359616279602,False,non-offensive,0.810444176197052,False
2025-02-15,HP-IND-006,2,Sound quality is tinny and distorted at higher volumes. Not acceptable.,very negative,0.12479760497808456,-1.0,-0.493778516965209,"{""very negative"": 0.12479760497808456, ""neutral"": 0.04836035519838333, ""positive"": 0.01610911823809147, ""very positive"": 0.01610911823809147}",disapproval,"{""disapproval"": 0.7381646633148193}","[{""label"": ""disapproval"", ""score"": 0.7381646633148193}, {""label"": ""annoyance"", ""score"": 0.21084058284759521}, {""label"": ""neutral"", ""score"": 0.112130306661129}, {""label"": ""disappointment"", ""score"": 0.06412441283464432}, {""label"": ""approval"", ""score"": 0.023751674219965935}]",non_irony,0.9257212281227112,False,non-offensive,0.7237016558647156,False
2024-11-24,TB-IND-007,4,Photo quality rivals phones twice the price. Very happy with the camera.,positive,0.9200547933578491,0.5,0.4818561179793535,"{""very negative"": 0.009893827140331268, ""neutral"": 0.01960623636841774, ""positive"": 0.9200547933578491, ""very positive"": 0.03305947035551071}",joy,"{""joy"": 0.8326600790023804}","[{""label"": ""joy"", ""score"": 0.8326600790023804}, {""label"": ""admiration"", ""score"": 0.12147273868322372}, {""label"": ""approval"", ""score"": 0.08454403281211853}, {""label"": ""neutral"", ""score"": 0.041709545999765396}, {""label"": ""relief"", ""score"": 0.027668539434671402}]",non_irony,0.5060417652130127,False,non-offensive,0.9031765460968018,False
2024-12-11,TB-IND-007,3,Mixed feelings about this. Good hardware but software needs work.,neutral,0.3529156744480133,0.0,-0.0007012398408806531,"{""very negative"": 0.02983071096241474, ""neutral"": 0.3529156744480133, ""positive"": 0.04370034858584404, ""very positive"": 0.022560112178325653}","approval,admiration","{""approval"": 0.6612764596939087, ""admiration"": 0.3483160436153412}","[{""label"": ""approval"", ""score"": 0.6612764596939087}, {""label"": ""admiration"", ""score"": 0.3483160436153412}, {""label"": ""love"", ""score"": 0.05935299023985863}, {""label"": ""neutral"", ""score"": 0.03666551783680916}, {""label"": ""confusion"", ""score"": 0.03289495036005974}]",non_irony,0.8888905644416809,False,non-offensive,0.8927906155586243,False
2024-12-06,AC-IND-005,3,"Excelente producto, muy buena calidad y buen precio. Totalmente recomendado.",positive,0.5041067004203796,0.5,0.6816197815857253,"{""very negative"": 0.020635204389691353, ""neutral"": 0.014463076367974281, ""positive"": 0.5041067004203796, ""very positive"": 0.5041067004203796}",neutral,"{""neutral"": 0.6544529795646667}","[{""label"": ""neutral"", ""score"": 0.6544529795646667}, {""label"": ""admiration"", ""score"": 0.23028439283370972}, {""label"": ""approval"", ""score"": 0.12289128452539444}, {""label"": ""disapproval"", ""score"": 0.007028191816061735}, {""label"": ""realization"", ""score"": 0.0057449983432888985}]",non_irony,0.9285407662391663,False,non-offensive,0.7380510568618774,False
2025-01-08,RF-IND-008,4,"Great design, sleek and modern. Fits perfectly in my living room.",positive,0.5736238956451416,0.5,0.6753709677943955,"{""very negative"": 0.01719159446656704, ""neutral"": 0.05420605093240738, ""positive"": 0.5736238956451416, ""very positive"": 0.5736238956451416}",admiration,"{""admiration"": 0.9285853505134583}","[{""label"": ""admiration"", ""score"": 0.9285853505134583}, {""label"": ""approval"", ""score"": 0.09943830966949463}, {""label"": ""neutral"", ""score"": 0.02816888317465782}, {""label"": ""gratitude"", ""score"": 0.008972597308456898}, {""label"": ""realization"", ""score"": 0.006490301340818405}]",non_irony,0.6408451795578003,False,non-offensive,0.9143792986869812,False
2024-11-22,MB-IND-002,3,It is an acceptable product. Neither great nor terrible overall.,neutral,0.6794472932815552,0.0,0.11969010975899572,"{""very negative"": 0.021728726103901863, ""neutral"": 0.6794472932815552, ""positive"": 0.24736584722995758, ""very positive"": 0.028446754440665245}",approval,"{""approval"": 0.8612683415412903}","[{""label"": ""approval"", ""score"": 0.8612683415412903}, {""label"": ""admiration"", ""score"": 0.13370481133460999}, {""label"": ""neutral"", ""score"": 0.05180679261684418}, {""label"": ""disapproval"", ""score"": 0.02096419222652912}, {""label"": ""realization"", ""score"": 0.014821445569396019}]",non_irony,0.9514107704162598,False,non-offensive,0.8791451454162598,False
2025-01-13,MB-IND-002,5,Customer service was amazing. They resolved my query within minutes.,positive,0.6071091294288635,0.5,0.5974647468222958,"{""very negative"": 0.017765464261174202, ""neutral"": 0.03513293340802193, ""positive"": 0.6071091294288635, ""very positive"": 0.31808170676231384}",admiration,"{""admiration"": 0.9301038980484009}","[{""label"": ""admiration"", ""score"": 0.9301038980484009}, {""label"": ""approval"", ""score"": 0.06624912470579147}, {""label"": ""neutral"", ""score"": 0.026406768709421158}, {""label"": ""excitement"", ""score"": 0.022681886330246925}, {""label"": ""joy"", ""score"": 0.018670279532670975}]",irony,0.8352649807929993,True,non-offensive,0.9490030407905579,False
2024-12-03,RF-IND-008,4,"Durability is impressive, been using for 6 months with zero issues.",positive,0.8207300305366516,0.5,0.47055570951936276,"{""very negative"": 0.01670188084244728, ""neutral"": 0.05924329534173012, ""positive"": 0.8207300305366516, ""very positive"": 0.0840175449848175}",admiration,"{""admiration"": 0.901075005531311}","[{""label"": ""admiration"", ""score"": 0.901075005531311}, {""label"": ""approval"", ""score"": 0.09503141790628433}, {""label"": ""neutral"", ""score"": 0.046847887337207794}, {""label"": ""realization"", ""score"": 0.013351649045944214}, {""label"": ""gratitude"", ""score"": 0.0120680071413517}]",irony,0.8547757267951965,True,non-offensive,0.930757999420166,False
2025-01-29,MB-IND-002,3,Some features work well but others feel half-baked and unfinished.,neutral,0.11231619864702225,0.0,-0.017368461427197737,"{""very negative"": 0.024700509384274483, ""neutral"": 0.11231619864702225, ""positive"": 0.031947653740644455, ""very positive"": 0.017410876229405403}",neutral,"{""neutral"": 0.42452213168144226}","[{""label"": ""neutral"", ""score"": 0.42452213168144226}, {""label"": ""approval"", ""score"": 0.262663334608078}, {""label"": ""disapproval"", ""score"": 0.08497705310583115}, {""label"": ""disappointment"", ""score"": 0.07289377599954605}, {""label"": ""annoyance"", ""score"": 0.06537593901157379}]",non_irony,0.7920966744422913,False,non-offensive,0.8468405604362488,False
2025-01-20,MB-IND-002,3,Product is fine for basic use but power users might find it limiting.,neutral,0.2278260439634323,0.0,0.13598060049171318,"{""very negative"": 0.017182493582367897, ""neutral"": 0.2278260439634323, ""positive"": 0.11778126657009125, ""very positive"": 0.021471703425049782}","neutral,approval","{""neutral"": 0.6480686068534851, ""approval"": 0.39360511302948}","[{""label"": ""neutral"", ""score"": 0.6480686068534851}, {""label"": ""approval"", ""score"": 0.39360511302948}, {""label"": ""realization"", ""score"": 0.027473531663417816}, {""label"": ""optimism"", ""score"": 0.021502286195755005}, {""label"": ""disapproval"", ""score"": 0.013942357152700424}]",non_irony,0.6216647624969482,False,non-offensive,0.8438470363616943,False
2025-03-06,HP-IND-006,2,Overheats constantly during normal usage. Had to return it.,neutral,0.11558523774147034,0.0,-0.36611235721466906,"{""very negative"": 0.10191556066274643, ""neutral"": 0.11558523774147034, ""positive"": 0.016096526756882668, ""very positive"": 0.016096526756882668}",neutral,"{""neutral"": 0.9388406872749329}","[{""label"": ""neutral"", ""score"": 0.9388406872749329}, {""label"": ""approval"", ""score"": 0.02460838295519352}, {""label"": ""annoyance"", ""score"": 0.019031492993235588}, {""label"": ""realization"", ""score"": 0.016972018405795097}, {""label"": ""disappointment"", ""score"": 0.011426879093050957}]",non_irony,0.9186547994613647,False,non-offensive,0.881855309009552,False
2024-12-06,LP-IND-003,4,Display is gorgeous with vibrant colors and deep blacks. Very impressed!,positive,0.6351503133773804,0.5,0.581952468814245,"{""very negative"": 0.017654336988925934, ""neutral"": 0.037703920155763626, ""positive"": 0.6351503133773804, ""very positive"": 0.2894969880580902}",admiration,"{""admiration"": 0.9594106674194336}","[{""label"": ""admiration"", ""score"": 0.9594106674194336}, {""label"": ""approval"", ""score"": 0.028953349217772484}, {""label"": ""neutral"", ""score"": 0.013620489276945591}, {""label"": ""excitement"", ""score"": 0.008283348754048347}, {""label"": ""gratitude"", ""score"": 0.008044804446399212}]",non_irony,0.8086977601051331,False,non-offensive,0.9492805600166321,False
2025-02-15,TB-IND-007,4,Setup was a breeze. Works perfectly right out of the box.,positive,0.7648035287857056,0.5,0.47922752030908433,"{""very negative"": 0.018615633249282837, ""neutral"": 0.0714670941233635, ""positive"": 0.7648035287857056, ""very positive"": 0.12313982099294662}",approval,"{""approval"": 0.4734435975551605}","[{""label"": ""approval"", ""score"": 0.4734435975551605}, {""label"": ""neutral"", ""score"": 0.22926150262355804}, {""label"": ""admiration"", ""score"": 0.15972226858139038}, {""label"": ""joy"", ""score"": 0.12473662942647934}, {""label"": ""realization"", ""score"": 0.03085273876786232}]",non_irony,0.7767495512962341,False,non-offensive,0.8942966461181641,False
2024-10-29,WM-IND-004,1,Overheats constantly during normal usage. Had to return it.,neutral,0.11558523774147034,0.0,-0.36611235721466906,"{""very negative"": 0.10191556066274643, ""neutral"": 0.11558523774147034, ""positive"": 0.016096526756882668, ""very positive"": 0.016096526756882668}",neutral,"{""neutral"": 0.9388406872749329}","[{""label"": ""neutral"", ""score"": 0.9388406872749329}, {""label"": ""approval"", ""score"": 0.02460838295519352}, {""label"": ""annoyance"", ""score"": 0.019031492993235588}, {""label"": ""realization"", ""score"": 0.016972018405795097}, {""label"": ""disappointment"", ""score"": 0.011426879093050957}]",non_irony,0.9186547994613647,False,non-offensive,0.881855309009552,False
2024-10-17,WM-IND-004,4,"Lightweight and portable, perfect for travel and daily commute.",positive,0.5174983143806458,0.5,0.5698038134424869,"{""very negative"": 0.023364251479506493, ""neutral"": 0.08838778734207153, ""positive"": 0.5174983143806458, ""very positive"": 0.3443998694419861}","approval,neutral","{""approval"": 0.5351202487945557, ""neutral"": 0.32617780566215515}","[{""label"": ""approval"", ""score"": 0.5351202487945557}, {""label"": ""neutral"", ""score"": 0.32617780566215515}, {""label"": ""admiration"", ""score"": 0.16927553713321686}, {""label"": ""optimism"", ""score"": 0.009668011218309402}, {""label"": ""realization"", ""score"": 0.009552353993058205}]",non_irony,0.8543041348457336,False,non-offensive,0.9002076983451843,False
2024-10-03,MB-IND-002,5,"Bahut achha product hai, value for money. Camera bhi bahut accha hai.",positive,0.5882152915000916,0.5,0.4220367277463888,"{""very negative"": 0.0290150735527277, ""neutral"": 0.18226198852062225, ""positive"": 0.5882152915000916, ""very positive"": 0.1714218407869339}",neutral,"{""neutral"": 0.7110043168067932}","[{""label"": ""neutral"", ""score"": 0.7110043168067932}, {""label"": ""approval"", ""score"": 0.15353593230247498}, {""label"": ""admiration"", ""score"": 0.0266432985663414}, {""label"": ""amusement"", ""score"": 0.018048683181405067}, {""label"": ""joy"", ""score"": 0.013174094259738922}]",non_irony,0.8170913457870483,False,non-offensive,0.7812522053718567,False
2025-02-24,TB-IND-007,2,"Produit de mauvaise qualite, je suis tres decu. Ne recommande pas.",very negative,0.376915842294693,-1.0,-0.6515037909879426,"{""very negative"": 0.376915842294693, ""neutral"": 0.02833167091012001, ""positive"": 0.024450555443763733, ""very positive"": 0.01673412136733532}",neutral,"{""neutral"": 0.9460828304290771}","[{""label"": ""neutral"", ""score"": 0.9460828304290771}, {""label"": ""approval"", ""score"": 0.029701441526412964}, {""label"": ""disapproval"", ""score"": 0.009891659021377563}, {""label"": ""realization"", ""score"": 0.00757063552737236}, {""label"": ""annoyance"", ""score"": 0.006734327878803015}]",non_irony,0.8884108662605286,False,non-offensive,0.8112044930458069,False
2024-11-12,AC-IND-005,4,Display is gorgeous with vibrant colors and deep blacks. Very impressed!,positive,0.6351503133773804,0.5,0.581952468814245,"{""very negative"": 0.017654336988925934, ""neutral"": 0.037703920155763626, ""positive"": 0.6351503133773804, ""very positive"": 0.2894969880580902}",admiration,"{""admiration"": 0.9594106674194336}","[{""label"": ""admiration"", ""score"": 0.9594106674194336}, {""label"": ""approval"", ""score"": 0.028953349217772484}, {""label"": ""neutral"", ""score"": 0.013620489276945591}, {""label"": ""excitement"", ""score"": 0.008283348754048347}, {""label"": ""gratitude"", ""score"": 0.008044804446399212}]",non_irony,0.8086977601051331,False,non-offensive,0.9492805600166321,False
2024-12-28,MB-IND-002,3,Cooling is incredibly efficient but the noise level at full blast is quite loud. Energy savings are good.,positive,0.24520593881607056,0.5,0.32884720066623113,"{""very negative"": 0.01764993742108345, ""neutral"": 0.06515862047672272, ""positive"": 0.24520593881607056, ""very positive"": 0.0261381883174181}","admiration,approval","{""admiration"": 0.7278497815132141, ""approval"": 0.4586583375930786}","[{""label"": ""admiration"", ""score"": 0.7278497815132141}, {""label"": ""approval"", ""score"": 0.4586583375930786}, {""label"": ""neutral"", ""score"": 0.07261066138744354}, {""label"": ""realization"", ""score"": 0.01878446526825428}, {""label"": ""gratitude"", ""score"": 0.01715177297592163}]",irony,0.8304233551025391,True,non-offensive,0.8526865839958191,False
2025-03-08,RF-IND-008,3,"Build quality is premium and lightweight. However, the charging speed is disappointingly slow.",neutral,0.09587422013282776,0.0,0.02968834770806593,"{""very negative"": 0.01736418344080448, ""neutral"": 0.09587422013282776, ""positive"": 0.03667640686035156, ""very positive"": 0.013062100857496262}",disappointment,"{""disappointment"": 0.8629612326622009}","[{""label"": ""disappointment"", ""score"": 0.8629612326622009}, {""label"": ""annoyance"", ""score"": 0.09599673002958298}, {""label"": ""neutral"", ""score"": 0.0874459445476532}, {""label"": ""disapproval"", ""score"": 0.08085344731807709}, {""label"": ""sadness"", ""score"": 0.06839059293270111}]",non_irony,0.6970096826553345,False,non-offensive,0.8291838765144348,False
2025-03-13,WM-IND-004,4,Storage capacity is generous but the app crashes frequently when transferring large files.,neutral,0.21944527328014374,0.0,-0.016317923227209753,"{""very negative"": 0.026355694979429245, ""neutral"": 0.21944527328014374, ""positive"": 0.028247667476534843, ""very positive"": 0.02017846331000328}","neutral,disappointment","{""neutral"": 0.565437376499176, ""disappointment"": 0.34233924746513367}","[{""label"": ""neutral"", ""score"": 0.565437376499176}, {""label"": ""disappointment"", ""score"": 0.34233924746513367}, {""label"": ""disapproval"", ""score"": 0.0853864774107933}, {""label"": ""annoyance"", ""score"": 0.07664201408624649}, {""label"": ""approval"", ""score"": 0.055152952671051025}]",non_irony,0.8343307971954346,False,non-offensive,0.7884221076965332,False
2024-12-31,TB-IND-007,4,"Build quality feels premium, definitely punches above its price point.",positive,0.5689269304275513,0.5,0.4307623559540791,"{""very negative"": 0.012321094051003456, ""neutral"": 0.05195668712258339, ""positive"": 0.5689269304275513, ""very positive"": 0.021232595667243004}","admiration,approval,neutral","{""admiration"": 0.4633546471595764, ""approval"": 0.39119985699653625, ""neutral"": 0.30986344814300537}","[{""label"": ""admiration"", ""score"": 0.4633546471595764}, {""label"": ""approval"", ""score"": 0.39119985699653625}, {""label"": ""neutral"", ""score"": 0.30986344814300537}, {""label"": ""realization"", ""score"": 0.013269134797155857}, {""label"": ""annoyance"", ""score"": 0.010357970371842384}]",non_irony,0.5766015648841858,False,non-offensive,0.8615878224372864,False
2024-10-04,TB-IND-007,4,"Durability is impressive, been using for 6 months with zero issues.",positive,0.8207300305366516,0.5,0.47055570951936276,"{""very negative"": 0.01670188084244728, ""neutral"": 0.05924329534173012, ""positive"": 0.8207300305366516, ""very positive"": 0.0840175449848175}",admiration,"{""admiration"": 0.901075005531311}","[{""label"": ""admiration"", ""score"": 0.901075005531311}, {""label"": ""approval"", ""score"": 0.09503141790628433}, {""label"": ""neutral"", ""score"": 0.046847887337207794}, {""label"": ""realization"", ""score"": 0.013351649045944214}, {""label"": ""gratitude"", ""score"": 0.0120680071413517}]",irony,0.8547757267951965,True,non-offensive,0.930757999420166,False
2024-12-31,RF-IND-008,2,Customer service is non-existent. Been waiting 3 weeks for a response.,very negative,0.4578317105770111,-1.0,-0.579201002717572,"{""very negative"": 0.4578317105770111, ""neutral"": 0.15317650139331818, ""positive"": 0.025456801056861877, ""very positive"": 0.025456801056861877}","disappointment,annoyance","{""disappointment"": 0.5341309905052185, ""annoyance"": 0.31432658433914185}","[{""label"": ""disappointment"", ""score"": 0.5341309905052185}, {""label"": ""annoyance"", ""score"": 0.31432658433914185}, {""label"": ""neutral"", ""score"": 0.20545412600040436}, {""label"": ""disapproval"", ""score"": 0.15114009380340576}, {""label"": ""sadness"", ""score"": 0.023914506658911705}]",non_irony,0.6569333672523499,False,non-offensive,0.8544687032699585,False
2024-10-09,MB-IND-002,3,Product is fine for basic use but power users might find it limiting.,neutral,0.2278260439634323,0.0,0.13598060049171318,"{""very negative"": 0.017182493582367897, ""neutral"": 0.2278260439634323, ""positive"": 0.11778126657009125, ""very positive"": 0.021471703425049782}","neutral,approval","{""neutral"": 0.6480686068534851, ""approval"": 0.39360511302948}","[{""label"": ""neutral"", ""score"": 0.6480686068534851}, {""label"": ""approval"", ""score"": 0.39360511302948}, {""label"": ""realization"", ""score"": 0.027473531663417816}, {""label"": ""optimism"", ""score"": 0.021502286195755005}, {""label"": ""disapproval"", ""score"": 0.013942357152700424}]",non_irony,0.6216647624969482,False,non-offensive,0.8438470363616943,False
2025-01-02,TB-IND-007,1,What a fantastic feature - random shutdowns keep life exciting and unpredictable!,positive,0.5706542134284973,0.5,0.649035807029748,"{""very negative"": 0.027282441034913063, ""neutral"": 0.05992436781525612, ""positive"": 0.5706542134284973, ""very positive"": 0.5706542134284973}","excitement,admiration","{""excitement"": 0.6452254056930542, ""admiration"": 0.5212389230728149}","[{""label"": ""excitement"", ""score"": 0.6452254056930542}, {""label"": ""admiration"", ""score"": 0.5212389230728149}, {""label"": ""joy"", ""score"": 0.09005238115787506}, {""label"": ""curiosity"", ""score"": 0.03715738654136658}, {""label"": ""approval"", ""score"": 0.03235604241490364}]",irony,0.9249007105827332,True,non-offensive,0.9284485578536987,False
2025-02-26,AC-IND-005,5,The processor handles multitasking effortlessly. No lag whatsoever.,neutral,0.7597368359565735,0.0,0.00797338825580054,"{""very negative"": 0.045921143144369125, ""neutral"": 0.7597368359565735, ""positive"": 0.05292467027902603, ""very positive"": 0.05003025010228157}","admiration,approval,neutral","{""admiration"": 0.3868221342563629, ""approval"": 0.3720160722732544, ""neutral"": 0.3502216339111328}","[{""label"": ""admiration"", ""score"": 0.3868221342563629}, {""label"": ""approval"", ""score"": 0.3720160722732544}, {""label"": ""neutral"", ""score"": 0.3502216339111328}, {""label"": ""realization"", ""score"": 0.014902401715517044}, {""label"": ""pride"", ""score"": 0.008550484664738178}]",irony,0.5463454127311707,True,non-offensive,0.8667475581169128,False
2025-03-04,LP-IND-003,3,"Average performance. Some features are good, others need improvement.",positive,0.61644446849823,0.5,0.34826672452702356,"{""very negative"": 0.025447191670536995, ""neutral"": 0.1476220041513443, ""positive"": 0.61644446849823, ""very positive"": 0.021131806075572968}","approval,admiration","{""approval"": 0.6711743474006653, ""admiration"": 0.3304252624511719}","[{""label"": ""approval"", ""score"": 0.6711743474006653}, {""label"": ""admiration"", ""score"": 0.3304252624511719}, {""label"": ""neutral"", ""score"": 0.1314345896244049}, {""label"": ""optimism"", ""score"": 0.0660710483789444}, {""label"": ""realization"", ""score"": 0.028510229662060738}]",non_irony,0.9071303606033325,False,non-offensive,0.930716335773468,False
2025-03-02,HP-IND-006,3,Some features work well but others feel half-baked and unfinished.,neutral,0.11231619864702225,0.0,-0.017368461427197737,"{""very negative"": 0.024700509384274483, ""neutral"": 0.11231619864702225, ""positive"": 0.031947653740644455, ""very positive"": 0.017410876229405403}",neutral,"{""neutral"": 0.42452213168144226}","[{""label"": ""neutral"", ""score"": 0.42452213168144226}, {""label"": ""approval"", ""score"": 0.262663334608078}, {""label"": ""disapproval"", ""score"": 0.08497705310583115}, {""label"": ""disappointment"", ""score"": 0.07289377599954605}, {""label"": ""annoyance"", ""score"": 0.06537593901157379}]",non_irony,0.7920966744422913,False,non-offensive,0.8468405604362488,False
2024-11-24,TV-IND-001,2,"Produit moyen, rien de special. Correct pour le prix.",neutral,0.5150242447853088,0.0,-0.05506495812182074,"{""very negative"": 0.06442885845899582, ""neutral"": 0.5150242447853088, ""positive"": 0.053058139979839325, ""very positive"": 0.03008083999156952}","neutral,approval","{""neutral"": 0.7311878800392151, ""approval"": 0.37109485268592834}","[{""label"": ""neutral"", ""score"": 0.7311878800392151}, {""label"": ""approval"", ""score"": 0.37109485268592834}, {""label"": ""realization"", ""score"": 0.009801529347896576}, {""label"": ""disapproval"", ""score"": 0.0073822857812047005}, {""label"": ""optimism"", ""score"": 0.0072937230579555035}]",non_irony,0.9293095469474792,False,non-offensive,0.8186534643173218,False
2025-01-02,MB-IND-002,2,The battery dies faster than my enthusiasm for this brand. Remarkable achievement!,positive,0.7221293449401855,0.5,0.7025799770686348,"{""very negative"": 0.0158077459782362, ""neutral"": 0.03211413696408272, ""positive"": 0.7221293449401855, ""very positive"": 0.7221293449401855}",admiration,"{""admiration"": 0.9155632853507996}","[{""label"": ""admiration"", ""score"": 0.9155632853507996}, {""label"": ""approval"", ""score"": 0.058518778532743454}, {""label"": ""excitement"", ""score"": 0.057543788105249405}, {""label"": ""neutral"", ""score"": 0.024362027645111084}, {""label"": ""surprise"", ""score"": 0.020907849073410034}]",irony,0.943659245967865,True,non-offensive,0.8459072709083557,False
2024-11-09,HP-IND-006,5,"Noise cancellation is top-notch, blocks out everything around you.",positive,0.6977988481521606,0.5,0.5301263708619881,"{""very negative"": 0.018256666138768196, ""neutral"": 0.04996884986758232, ""positive"": 0.6977988481521606, ""very positive"": 0.20059357583522797}",neutral,"{""neutral"": 0.8535012602806091}","[{""label"": ""neutral"", ""score"": 0.8535012602806091}, {""label"": ""approval"", ""score"": 0.07272456586360931}, {""label"": ""annoyance"", ""score"": 0.035694435238838196}, {""label"": ""admiration"", ""score"": 0.030761508271098137}, {""label"": ""disapproval"", ""score"": 0.014540402218699455}]",irony,0.8790774345397949,True,non-offensive,0.7939949035644531,False
2024-10-30,LP-IND-003,4,"Screen resolution is crystal clear, perfect for streaming and gaming.",positive,0.392398476600647,0.5,0.542207413406494,"{""very negative"": 0.025593694299459457, ""neutral"": 0.16940507292747498, ""positive"": 0.392398476600647, ""very positive"": 0.38130703568458557}",approval,"{""approval"": 0.5070986747741699}","[{""label"": ""approval"", ""score"": 0.5070986747741699}, {""label"": ""neutral"", ""score"": 0.2965473234653473}, {""label"": ""admiration"", ""score"": 0.2750425338745117}, {""label"": ""realization"", ""score"": 0.009711122140288353}, {""label"": ""optimism"", ""score"": 0.009128984063863754}]",irony,0.6862936615943909,True,non-offensive,0.9093480110168457,False
2024-11-26,TV-IND-001,4,"Sehr gutes Produkt, schnelle Lieferung und tolle Qualitat. Empfehlenswert!",positive,0.5607585906982422,0.5,0.63179622013243,"{""very negative"": 0.019466347992420197, ""neutral"": 0.01999477855861187, ""positive"": 0.5607585906982422, ""very positive"": 0.3811355233192444}",neutral,"{""neutral"": 0.9314554929733276}","[{""label"": ""neutral"", ""score"": 0.9314554929733276}, {""label"": ""approval"", ""score"": 0.03372388705611229}, {""label"": ""annoyance"", ""score"": 0.009257086552679539}, {""label"": ""admiration"", ""score"": 0.006478950381278992}, {""label"": ""realization"", ""score"": 0.0048216269351542}]",non_irony,0.9127270579338074,False,non-offensive,0.7963050007820129,False
2025-01-16,AC-IND-005,4,"Battery life is incredible, easily lasts two full days with heavy usage.",positive,0.5513941645622253,0.5,0.65847089364473,"{""very negative"": 0.022336257621645927, ""neutral"": 0.05773572251200676, ""positive"": 0.5513941645622253, ""very positive"": 0.5513941645622253}",admiration,"{""admiration"": 0.9398247599601746}","[{""label"": ""admiration"", ""score"": 0.9398247599601746}, {""label"": ""approval"", ""score"": 0.055740565061569214}, {""label"": ""neutral"", ""score"": 0.025282323360443115}, {""label"": ""excitement"", ""score"": 0.016244882717728615}, {""label"": ""optimism"", ""score"": 0.009911395609378815}]",irony,0.7044013738632202,True,non-offensive,0.8911383748054504,False
2025-01-15,AC-IND-005,4,The smart features are intuitive and the app integration works seamlessly.,positive,0.8389089703559875,0.5,0.49421363552263087,"{""very negative"": 0.015078968368470669, ""neutral"": 0.0321933850646019, ""positive"": 0.8389089703559875, ""very positive"": 0.09604666382074356}",approval,"{""approval"": 0.7188327312469482}","[{""label"": ""approval"", ""score"": 0.7188327312469482}, {""label"": ""neutral"", ""score"": 0.23967300355434418}, {""label"": ""admiration"", ""score"": 0.1221417710185051}, {""label"": ""realization"", ""score"": 0.02103411592543125}, {""label"": ""optimism"", ""score"": 0.010465051047503948}]",irony,0.6668115258216858,True,non-offensive,0.9256442189216614,False
2025-01-18,TV-IND-001,1,Build quality is cheap and flimsy. Does not feel worth the price at all.,very negative,0.14990851283073425,-1.0,-0.560529625903086,"{""very negative"": 0.14990851283073425, ""neutral"": 0.028574587777256966, ""positive"": 0.015562235377728939, ""very positive"": 0.015562235377728939}",disapproval,"{""disapproval"": 0.5688949823379517}","[{""label"": ""disapproval"", ""score"": 0.5688949823379517}, {""label"": ""annoyance"", ""score"": 0.26531776785850525}, {""label"": ""disappointment"", ""score"": 0.19667105376720428}, {""label"": ""neutral"", ""score"": 0.17501303553581238}, {""label"": ""approval"", ""score"": 0.019899286329746246}]",non_irony,0.9473848938941956,False,non-offensive,0.6788666248321533,False
2025-03-11,HP-IND-006,5,Setup was a breeze. Works perfectly right out of the box.,positive,0.7648035287857056,0.5,0.47922752030908433,"{""very negative"": 0.018615633249282837, ""neutral"": 0.0714670941233635, ""positive"": 0.7648035287857056, ""very positive"": 0.12313982099294662}",approval,"{""approval"": 0.4734435975551605}","[{""label"": ""approval"", ""score"": 0.4734435975551605}, {""label"": ""neutral"", ""score"": 0.22926150262355804}, {""label"": ""admiration"", ""score"": 0.15972226858139038}, {""label"": ""joy"", ""score"": 0.12473662942647934}, {""label"": ""realization"", ""score"": 0.03085273876786232}]",non_irony,0.7767495512962341,False,non-offensive,0.8942966461181641,False
2024-10-31,WM-IND-004,5,Setup was a breeze. Works perfectly right out of the box.,positive,0.7648035287857056,0.5,0.47922752030908433,"{""very negative"": 0.018615633249282837, ""neutral"": 0.0714670941233635, ""positive"": 0.7648035287857056, ""very positive"": 0.12313982099294662}",approval,"{""approval"": 0.4734435975551605}","[{""label"": ""approval"", ""score"": 0.4734435975551605}, {""label"": ""neutral"", ""score"": 0.22926150262355804}, {""label"": ""admiration"", ""score"": 0.15972226858139038}, {""label"": ""joy"", ""score"": 0.12473662942647934}, {""label"": ""realization"", ""score"": 0.03085273876786232}]",non_irony,0.7767495512962341,False,non-offensive,0.8942966461181641,False
2024-11-08,WM-IND-004,5,"Fast delivery, great packaging, and the product works flawlessly.",positive,0.6741796135902405,0.5,0.5512896068214521,"{""very negative"": 0.01956154778599739, ""neutral"": 0.04252088442444801, ""positive"": 0.6741796135902405, ""very positive"": 0.24276283383369446}",admiration,"{""admiration"": 0.9123939275741577}","[{""label"": ""admiration"", ""score"": 0.9123939275741577}, {""label"": ""approval"", ""score"": 0.11531123518943787}, {""label"": ""neutral"", ""score"": 0.05167611688375473}, {""label"": ""gratitude"", ""score"": 0.016645468771457672}, {""label"": ""realization"", ""score"": 0.009102078154683113}]",irony,0.6614562273025513,True,non-offensive,0.9098259210586548,False
2025-02-26,TB-IND-007,4,Display is gorgeous with vibrant colors and deep blacks. Very impressed!,positive,0.6351503133773804,0.5,0.581952468814245,"{""very negative"": 0.017654336988925934, ""neutral"": 0.037703920155763626, ""positive"": 0.6351503133773804, ""very positive"": 0.2894969880580902}",admiration,"{""admiration"": 0.9594106674194336}","[{""label"": ""admiration"", ""score"": 0.9594106674194336}, {""label"": ""approval"", ""score"": 0.028953349217772484}, {""label"": ""neutral"", ""score"": 0.013620489276945591}, {""label"": ""excitement"", ""score"": 0.008283348754048347}, {""label"": ""gratitude"", ""score"": 0.008044804446399212}]",non_irony,0.8086977601051331,False,non-offensive,0.9492805600166321,False
2024-11-24,WM-IND-004,5,"Produit moyen, rien de special. Correct pour le prix.",neutral,0.5150242447853088,0.0,-0.05506495812182074,"{""very negative"": 0.06442885845899582, ""neutral"": 0.5150242447853088, ""positive"": 0.053058139979839325, ""very positive"": 0.03008083999156952}","neutral,approval","{""neutral"": 0.7311878800392151, ""approval"": 0.37109485268592834}","[{""label"": ""neutral"", ""score"": 0.7311878800392151}, {""label"": ""approval"", ""score"": 0.37109485268592834}, {""label"": ""realization"", ""score"": 0.009801529347896576}, {""label"": ""disapproval"", ""score"": 0.0073822857812047005}, {""label"": ""optimism"", ""score"": 0.0072937230579555035}]",non_irony,0.9293095469474792,False,non-offensive,0.8186534643173218,False
2024-11-05,RF-IND-008,2,"Produit moyen, rien de special. Correct pour le prix.",neutral,0.5150242447853088,0.0,-0.05506495812182074,"{""very negative"": 0.06442885845899582, ""neutral"": 0.5150242447853088, ""positive"": 0.053058139979839325, ""very positive"": 0.03008083999156952}","neutral,approval","{""neutral"": 0.7311878800392151, ""approval"": 0.37109485268592834}","[{""label"": ""neutral"", ""score"": 0.7311878800392151}, {""label"": ""approval"", ""score"": 0.37109485268592834}, {""label"": ""realization"", ""score"": 0.009801529347896576}, {""label"": ""disapproval"", ""score"": 0.0073822857812047005}, {""label"": ""optimism"", ""score"": 0.0072937230579555035}]",non_irony,0.9293095469474792,False,non-offensive,0.8186534643173218,False
2024-12-21,WM-IND-004,2,"Installation was a nightmare, instructions were completely wrong.",very negative,0.7697422504425049,-1.0,-0.6977894863586905,"{""very negative"": 0.7697422504425049, ""neutral"": 0.036633219569921494, ""positive"": 0.020193949341773987, ""very positive"": 0.01803928054869175}",disapproval,"{""disapproval"": 0.3163321614265442}","[{""label"": ""disapproval"", ""score"": 0.3163321614265442}, {""label"": ""annoyance"", ""score"": 0.24686093628406525}, {""label"": ""disappointment"", ""score"": 0.15440554916858673}, {""label"": ""neutral"", ""score"": 0.06965956091880798}, {""label"": ""fear"", ""score"": 0.04962696135044098}]",non_irony,0.7851060032844543,False,non-offensive,0.6006593704223633,False
2024-10-20,TB-IND-007,2,I just love paying premium prices for something that works half the time. Wonderful!,positive,0.4681796431541443,0.5,0.3093943984333868,"{""very negative"": 0.08025987446308136, ""neutral"": 0.054569948464632034, ""positive"": 0.4681796431541443, ""very positive"": 0.14146959781646729}","love,admiration","{""love"": 0.9180864095687866, ""admiration"": 0.30730876326560974}","[{""label"": ""love"", ""score"": 0.9180864095687866}, {""label"": ""admiration"", ""score"": 0.30730876326560974}, {""label"": ""joy"", ""score"": 0.07236479967832565}, {""label"": ""approval"", ""score"": 0.03508445620536804}, {""label"": ""excitement"", ""score"": 0.01018813531845808}]",irony,0.9883338212966919,True,non-offensive,0.9597514867782593,False
2024-12-19,LP-IND-003,3,Some features work well but others feel half-baked and unfinished.,neutral,0.11231619864702225,0.0,-0.017368461427197737,"{""very negative"": 0.024700509384274483, ""neutral"": 0.11231619864702225, ""positive"": 0.031947653740644455, ""very positive"": 0.017410876229405403}",neutral,"{""neutral"": 0.42452213168144226}","[{""label"": ""neutral"", ""score"": 0.42452213168144226}, {""label"": ""approval"", ""score"": 0.262663334608078}, {""label"": ""disapproval"", ""score"": 0.08497705310583115}, {""label"": ""disappointment"", ""score"": 0.07289377599954605}, {""label"": ""annoyance"", ""score"": 0.06537593901157379}]",non_irony,0.7920966744422913,False,non-offensive,0.8468405604362488,False
2024-10-05,MB-IND-002,3,Picture quality is cinema-grade but the smart TV interface is sluggish and outdated.,neutral,0.11210909485816956,0.0,-0.3432767988114281,"{""very negative"": 0.09767726063728333, ""neutral"": 0.11210909485816956, ""positive"": 0.01873759925365448, ""very positive"": 0.01873759925365448}","disappointment,neutral","{""disappointment"": 0.4849526882171631, ""neutral"": 0.30056726932525635}","[{""label"": ""disappointment"", ""score"": 0.4849526882171631}, {""label"": ""neutral"", ""score"": 0.30056726932525635}, {""label"": ""annoyance"", ""score"": 0.28581249713897705}, {""label"": ""disapproval"", ""score"": 0.16970854997634888}, {""label"": ""realization"", ""score"": 0.04120287299156189}]",non_irony,0.5747299194335938,False,non-offensive,0.7664331793785095,False
2025-01-19,HP-IND-006,4,"Fast delivery, great packaging, and the product works flawlessly.",positive,0.6741796135902405,0.5,0.5512896068214521,"{""very negative"": 0.01956154778599739, ""neutral"": 0.04252088442444801, ""positive"": 0.6741796135902405, ""very positive"": 0.24276283383369446}",admiration,"{""admiration"": 0.9123939275741577}","[{""label"": ""admiration"", ""score"": 0.9123939275741577}, {""label"": ""approval"", ""score"": 0.11531123518943787}, {""label"": ""neutral"", ""score"": 0.05167611688375473}, {""label"": ""gratitude"", ""score"": 0.016645468771457672}, {""label"": ""realization"", ""score"": 0.009102078154683113}]",irony,0.6614562273025513,True,non-offensive,0.9098259210586548,False
2024-10-11,TB-IND-007,4,Display is gorgeous with vibrant colors and deep blacks. Very impressed!,positive,0.6351503133773804,0.5,0.581952468814245,"{""very negative"": 0.017654336988925934, ""neutral"": 0.037703920155763626, ""positive"": 0.6351503133773804, ""very positive"": 0.2894969880580902}",admiration,"{""admiration"": 0.9594106674194336}","[{""label"": ""admiration"", ""score"": 0.9594106674194336}, {""label"": ""approval"", ""score"": 0.028953349217772484}, {""label"": ""neutral"", ""score"": 0.013620489276945591}, {""label"": ""excitement"", ""score"": 0.008283348754048347}, {""label"": ""gratitude"", ""score"": 0.008044804446399212}]",non_irony,0.8086977601051331,False,non-offensive,0.9492805600166321,False
2024-11-13,MB-IND-002,2,Screen cracked with normal use. Quality control is terrible.,very negative,0.5559578537940979,-1.0,-0.6692550732481275,"{""very negative"": 0.5559578537940979, ""neutral"": 0.049877576529979706, ""positive"": 0.019869836047291756, ""very positive"": 0.019869836047291756}",fear,"{""fear"": 0.6690434813499451}","[{""label"": ""fear"", ""score"": 0.6690434813499451}, {""label"": ""disgust"", ""score"": 0.12236551195383072}, {""label"": ""neutral"", ""score"": 0.052940722554922104}, {""label"": ""annoyance"", ""score"": 0.04901452735066414}, {""label"": ""disapproval"", ""score"": 0.03401099890470505}]",non_irony,0.7531394362449646,False,non-offensive,0.6582257747650146,False
2025-01-05,LP-IND-003,3,It is an acceptable product. Neither great nor terrible overall.,neutral,0.6794472932815552,0.0,0.11969010975899572,"{""very negative"": 0.021728726103901863, ""neutral"": 0.6794472932815552, ""positive"": 0.24736584722995758, ""very positive"": 0.028446754440665245}",approval,"{""approval"": 0.8612683415412903}","[{""label"": ""approval"", ""score"": 0.8612683415412903}, {""label"": ""admiration"", ""score"": 0.13370481133460999}, {""label"": ""neutral"", ""score"": 0.05180679261684418}, {""label"": ""disapproval"", ""score"": 0.02096419222652912}, {""label"": ""realization"", ""score"": 0.014821445569396019}]",non_irony,0.9514107704162598,False,non-offensive,0.8791451454162598,False
2025-02-18,TV-IND-001,1,After 3 months the motor started making grinding noises. Poor quality.,very negative,0.21506524085998535,-1.0,-0.5608611558829494,"{""very negative"": 0.21506524085998535, ""neutral"": 0.06599922478199005, ""positive"": 0.018860796466469765, ""very positive"": 0.0155870970338583}","disappointment,neutral","{""disappointment"": 0.5225762724876404, ""neutral"": 0.32229286432266235}","[{""label"": ""disappointment"", ""score"": 0.5225762724876404}, {""label"": ""neutral"", ""score"": 0.32229286432266235}, {""label"": ""annoyance"", ""score"": 0.204111248254776}, {""label"": ""sadness"", ""score"": 0.08719734847545624}, {""label"": ""disapproval"", ""score"": 0.04562728479504585}]",non_irony,0.6407272219657898,False,non-offensive,0.7529452443122864,False
2024-12-27,HP-IND-006,2,Overheats constantly during normal usage. Had to return it.,neutral,0.11558523774147034,0.0,-0.36611235721466906,"{""very negative"": 0.10191556066274643, ""neutral"": 0.11558523774147034, ""positive"": 0.016096526756882668, ""very positive"": 0.016096526756882668}",neutral,"{""neutral"": 0.9388406872749329}","[{""label"": ""neutral"", ""score"": 0.9388406872749329}, {""label"": ""approval"", ""score"": 0.02460838295519352}, {""label"": ""annoyance"", ""score"": 0.019031492993235588}, {""label"": ""realization"", ""score"": 0.016972018405795097}, {""label"": ""disappointment"", ""score"": 0.011426879093050957}]",non_irony,0.9186547994613647,False,non-offensive,0.881855309009552,False
2024-12-14,WM-IND-004,5,Setup was a breeze. Works perfectly right out of the box.,positive,0.7648035287857056,0.5,0.47922752030908433,"{""very negative"": 0.018615633249282837, ""neutral"": 0.0714670941233635, ""positive"": 0.7648035287857056, ""very positive"": 0.12313982099294662}",approval,"{""approval"": 0.4734435975551605}","[{""label"": ""approval"", ""score"": 0.4734435975551605}, {""label"": ""neutral"", ""score"": 0.22926150262355804}, {""label"": ""admiration"", ""score"": 0.15972226858139038}, {""label"": ""joy"", ""score"": 0.12473662942647934}, {""label"": ""realization"", ""score"": 0.03085273876786232}]",non_irony,0.7767495512962341,False,non-offensive,0.8942966461181641,False
2024-11-03,MB-IND-002,2,"Sehr gutes Produkt, schnelle Lieferung und tolle Qualitat. Empfehlenswert!",positive,0.5607585906982422,0.5,0.63179622013243,"{""very negative"": 0.019466347992420197, ""neutral"": 0.01999477855861187, ""positive"": 0.5607585906982422, ""very positive"": 0.3811355233192444}",neutral,"{""neutral"": 0.9314554929733276}","[{""label"": ""neutral"", ""score"": 0.9314554929733276}, {""label"": ""approval"", ""score"": 0.03372388705611229}, {""label"": ""annoyance"", ""score"": 0.009257086552679539}, {""label"": ""admiration"", ""score"": 0.006478950381278992}, {""label"": ""realization"", ""score"": 0.0048216269351542}]",non_irony,0.9127270579338074,False,non-offensive,0.7963050007820129,False
2024-11-15,LP-IND-003,5,The processor handles multitasking effortlessly. No lag whatsoever.,neutral,0.7597368359565735,0.0,0.00797338825580054,"{""very negative"": 0.045921143144369125, ""neutral"": 0.7597368359565735, ""positive"": 0.05292467027902603, ""very positive"": 0.05003025010228157}","admiration,approval,neutral","{""admiration"": 0.3868221342563629, ""approval"": 0.3720160722732544, ""neutral"": 0.3502216339111328}","[{""label"": ""admiration"", ""score"": 0.3868221342563629}, {""label"": ""approval"", ""score"": 0.3720160722732544}, {""label"": ""neutral"", ""score"": 0.3502216339111328}, {""label"": ""realization"", ""score"": 0.014902401715517044}, {""label"": ""pride"", ""score"": 0.008550484664738178}]",irony,0.5463454127311707,True,non-offensive,0.8667475581169128,False
2024-12-25,HP-IND-006,5,Display is gorgeous with vibrant colors and deep blacks. Very impressed!,positive,0.6351503133773804,0.5,0.581952468814245,"{""very negative"": 0.017654336988925934, ""neutral"": 0.037703920155763626, ""positive"": 0.6351503133773804, ""very positive"": 0.2894969880580902}",admiration,"{""admiration"": 0.9594106674194336}","[{""label"": ""admiration"", ""score"": 0.9594106674194336}, {""label"": ""approval"", ""score"": 0.028953349217772484}, {""label"": ""neutral"", ""score"": 0.013620489276945591}, {""label"": ""excitement"", ""score"": 0.008283348754048347}, {""label"": ""gratitude"", ""score"": 0.008044804446399212}]",non_irony,0.8086977601051331,False,non-offensive,0.9492805600166321,False
2025-01-01,WM-IND-004,3,Some features work well but others feel half-baked and unfinished.,neutral,0.11231619864702225,0.0,-0.017368461427197737,"{""very negative"": 0.024700509384274483, ""neutral"": 0.11231619864702225, ""positive"": 0.031947653740644455, ""very positive"": 0.017410876229405403}",neutral,"{""neutral"": 0.42452213168144226}","[{""label"": ""neutral"", ""score"": 0.42452213168144226}, {""label"": ""approval"", ""score"": 0.262663334608078}, {""label"": ""disapproval"", ""score"": 0.08497705310583115}, {""label"": ""disappointment"", ""score"": 0.07289377599954605}, {""label"": ""annoyance"", ""score"": 0.06537593901157379}]",non_irony,0.7920966744422913,False,non-offensive,0.8468405604362488,False
2024-10-11,TV-IND-001,4,Excellent cooling performance even during peak summer. Very satisfied.,positive,0.7707273960113525,0.5,0.5362639801740339,"{""very negative"": 0.014967979863286018, ""neutral"": 0.02442777529358864, ""positive"": 0.7707273960113525, ""very positive"": 0.17155218124389648}",admiration,"{""admiration"": 0.9331638216972351}","[{""label"": ""admiration"", ""score"": 0.9331638216972351}, {""label"": ""approval"", ""score"": 0.07154010981321335}, {""label"": ""gratitude"", ""score"": 0.04528460651636124}, {""label"": ""neutral"", ""score"": 0.019264668226242065}, {""label"": ""joy"", ""score"": 0.010110114701092243}]",non_irony,0.602388322353363,False,non-offensive,0.9177484512329102,False
2025-02-25,TV-IND-001,3,Product is fine for basic use but power users might find it limiting.,neutral,0.2278260439634323,0.0,0.13598060049171318,"{""very negative"": 0.017182493582367897, ""neutral"": 0.2278260439634323, ""positive"": 0.11778126657009125, ""very positive"": 0.021471703425049782}","neutral,approval","{""neutral"": 0.6480686068534851, ""approval"": 0.39360511302948}","[{""label"": ""neutral"", ""score"": 0.6480686068534851}, {""label"": ""approval"", ""score"": 0.39360511302948}, {""label"": ""realization"", ""score"": 0.027473531663417816}, {""label"": ""optimism"", ""score"": 0.021502286195755005}, {""label"": ""disapproval"", ""score"": 0.013942357152700424}]",non_irony,0.6216647624969482,False,non-offensive,0.8438470363616943,False
2025-01-02,WM-IND-004,4,"Sehr gutes Produkt, schnelle Lieferung und tolle Qualitat. Empfehlenswert!",positive,0.5607585906982422,0.5,0.63179622013243,"{""very negative"": 0.019466347992420197, ""neutral"": 0.01999477855861187, ""positive"": 0.5607585906982422, ""very positive"": 0.3811355233192444}",neutral,"{""neutral"": 0.9314554929733276}","[{""label"": ""neutral"", ""score"": 0.9314554929733276}, {""label"": ""approval"", ""score"": 0.03372388705611229}, {""label"": ""annoyance"", ""score"": 0.009257086552679539}, {""label"": ""admiration"", ""score"": 0.006478950381278992}, {""label"": ""realization"", ""score"": 0.0048216269351542}]",non_irony,0.9127270579338074,False,non-offensive,0.7963050007820129,False
2024-11-21,WM-IND-004,4,"Noise cancellation is top-notch, blocks out everything around you.",positive,0.6977988481521606,0.5,0.5301263708619881,"{""very negative"": 0.018256666138768196, ""neutral"": 0.04996884986758232, ""positive"": 0.6977988481521606, ""very positive"": 0.20059357583522797}",neutral,"{""neutral"": 0.8535012602806091}","[{""label"": ""neutral"", ""score"": 0.8535012602806091}, {""label"": ""approval"", ""score"": 0.07272456586360931}, {""label"": ""annoyance"", ""score"": 0.035694435238838196}, {""label"": ""admiration"", ""score"": 0.030761508271098137}, {""label"": ""disapproval"", ""score"": 0.014540402218699455}]",irony,0.8790774345397949,True,non-offensive,0.7939949035644531,False
2025-01-07,TB-IND-007,2,Love the display and design but the speaker quality is terrible and overheats during gaming.,very negative,0.3773541748523712,-1.0,-0.6110164372537351,"{""very negative"": 0.3773541748523712, ""neutral"": 0.08313998579978943, ""positive"": 0.019871970638632774, ""very positive"": 0.019871970638632774}","love,disgust","{""love"": 0.410555899143219, ""disgust"": 0.3163873255252838}","[{""label"": ""love"", ""score"": 0.410555899143219}, {""label"": ""disgust"", ""score"": 0.3163873255252838}, {""label"": ""admiration"", ""score"": 0.14251857995986938}, {""label"": ""disappointment"", ""score"": 0.14123332500457764}, {""label"": ""annoyance"", ""score"": 0.09878356009721756}]",non_irony,0.6289689540863037,False,non-offensive,0.7254443764686584,False
2024-10-21,HP-IND-006,2,"Sehr gutes Produkt, schnelle Lieferung und tolle Qualitat. Empfehlenswert!",positive,0.5607585906982422,0.5,0.63179622013243,"{""very negative"": 0.019466347992420197, ""neutral"": 0.01999477855861187, ""positive"": 0.5607585906982422, ""very positive"": 0.3811355233192444}",neutral,"{""neutral"": 0.9314554929733276}","[{""label"": ""neutral"", ""score"": 0.9314554929733276}, {""label"": ""approval"", ""score"": 0.03372388705611229}, {""label"": ""annoyance"", ""score"": 0.009257086552679539}, {""label"": ""admiration"", ""score"": 0.006478950381278992}, {""label"": ""realization"", ""score"": 0.0048216269351542}]",non_irony,0.9127270579338074,False,non-offensive,0.7963050007820129,False
2025-01-20,RF-IND-008,1,"Sehr gutes Produkt, schnelle Lieferung und tolle Qualitat. Empfehlenswert!",positive,0.5607585906982422,0.5,0.63179622013243,"{""very negative"": 0.019466347992420197, ""neutral"": 0.01999477855861187, ""positive"": 0.5607585906982422, ""very positive"": 0.3811355233192444}",neutral,"{""neutral"": 0.9314554929733276}","[{""label"": ""neutral"", ""score"": 0.9314554929733276}, {""label"": ""approval"", ""score"": 0.03372388705611229}, {""label"": ""annoyance"", ""score"": 0.009257086552679539}, {""label"": ""admiration"", ""score"": 0.006478950381278992}, {""label"": ""realization"", ""score"": 0.0048216269351542}]",non_irony,0.9127270579338074,False,non-offensive,0.7963050007820129,False
2024-11-18,LP-IND-003,4,"Sehr gutes Produkt, schnelle Lieferung und tolle Qualitat. Empfehlenswert!",positive,0.5607585906982422,0.5,0.63179622013243,"{""very negative"": 0.019466347992420197, ""neutral"": 0.01999477855861187, ""positive"": 0.5607585906982422, ""very positive"": 0.3811355233192444}",neutral,"{""neutral"": 0.9314554929733276}","[{""label"": ""neutral"", ""score"": 0.9314554929733276}, {""label"": ""approval"", ""score"": 0.03372388705611229}, {""label"": ""annoyance"", ""score"": 0.009257086552679539}, {""label"": ""admiration"", ""score"": 0.006478950381278992}, {""label"": ""realization"", ""score"": 0.0048216269351542}]",non_irony,0.9127270579338074,False,non-offensive,0.7963050007820129,False
2024-12-21,LP-IND-003,5,"The camera quality is outstanding, perfect for everyday photography.",positive,0.4490591287612915,0.5,0.6009954280279384,"{""very negative"": 0.025144625455141068, ""neutral"": 0.08400725573301315, ""positive"": 0.4490591287612915, ""very positive"": 0.41047510504722595}",admiration,"{""admiration"": 0.9424173831939697}","[{""label"": ""admiration"", ""score"": 0.9424173831939697}, {""label"": ""approval"", ""score"": 0.058339230716228485}, {""label"": ""neutral"", ""score"": 0.0315530002117157}, {""label"": ""gratitude"", ""score"": 0.010911427438259125}, {""label"": ""realization"", ""score"": 0.006474080961197615}]",irony,0.561927080154419,True,non-offensive,0.924063503742218,False
2024-12-15,WM-IND-004,3,Packaging was good but product is just average in terms of quality.,neutral,0.22643636167049408,0.0,0.02154465263355148,"{""very negative"": 0.020769914612174034, ""neutral"": 0.22643636167049408, ""positive"": 0.03994236886501312, ""very positive"": 0.018210014328360558}","disappointment,admiration","{""disappointment"": 0.35051408410072327, ""admiration"": 0.31660306453704834}","[{""label"": ""disappointment"", ""score"": 0.35051408410072327}, {""label"": ""admiration"", ""score"": 0.31660306453704834}, {""label"": ""disapproval"", ""score"": 0.20833034813404083}, {""label"": ""approval"", ""score"": 0.14557017385959625}, {""label"": ""neutral"", ""score"": 0.10623263567686081}]",non_irony,0.5526584982872009,False,non-offensive,0.8434349298477173,False
2024-12-02,LP-IND-003,4,Energy efficient and very quiet operation. Highly recommend!,positive,0.7586772441864014,0.5,0.5307734316802475,"{""very negative"": 0.016845209524035454, ""neutral"": 0.03081432357430458, ""positive"": 0.7586772441864014, ""very positive"": 0.17657209932804108}",admiration,"{""admiration"": 0.8203734159469604}","[{""label"": ""admiration"", ""score"": 0.8203734159469604}, {""label"": ""approval"", ""score"": 0.24129898846149445}, {""label"": ""gratitude"", ""score"": 0.08020996302366257}, {""label"": ""neutral"", ""score"": 0.031993474811315536}, {""label"": ""optimism"", ""score"": 0.015411066822707653}]",non_irony,0.5187515020370483,False,non-offensive,0.9350569248199463,False
2025-01-25,HP-IND-006,3,Packaging was good but product is just average in terms of quality.,neutral,0.22643636167049408,0.0,0.02154465263355148,"{""very negative"": 0.020769914612174034, ""neutral"": 0.22643636167049408, ""positive"": 0.03994236886501312, ""very positive"": 0.018210014328360558}","disappointment,admiration","{""disappointment"": 0.35051408410072327, ""admiration"": 0.31660306453704834}","[{""label"": ""disappointment"", ""score"": 0.35051408410072327}, {""label"": ""admiration"", ""score"": 0.31660306453704834}, {""label"": ""disapproval"", ""score"": 0.20833034813404083}, {""label"": ""approval"", ""score"": 0.14557017385959625}, {""label"": ""neutral"", ""score"": 0.10623263567686081}]",non_irony,0.5526584982872009,False,non-offensive,0.8434349298477173,False
2025-02-13,TV-IND-001,5,"Noise cancellation is top-notch, blocks out everything around you.",positive,0.6977988481521606,0.5,0.5301263708619881,"{""very negative"": 0.018256666138768196, ""neutral"": 0.04996884986758232, ""positive"": 0.6977988481521606, ""very positive"": 0.20059357583522797}",neutral,"{""neutral"": 0.8535012602806091}","[{""label"": ""neutral"", ""score"": 0.8535012602806091}, {""label"": ""approval"", ""score"": 0.07272456586360931}, {""label"": ""annoyance"", ""score"": 0.035694435238838196}, {""label"": ""admiration"", ""score"": 0.030761508271098137}, {""label"": ""disapproval"", ""score"": 0.014540402218699455}]",irony,0.8790774345397949,True,non-offensive,0.7939949035644531,False
2025-02-21,MB-IND-002,2,The display has dead pixels and color accuracy is way off.,very negative,0.25316378474235535,-1.0,-0.5860613671830489,"{""very negative"": 0.25316378474235535, ""neutral"": 0.05497826635837555, ""positive"": 0.019282788038253784, ""very positive"": 0.01881624571979046}","disapproval,disappointment","{""disapproval"": 0.385021835565567, ""disappointment"": 0.37208980321884155}","[{""label"": ""disapproval"", ""score"": 0.385021835565567}, {""label"": ""disappointment"", ""score"": 0.37208980321884155}, {""label"": ""neutral"", ""score"": 0.2807086706161499}, {""label"": ""annoyance"", ""score"": 0.21509088575839996}, {""label"": ""realization"", ""score"": 0.022136112675070763}]",non_irony,0.8182896375656128,False,non-offensive,0.7423754334449768,False
2025-02-16,WM-IND-004,2,After 3 months the motor started making grinding noises. Poor quality.,very negative,0.21506524085998535,-1.0,-0.5608611558829494,"{""very negative"": 0.21506524085998535, ""neutral"": 0.06599922478199005, ""positive"": 0.018860796466469765, ""very positive"": 0.0155870970338583}","disappointment,neutral","{""disappointment"": 0.5225762724876404, ""neutral"": 0.32229286432266235}","[{""label"": ""disappointment"", ""score"": 0.5225762724876404}, {""label"": ""neutral"", ""score"": 0.32229286432266235}, {""label"": ""annoyance"", ""score"": 0.204111248254776}, {""label"": ""sadness"", ""score"": 0.08719734847545624}, {""label"": ""disapproval"", ""score"": 0.04562728479504585}]",non_irony,0.6407272219657898,False,non-offensive,0.7529452443122864,False
2024-10-15,TB-IND-007,3,It is okay. Works as expected but nothing special compared to competitors.,positive,0.4286438226699829,0.5,0.3626781987528287,"{""very negative"": 0.015589638613164425, ""neutral"": 0.0978032648563385, ""positive"": 0.4286438226699829, ""very positive"": 0.017732756212353706}",approval,"{""approval"": 0.8651418089866638}","[{""label"": ""approval"", ""score"": 0.8651418089866638}, {""label"": ""neutral"", ""score"": 0.11388786137104034}, {""label"": ""realization"", ""score"": 0.024218831211328506}, {""label"": ""optimism"", ""score"": 0.014182043261826038}, {""label"": ""annoyance"", ""score"": 0.013593513518571854}]",non_irony,0.8429244756698608,False,non-offensive,0.9375155568122864,False
2024-12-17,RF-IND-008,3,Mixed feelings about this. Good hardware but software needs work.,neutral,0.3529156744480133,0.0,-0.0007012398408806531,"{""very negative"": 0.02983071096241474, ""neutral"": 0.3529156744480133, ""positive"": 0.04370034858584404, ""very positive"": 0.022560112178325653}","approval,admiration","{""approval"": 0.6612764596939087, ""admiration"": 0.3483160436153412}","[{""label"": ""approval"", ""score"": 0.6612764596939087}, {""label"": ""admiration"", ""score"": 0.3483160436153412}, {""label"": ""love"", ""score"": 0.05935299023985863}, {""label"": ""neutral"", ""score"": 0.03666551783680916}, {""label"": ""confusion"", ""score"": 0.03289495036005974}]",non_irony,0.8888905644416809,False,non-offensive,0.8927906155586243,False
2024-12-24,WM-IND-004,3,It is an acceptable product. Neither great nor terrible overall.,neutral,0.6794472932815552,0.0,0.11969010975899572,"{""very negative"": 0.021728726103901863, ""neutral"": 0.6794472932815552, ""positive"": 0.24736584722995758, ""very positive"": 0.028446754440665245}",approval,"{""approval"": 0.8612683415412903}","[{""label"": ""approval"", ""score"": 0.8612683415412903}, {""label"": ""admiration"", ""score"": 0.13370481133460999}, {""label"": ""neutral"", ""score"": 0.05180679261684418}, {""label"": ""disapproval"", ""score"": 0.02096419222652912}, {""label"": ""realization"", ""score"": 0.014821445569396019}]",non_irony,0.9514107704162598,False,non-offensive,0.8791451454162598,False
2025-03-08,TV-IND-001,3,"Average performance. Some features are good, others need improvement.",positive,0.61644446849823,0.5,0.34826672452702356,"{""very negative"": 0.025447191670536995, ""neutral"": 0.1476220041513443, ""positive"": 0.61644446849823, ""very positive"": 0.021131806075572968}","approval,admiration","{""approval"": 0.6711743474006653, ""admiration"": 0.3304252624511719}","[{""label"": ""approval"", ""score"": 0.6711743474006653}, {""label"": ""admiration"", ""score"": 0.3304252624511719}, {""label"": ""neutral"", ""score"": 0.1314345896244049}, {""label"": ""optimism"", ""score"": 0.0660710483789444}, {""label"": ""realization"", ""score"": 0.028510229662060738}]",non_irony,0.9071303606033325,False,non-offensive,0.930716335773468,False
2024-10-18,RF-IND-008,2,Sound quality is tinny and distorted at higher volumes. Not acceptable.,very negative,0.12479760497808456,-1.0,-0.493778516965209,"{""very negative"": 0.12479760497808456, ""neutral"": 0.04836035519838333, ""positive"": 0.01610911823809147, ""very positive"": 0.01610911823809147}",disapproval,"{""disapproval"": 0.7381646633148193}","[{""label"": ""disapproval"", ""score"": 0.7381646633148193}, {""label"": ""annoyance"", ""score"": 0.21084058284759521}, {""label"": ""neutral"", ""score"": 0.112130306661129}, {""label"": ""disappointment"", ""score"": 0.06412441283464432}, {""label"": ""approval"", ""score"": 0.023751674219965935}]",non_irony,0.9257212281227112,False,non-offensive,0.7237016558647156,False
2024-11-13,AC-IND-005,4,"Produit de mauvaise qualite, je suis tres decu. Ne recommande pas.",very negative,0.376915842294693,-1.0,-0.6515037909879426,"{""very negative"": 0.376915842294693, ""neutral"": 0.02833167091012001, ""positive"": 0.024450555443763733, ""very positive"": 0.01673412136733532}",neutral,"{""neutral"": 0.9460828304290771}","[{""label"": ""neutral"", ""score"": 0.9460828304290771}, {""label"": ""approval"", ""score"": 0.029701441526412964}, {""label"": ""disapproval"", ""score"": 0.009891659021377563}, {""label"": ""realization"", ""score"": 0.00757063552737236}, {""label"": ""annoyance"", ""score"": 0.006734327878803015}]",non_irony,0.8884108662605286,False,non-offensive,0.8112044930458069,False
2025-03-07,RF-IND-008,5,"Sound quality is phenomenal, crisp highs and deep bass. Worth every penny.",positive,0.49539729952812195,0.5,0.6590491162612364,"{""very negative"": 0.019894424825906754, ""neutral"": 0.05166413262486458, ""positive"": 0.49539729952812195, ""very positive"": 0.49539729952812195}",admiration,"{""admiration"": 0.9490026235580444}","[{""label"": ""admiration"", ""score"": 0.9490026235580444}, {""label"": ""approval"", ""score"": 0.04883971065282822}, {""label"": ""neutral"", ""score"": 0.030404893681406975}, {""label"": ""gratitude"", ""score"": 0.010029646568000317}, {""label"": ""disapproval"", ""score"": 0.006704993546009064}]",non_irony,0.7751739025115967,False,non-offensive,0.8951526284217834,False
2024-10-15,LP-IND-003,2,"Produit moyen, rien de special. Correct pour le prix.",neutral,0.5150242447853088,0.0,-0.05506495812182074,"{""very negative"": 0.06442885845899582, ""neutral"": 0.5150242447853088, ""positive"": 0.053058139979839325, ""very positive"": 0.03008083999156952}","neutral,approval","{""neutral"": 0.7311878800392151, ""approval"": 0.37109485268592834}","[{""label"": ""neutral"", ""score"": 0.7311878800392151}, {""label"": ""approval"", ""score"": 0.37109485268592834}, {""label"": ""realization"", ""score"": 0.009801529347896576}, {""label"": ""disapproval"", ""score"": 0.0073822857812047005}, {""label"": ""optimism"", ""score"": 0.0072937230579555035}]",non_irony,0.9293095469474792,False,non-offensive,0.8186534643173218,False
2025-02-16,TB-IND-007,5,Energy efficient and very quiet operation. Highly recommend!,positive,0.7586772441864014,0.5,0.5307734316802475,"{""very negative"": 0.016845209524035454, ""neutral"": 0.03081432357430458, ""positive"": 0.7586772441864014, ""very positive"": 0.17657209932804108}",admiration,"{""admiration"": 0.8203734159469604}","[{""label"": ""admiration"", ""score"": 0.8203734159469604}, {""label"": ""approval"", ""score"": 0.24129898846149445}, {""label"": ""gratitude"", ""score"": 0.08020996302366257}, {""label"": ""neutral"", ""score"": 0.031993474811315536}, {""label"": ""optimism"", ""score"": 0.015411066822707653}]",non_irony,0.5187515020370483,False,non-offensive,0.9350569248199463,False
2024-11-26,HP-IND-006,4,"Lightweight and portable, perfect for travel and daily commute.",positive,0.5174983143806458,0.5,0.5698038134424869,"{""very negative"": 0.023364251479506493, ""neutral"": 0.08838778734207153, ""positive"": 0.5174983143806458, ""very positive"": 0.3443998694419861}","approval,neutral","{""approval"": 0.5351202487945557, ""neutral"": 0.32617780566215515}","[{""label"": ""approval"", ""score"": 0.5351202487945557}, {""label"": ""neutral"", ""score"": 0.32617780566215515}, {""label"": ""admiration"", ""score"": 0.16927553713321686}, {""label"": ""optimism"", ""score"": 0.009668011218309402}, {""label"": ""realization"", ""score"": 0.009552353993058205}]",non_irony,0.8543041348457336,False,non-offensive,0.9002076983451843,False
2025-02-17,RF-IND-008,3,"Performance is blazing fast and battery lasts all day, but the camera struggles in low light.",neutral,0.22503750026226044,0.0,0.04969891873383892,"{""very negative"": 0.02442760020494461, ""neutral"": 0.22503750026226044, ""positive"": 0.07423778623342514, ""very positive"": 0.017704090103507042}","neutral,admiration","{""neutral"": 0.5054706335067749, ""admiration"": 0.3082411289215088}","[{""label"": ""neutral"", ""score"": 0.5054706335067749}, {""label"": ""admiration"", ""score"": 0.3082411289215088}, {""label"": ""approval"", ""score"": 0.08437317609786987}, {""label"": ""disappointment"", ""score"": 0.061942923814058304}, {""label"": ""realization"", ""score"": 0.027526095509529114}]",non_irony,0.705230712890625,False,non-offensive,0.8822543025016785,False
2024-12-20,HP-IND-006,4,"Great design, sleek and modern. Fits perfectly in my living room.",positive,0.5736238956451416,0.5,0.6753709677943955,"{""very negative"": 0.01719159446656704, ""neutral"": 0.05420605093240738, ""positive"": 0.5736238956451416, ""very positive"": 0.5736238956451416}",admiration,"{""admiration"": 0.9285853505134583}","[{""label"": ""admiration"", ""score"": 0.9285853505134583}, {""label"": ""approval"", ""score"": 0.09943830966949463}, {""label"": ""neutral"", ""score"": 0.02816888317465782}, {""label"": ""gratitude"", ""score"": 0.008972597308456898}, {""label"": ""realization"", ""score"": 0.006490301340818405}]",non_irony,0.6408451795578003,False,non-offensive,0.9143792986869812,False
2025-02-09,WM-IND-004,2,Storage capacity is generous but the app crashes frequently when transferring large files.,neutral,0.21944527328014374,0.0,-0.016317923227209753,"{""very negative"": 0.026355694979429245, ""neutral"": 0.21944527328014374, ""positive"": 0.028247667476534843, ""very positive"": 0.02017846331000328}","neutral,disappointment","{""neutral"": 0.565437376499176, ""disappointment"": 0.34233924746513367}","[{""label"": ""neutral"", ""score"": 0.565437376499176}, {""label"": ""disappointment"", ""score"": 0.34233924746513367}, {""label"": ""disapproval"", ""score"": 0.0853864774107933}, {""label"": ""annoyance"", ""score"": 0.07664201408624649}, {""label"": ""approval"", ""score"": 0.055152952671051025}]",non_irony,0.8343307971954346,False,non-offensive,0.7884221076965332,False
2025-01-05,TV-IND-001,1,Screen cracked with normal use. Quality control is terrible.,very negative,0.5559578537940979,-1.0,-0.6692550732481275,"{""very negative"": 0.5559578537940979, ""neutral"": 0.049877576529979706, ""positive"": 0.019869836047291756, ""very positive"": 0.019869836047291756}",fear,"{""fear"": 0.6690434813499451}","[{""label"": ""fear"", ""score"": 0.6690434813499451}, {""label"": ""disgust"", ""score"": 0.12236551195383072}, {""label"": ""neutral"", ""score"": 0.052940722554922104}, {""label"": ""annoyance"", ""score"": 0.04901452735066414}, {""label"": ""disapproval"", ""score"": 0.03401099890470505}]",non_irony,0.7531394362449646,False,non-offensive,0.6582257747650146,False
2024-11-07,AC-IND-005,2,"Sehr gutes Produkt, schnelle Lieferung und tolle Qualitat. Empfehlenswert!",positive,0.5607585906982422,0.5,0.63179622013243,"{""very negative"": 0.019466347992420197, ""neutral"": 0.01999477855861187, ""positive"": 0.5607585906982422, ""very positive"": 0.3811355233192444}",neutral,"{""neutral"": 0.9314554929733276}","[{""label"": ""neutral"", ""score"": 0.9314554929733276}, {""label"": ""approval"", ""score"": 0.03372388705611229}, {""label"": ""annoyance"", ""score"": 0.009257086552679539}, {""label"": ""admiration"", ""score"": 0.006478950381278992}, {""label"": ""realization"", ""score"": 0.0048216269351542}]",non_irony,0.9127270579338074,False,non-offensive,0.7963050007820129,False
2025-02-24,MB-IND-002,5,"Great design, sleek and modern. Fits perfectly in my living room.",positive,0.5736238956451416,0.5,0.6753709677943955,"{""very negative"": 0.01719159446656704, ""neutral"": 0.05420605093240738, ""positive"": 0.5736238956451416, ""very positive"": 0.5736238956451416}",admiration,"{""admiration"": 0.9285853505134583}","[{""label"": ""admiration"", ""score"": 0.9285853505134583}, {""label"": ""approval"", ""score"": 0.09943830966949463}, {""label"": ""neutral"", ""score"": 0.02816888317465782}, {""label"": ""gratitude"", ""score"": 0.008972597308456898}, {""label"": ""realization"", ""score"": 0.006490301340818405}]",non_irony,0.6408451795578003,False,non-offensive,0.9143792986869812,False
2025-03-15,LP-IND-003,1,Overheats constantly during normal usage. Had to return it.,neutral,0.11558523774147034,0.0,-0.36611235721466906,"{""very negative"": 0.10191556066274643, ""neutral"": 0.11558523774147034, ""positive"": 0.016096526756882668, ""very positive"": 0.016096526756882668}",neutral,"{""neutral"": 0.9388406872749329}","[{""label"": ""neutral"", ""score"": 0.9388406872749329}, {""label"": ""approval"", ""score"": 0.02460838295519352}, {""label"": ""annoyance"", ""score"": 0.019031492993235588}, {""label"": ""realization"", ""score"": 0.016972018405795097}, {""label"": ""disappointment"", ""score"": 0.011426879093050957}]",non_irony,0.9186547994613647,False,non-offensive,0.881855309009552,False
2025-02-12,AC-IND-005,4,"Build quality is premium and lightweight. However, the charging speed is disappointingly slow.",neutral,0.09587422013282776,0.0,0.02968834770806593,"{""very negative"": 0.01736418344080448, ""neutral"": 0.09587422013282776, ""positive"": 0.03667640686035156, ""very positive"": 0.013062100857496262}",disappointment,"{""disappointment"": 0.8629612326622009}","[{""label"": ""disappointment"", ""score"": 0.8629612326622009}, {""label"": ""annoyance"", ""score"": 0.09599673002958298}, {""label"": ""neutral"", ""score"": 0.0874459445476532}, {""label"": ""disapproval"", ""score"": 0.08085344731807709}, {""label"": ""sadness"", ""score"": 0.06839059293270111}]",non_irony,0.6970096826553345,False,non-offensive,0.8291838765144348,False
2025-03-06,TV-IND-001,4,"Sound quality is phenomenal, crisp highs and deep bass. Worth every penny.",positive,0.49539729952812195,0.5,0.6590491162612364,"{""very negative"": 0.019894424825906754, ""neutral"": 0.05166413262486458, ""positive"": 0.49539729952812195, ""very positive"": 0.49539729952812195}",admiration,"{""admiration"": 0.9490026235580444}","[{""label"": ""admiration"", ""score"": 0.9490026235580444}, {""label"": ""approval"", ""score"": 0.04883971065282822}, {""label"": ""neutral"", ""score"": 0.030404893681406975}, {""label"": ""gratitude"", ""score"": 0.010029646568000317}, {""label"": ""disapproval"", ""score"": 0.006704993546009064}]",non_irony,0.7751739025115967,False,non-offensive,0.8951526284217834,False
2024-12-09,TB-IND-007,4,"Screen resolution is crystal clear, perfect for streaming and gaming.",positive,0.392398476600647,0.5,0.542207413406494,"{""very negative"": 0.025593694299459457, ""neutral"": 0.16940507292747498, ""positive"": 0.392398476600647, ""very positive"": 0.38130703568458557}",approval,"{""approval"": 0.5070986747741699}","[{""label"": ""approval"", ""score"": 0.5070986747741699}, {""label"": ""neutral"", ""score"": 0.2965473234653473}, {""label"": ""admiration"", ""score"": 0.2750425338745117}, {""label"": ""realization"", ""score"": 0.009711122140288353}, {""label"": ""optimism"", ""score"": 0.009128984063863754}]",irony,0.6862936615943909,True,non-offensive,0.9093480110168457,False
2024-10-16,WM-IND-004,1,The display has dead pixels and color accuracy is way off.,very negative,0.25316378474235535,-1.0,-0.5860613671830489,"{""very negative"": 0.25316378474235535, ""neutral"": 0.05497826635837555, ""positive"": 0.019282788038253784, ""very positive"": 0.01881624571979046}","disapproval,disappointment","{""disapproval"": 0.385021835565567, ""disappointment"": 0.37208980321884155}","[{""label"": ""disapproval"", ""score"": 0.385021835565567}, {""label"": ""disappointment"", ""score"": 0.37208980321884155}, {""label"": ""neutral"", ""score"": 0.2807086706161499}, {""label"": ""annoyance"", ""score"": 0.21509088575839996}, {""label"": ""realization"", ""score"": 0.022136112675070763}]",non_irony,0.8182896375656128,False,non-offensive,0.7423754334449768,False
2024-10-08,LP-IND-003,4,"Noise cancellation is top-notch, blocks out everything around you.",positive,0.6977988481521606,0.5,0.5301263708619881,"{""very negative"": 0.018256666138768196, ""neutral"": 0.04996884986758232, ""positive"": 0.6977988481521606, ""very positive"": 0.20059357583522797}",neutral,"{""neutral"": 0.8535012602806091}","[{""label"": ""neutral"", ""score"": 0.8535012602806091}, {""label"": ""approval"", ""score"": 0.07272456586360931}, {""label"": ""annoyance"", ""score"": 0.035694435238838196}, {""label"": ""admiration"", ""score"": 0.030761508271098137}, {""label"": ""disapproval"", ""score"": 0.014540402218699455}]",irony,0.8790774345397949,True,non-offensive,0.7939949035644531,False
2025-03-15,MB-IND-002,3,Picture quality is cinema-grade but the smart TV interface is sluggish and outdated.,neutral,0.11210909485816956,0.0,-0.3432767988114281,"{""very negative"": 0.09767726063728333, ""neutral"": 0.11210909485816956, ""positive"": 0.01873759925365448, ""very positive"": 0.01873759925365448}","disappointment,neutral","{""disappointment"": 0.4849526882171631, ""neutral"": 0.30056726932525635}","[{""label"": ""disappointment"", ""score"": 0.4849526882171631}, {""label"": ""neutral"", ""score"": 0.30056726932525635}, {""label"": ""annoyance"", ""score"": 0.28581249713897705}, {""label"": ""disapproval"", ""score"": 0.16970854997634888}, {""label"": ""realization"", ""score"": 0.04120287299156189}]",non_irony,0.5747299194335938,False,non-offensive,0.7664331793785095,False
2025-03-03,LP-IND-003,4,"Fast delivery, great packaging, and the product works flawlessly.",positive,0.6741796135902405,0.5,0.5512896068214521,"{""very negative"": 0.01956154778599739, ""neutral"": 0.04252088442444801, ""positive"": 0.6741796135902405, ""very positive"": 0.24276283383369446}",admiration,"{""admiration"": 0.9123939275741577}","[{""label"": ""admiration"", ""score"": 0.9123939275741577}, {""label"": ""approval"", ""score"": 0.11531123518943787}, {""label"": ""neutral"", ""score"": 0.05167611688375473}, {""label"": ""gratitude"", ""score"": 0.016645468771457672}, {""label"": ""realization"", ""score"": 0.009102078154683113}]",irony,0.6614562273025513,True,non-offensive,0.9098259210586548,False
2025-01-21,HP-IND-006,2,The display has dead pixels and color accuracy is way off.,very negative,0.25316378474235535,-1.0,-0.5860613671830489,"{""very negative"": 0.25316378474235535, ""neutral"": 0.05497826635837555, ""positive"": 0.019282788038253784, ""very positive"": 0.01881624571979046}","disapproval,disappointment","{""disapproval"": 0.385021835565567, ""disappointment"": 0.37208980321884155}","[{""label"": ""disapproval"", ""score"": 0.385021835565567}, {""label"": ""disappointment"", ""score"": 0.37208980321884155}, {""label"": ""neutral"", ""score"": 0.2807086706161499}, {""label"": ""annoyance"", ""score"": 0.21509088575839996}, {""label"": ""realization"", ""score"": 0.022136112675070763}]",non_irony,0.8182896375656128,False,non-offensive,0.7423754334449768,False
2025-01-28,LP-IND-003,3,Some features work well but others feel half-baked and unfinished.,neutral,0.11231619864702225,0.0,-0.017368461427197737,"{""very negative"": 0.024700509384274483, ""neutral"": 0.11231619864702225, ""positive"": 0.031947653740644455, ""very positive"": 0.017410876229405403}",neutral,"{""neutral"": 0.42452213168144226}","[{""label"": ""neutral"", ""score"": 0.42452213168144226}, {""label"": ""approval"", ""score"": 0.262663334608078}, {""label"": ""disapproval"", ""score"": 0.08497705310583115}, {""label"": ""disappointment"", ""score"": 0.07289377599954605}, {""label"": ""annoyance"", ""score"": 0.06537593901157379}]",non_irony,0.7920966744422913,False,non-offensive,0.8468405604362488,False
2024-10-17,HP-IND-006,4,Storage capacity is generous but the app crashes frequently when transferring large files.,neutral,0.21944527328014374,0.0,-0.016317923227209753,"{""very negative"": 0.026355694979429245, ""neutral"": 0.21944527328014374, ""positive"": 0.028247667476534843, ""very positive"": 0.02017846331000328}","neutral,disappointment","{""neutral"": 0.565437376499176, ""disappointment"": 0.34233924746513367}","[{""label"": ""neutral"", ""score"": 0.565437376499176}, {""label"": ""disappointment"", ""score"": 0.34233924746513367}, {""label"": ""disapproval"", ""score"": 0.0853864774107933}, {""label"": ""annoyance"", ""score"": 0.07664201408624649}, {""label"": ""approval"", ""score"": 0.055152952671051025}]",non_irony,0.8343307971954346,False,non-offensive,0.7884221076965332,False
2025-03-06,MB-IND-002,5,"Produit de mauvaise qualite, je suis tres decu. Ne recommande pas.",very negative,0.376915842294693,-1.0,-0.6515037909879426,"{""very negative"": 0.376915842294693, ""neutral"": 0.02833167091012001, ""positive"": 0.024450555443763733, ""very positive"": 0.01673412136733532}",neutral,"{""neutral"": 0.9460828304290771}","[{""label"": ""neutral"", ""score"": 0.9460828304290771}, {""label"": ""approval"", ""score"": 0.029701441526412964}, {""label"": ""disapproval"", ""score"": 0.009891659021377563}, {""label"": ""realization"", ""score"": 0.00757063552737236}, {""label"": ""annoyance"", ""score"": 0.006734327878803015}]",non_irony,0.8884108662605286,False,non-offensive,0.8112044930458069,False
2025-03-05,HP-IND-006,4,"Noise cancellation is top-notch, blocks out everything around you.",positive,0.6977988481521606,0.5,0.5301263708619881,"{""very negative"": 0.018256666138768196, ""neutral"": 0.04996884986758232, ""positive"": 0.6977988481521606, ""very positive"": 0.20059357583522797}",neutral,"{""neutral"": 0.8535012602806091}","[{""label"": ""neutral"", ""score"": 0.8535012602806091}, {""label"": ""approval"", ""score"": 0.07272456586360931}, {""label"": ""annoyance"", ""score"": 0.035694435238838196}, {""label"": ""admiration"", ""score"": 0.030761508271098137}, {""label"": ""disapproval"", ""score"": 0.014540402218699455}]",irony,0.8790774345397949,True,non-offensive,0.7939949035644531,False
2025-02-20,MB-IND-002,2,Wash quality is superb and very gentle on clothes. But the spin cycle is noisy and takes too long.,neutral,0.12252725660800934,0.0,-0.08810374244550431,"{""very negative"": 0.028522823005914688, ""neutral"": 0.12252725660800934, ""positive"": 0.025434179231524467, ""very positive"": 0.011033188551664352}","neutral,admiration","{""neutral"": 0.3840573728084564, ""admiration"": 0.34550753235816956}","[{""label"": ""neutral"", ""score"": 0.3840573728084564}, {""label"": ""admiration"", ""score"": 0.34550753235816956}, {""label"": ""approval"", ""score"": 0.09356952458620071}, {""label"": ""disappointment"", ""score"": 0.0653710588812828}, {""label"": ""annoyance"", ""score"": 0.05638834461569786}]",irony,0.6539191007614136,True,non-offensive,0.8536752462387085,False
2024-11-21,RF-IND-008,4,Display is gorgeous with vibrant colors and deep blacks. Very impressed!,positive,0.6351503133773804,0.5,0.581952468814245,"{""very negative"": 0.017654336988925934, ""neutral"": 0.037703920155763626, ""positive"": 0.6351503133773804, ""very positive"": 0.2894969880580902}",admiration,"{""admiration"": 0.9594106674194336}","[{""label"": ""admiration"", ""score"": 0.9594106674194336}, {""label"": ""approval"", ""score"": 0.028953349217772484}, {""label"": ""neutral"", ""score"": 0.013620489276945591}, {""label"": ""excitement"", ""score"": 0.008283348754048347}, {""label"": ""gratitude"", ""score"": 0.008044804446399212}]",non_irony,0.8086977601051331,False,non-offensive,0.9492805600166321,False
2025-02-20,TB-IND-007,2,The display has dead pixels and color accuracy is way off.,very negative,0.25316378474235535,-1.0,-0.5860613671830489,"{""very negative"": 0.25316378474235535, ""neutral"": 0.05497826635837555, ""positive"": 0.019282788038253784, ""very positive"": 0.01881624571979046}","disapproval,disappointment","{""disapproval"": 0.385021835565567, ""disappointment"": 0.37208980321884155}","[{""label"": ""disapproval"", ""score"": 0.385021835565567}, {""label"": ""disappointment"", ""score"": 0.37208980321884155}, {""label"": ""neutral"", ""score"": 0.2807086706161499}, {""label"": ""annoyance"", ""score"": 0.21509088575839996}, {""label"": ""realization"", ""score"": 0.022136112675070763}]",non_irony,0.8182896375656128,False,non-offensive,0.7423754334449768,False
2025-01-14,TB-IND-007,3,Mixed feelings about this. Good hardware but software needs work.,neutral,0.3529156744480133,0.0,-0.0007012398408806531,"{""very negative"": 0.02983071096241474, ""neutral"": 0.3529156744480133, ""positive"": 0.04370034858584404, ""very positive"": 0.022560112178325653}","approval,admiration","{""approval"": 0.6612764596939087, ""admiration"": 0.3483160436153412}","[{""label"": ""approval"", ""score"": 0.6612764596939087}, {""label"": ""admiration"", ""score"": 0.3483160436153412}, {""label"": ""love"", ""score"": 0.05935299023985863}, {""label"": ""neutral"", ""score"": 0.03666551783680916}, {""label"": ""confusion"", ""score"": 0.03289495036005974}]",non_irony,0.8888905644416809,False,non-offensive,0.8927906155586243,False
2025-01-11,RF-IND-008,3,Some features work well but others feel half-baked and unfinished.,neutral,0.11231619864702225,0.0,-0.017368461427197737,"{""very negative"": 0.024700509384274483, ""neutral"": 0.11231619864702225, ""positive"": 0.031947653740644455, ""very positive"": 0.017410876229405403}",neutral,"{""neutral"": 0.42452213168144226}","[{""label"": ""neutral"", ""score"": 0.42452213168144226}, {""label"": ""approval"", ""score"": 0.262663334608078}, {""label"": ""disapproval"", ""score"": 0.08497705310583115}, {""label"": ""disappointment"", ""score"": 0.07289377599954605}, {""label"": ""annoyance"", ""score"": 0.06537593901157379}]",non_irony,0.7920966744422913,False,non-offensive,0.8468405604362488,False
2025-02-18,WM-IND-004,5,"Noise cancellation is top-notch, blocks out everything around you.",positive,0.6977988481521606,0.5,0.5301263708619881,"{""very negative"": 0.018256666138768196, ""neutral"": 0.04996884986758232, ""positive"": 0.6977988481521606, ""very positive"": 0.20059357583522797}",neutral,"{""neutral"": 0.8535012602806091}","[{""label"": ""neutral"", ""score"": 0.8535012602806091}, {""label"": ""approval"", ""score"": 0.07272456586360931}, {""label"": ""annoyance"", ""score"": 0.035694435238838196}, {""label"": ""admiration"", ""score"": 0.030761508271098137}, {""label"": ""disapproval"", ""score"": 0.014540402218699455}]",irony,0.8790774345397949,True,non-offensive,0.7939949035644531,False
2025-02-06,WM-IND-004,4,"Fast delivery, great packaging, and the product works flawlessly.",positive,0.6741796135902405,0.5,0.5512896068214521,"{""very negative"": 0.01956154778599739, ""neutral"": 0.04252088442444801, ""positive"": 0.6741796135902405, ""very positive"": 0.24276283383369446}",admiration,"{""admiration"": 0.9123939275741577}","[{""label"": ""admiration"", ""score"": 0.9123939275741577}, {""label"": ""approval"", ""score"": 0.11531123518943787}, {""label"": ""neutral"", ""score"": 0.05167611688375473}, {""label"": ""gratitude"", ""score"": 0.016645468771457672}, {""label"": ""realization"", ""score"": 0.009102078154683113}]",irony,0.6614562273025513,True,non-offensive,0.9098259210586548,False
2024-10-13,TB-IND-007,3,It is okay. Works as expected but nothing special compared to competitors.,positive,0.4286438226699829,0.5,0.3626781987528287,"{""very negative"": 0.015589638613164425, ""neutral"": 0.0978032648563385, ""positive"": 0.4286438226699829, ""very positive"": 0.017732756212353706}",approval,"{""approval"": 0.8651418089866638}","[{""label"": ""approval"", ""score"": 0.8651418089866638}, {""label"": ""neutral"", ""score"": 0.11388786137104034}, {""label"": ""realization"", ""score"": 0.024218831211328506}, {""label"": ""optimism"", ""score"": 0.014182043261826038}, {""label"": ""annoyance"", ""score"": 0.013593513518571854}]",non_irony,0.8429244756698608,False,non-offensive,0.9375155568122864,False
2024-10-13,MB-IND-002,4,Excellent cooling performance even during peak summer. Very satisfied.,positive,0.7707273960113525,0.5,0.5362639801740339,"{""very negative"": 0.014967979863286018, ""neutral"": 0.02442777529358864, ""positive"": 0.7707273960113525, ""very positive"": 0.17155218124389648}",admiration,"{""admiration"": 0.9331638216972351}","[{""label"": ""admiration"", ""score"": 0.9331638216972351}, {""label"": ""approval"", ""score"": 0.07154010981321335}, {""label"": ""gratitude"", ""score"": 0.04528460651636124}, {""label"": ""neutral"", ""score"": 0.019264668226242065}, {""label"": ""joy"", ""score"": 0.010110114701092243}]",non_irony,0.602388322353363,False,non-offensive,0.9177484512329102,False
2025-01-30,MB-IND-002,3,"Bahut achha product hai, value for money. Camera bhi bahut accha hai.",positive,0.5882152915000916,0.5,0.4220367277463888,"{""very negative"": 0.0290150735527277, ""neutral"": 0.18226198852062225, ""positive"": 0.5882152915000916, ""very positive"": 0.1714218407869339}",neutral,"{""neutral"": 0.7110043168067932}","[{""label"": ""neutral"", ""score"": 0.7110043168067932}, {""label"": ""approval"", ""score"": 0.15353593230247498}, {""label"": ""admiration"", ""score"": 0.0266432985663414}, {""label"": ""amusement"", ""score"": 0.018048683181405067}, {""label"": ""joy"", ""score"": 0.013174094259738922}]",non_irony,0.8170913457870483,False,non-offensive,0.7812522053718567,False
2025-01-27,RF-IND-008,4,Cooling is incredibly efficient but the noise level at full blast is quite loud. Energy savings are good.,positive,0.24520593881607056,0.5,0.32884720066623113,"{""very negative"": 0.01764993742108345, ""neutral"": 0.06515862047672272, ""positive"": 0.24520593881607056, ""very positive"": 0.0261381883174181}","admiration,approval","{""admiration"": 0.7278497815132141, ""approval"": 0.4586583375930786}","[{""label"": ""admiration"", ""score"": 0.7278497815132141}, {""label"": ""approval"", ""score"": 0.4586583375930786}, {""label"": ""neutral"", ""score"": 0.07261066138744354}, {""label"": ""realization"", ""score"": 0.01878446526825428}, {""label"": ""gratitude"", ""score"": 0.01715177297592163}]",irony,0.8304233551025391,True,non-offensive,0.8526865839958191,False
2025-01-18,TB-IND-007,3,"Average performance. Some features are good, others need improvement.",positive,0.61644446849823,0.5,0.34826672452702356,"{""very negative"": 0.025447191670536995, ""neutral"": 0.1476220041513443, ""positive"": 0.61644446849823, ""very positive"": 0.021131806075572968}","approval,admiration","{""approval"": 0.6711743474006653, ""admiration"": 0.3304252624511719}","[{""label"": ""approval"", ""score"": 0.6711743474006653}, {""label"": ""admiration"", ""score"": 0.3304252624511719}, {""label"": ""neutral"", ""score"": 0.1314345896244049}, {""label"": ""optimism"", ""score"": 0.0660710483789444}, {""label"": ""realization"", ""score"": 0.028510229662060738}]",non_irony,0.9071303606033325,False,non-offensive,0.930716335773468,False
2025-02-06,MB-IND-002,4,Excellent cooling performance even during peak summer. Very satisfied.,positive,0.7707273960113525,0.5,0.5362639801740339,"{""very negative"": 0.014967979863286018, ""neutral"": 0.02442777529358864, ""positive"": 0.7707273960113525, ""very positive"": 0.17155218124389648}",admiration,"{""admiration"": 0.9331638216972351}","[{""label"": ""admiration"", ""score"": 0.9331638216972351}, {""label"": ""approval"", ""score"": 0.07154010981321335}, {""label"": ""gratitude"", ""score"": 0.04528460651636124}, {""label"": ""neutral"", ""score"": 0.019264668226242065}, {""label"": ""joy"", ""score"": 0.010110114701092243}]",non_irony,0.602388322353363,False,non-offensive,0.9177484512329102,False
2024-12-23,LP-IND-003,5,"Lightweight and portable, perfect for travel and daily commute.",positive,0.5174983143806458,0.5,0.5698038134424869,"{""very negative"": 0.023364251479506493, ""neutral"": 0.08838778734207153, ""positive"": 0.5174983143806458, ""very positive"": 0.3443998694419861}","approval,neutral","{""approval"": 0.5351202487945557, ""neutral"": 0.32617780566215515}","[{""label"": ""approval"", ""score"": 0.5351202487945557}, {""label"": ""neutral"", ""score"": 0.32617780566215515}, {""label"": ""admiration"", ""score"": 0.16927553713321686}, {""label"": ""optimism"", ""score"": 0.009668011218309402}, {""label"": ""realization"", ""score"": 0.009552353993058205}]",non_irony,0.8543041348457336,False,non-offensive,0.9002076983451843,False
2024-11-22,AC-IND-005,4,"Fast delivery, great packaging, and the product works flawlessly.",positive,0.6741796135902405,0.5,0.5512896068214521,"{""very negative"": 0.01956154778599739, ""neutral"": 0.04252088442444801, ""positive"": 0.6741796135902405, ""very positive"": 0.24276283383369446}",admiration,"{""admiration"": 0.9123939275741577}","[{""label"": ""admiration"", ""score"": 0.9123939275741577}, {""label"": ""approval"", ""score"": 0.11531123518943787}, {""label"": ""neutral"", ""score"": 0.05167611688375473}, {""label"": ""gratitude"", ""score"": 0.016645468771457672}, {""label"": ""realization"", ""score"": 0.009102078154683113}]",irony,0.6614562273025513,True,non-offensive,0.9098259210586548,False
2024-12-20,AC-IND-005,2,Sound quality is tinny and distorted at higher volumes. Not acceptable.,very negative,0.12479760497808456,-1.0,-0.493778516965209,"{""very negative"": 0.12479760497808456, ""neutral"": 0.04836035519838333, ""positive"": 0.01610911823809147, ""very positive"": 0.01610911823809147}",disapproval,"{""disapproval"": 0.7381646633148193}","[{""label"": ""disapproval"", ""score"": 0.7381646633148193}, {""label"": ""annoyance"", ""score"": 0.21084058284759521}, {""label"": ""neutral"", ""score"": 0.112130306661129}, {""label"": ""disappointment"", ""score"": 0.06412441283464432}, {""label"": ""approval"", ""score"": 0.023751674219965935}]",non_irony,0.9257212281227112,False,non-offensive,0.7237016558647156,False
2024-10-14,AC-IND-005,3,Some features work well but others feel half-baked and unfinished.,neutral,0.11231619864702225,0.0,-0.017368461427197737,"{""very negative"": 0.024700509384274483, ""neutral"": 0.11231619864702225, ""positive"": 0.031947653740644455, ""very positive"": 0.017410876229405403}",neutral,"{""neutral"": 0.42452213168144226}","[{""label"": ""neutral"", ""score"": 0.42452213168144226}, {""label"": ""approval"", ""score"": 0.262663334608078}, {""label"": ""disapproval"", ""score"": 0.08497705310583115}, {""label"": ""disappointment"", ""score"": 0.07289377599954605}, {""label"": ""annoyance"", ""score"": 0.06537593901157379}]",non_irony,0.7920966744422913,False,non-offensive,0.8468405604362488,False
2025-01-22,HP-IND-006,1,Delivery was delayed by 2 weeks and the product arrived damaged.,very negative,0.2179221659898758,-1.0,-0.5323195026573361,"{""very negative"": 0.2179221659898758, ""neutral"": 0.07148028910160065, ""positive"": 0.02215690352022648, ""very positive"": 0.02215690352022648}",disappointment,"{""disappointment"": 0.6985851526260376}","[{""label"": ""disappointment"", ""score"": 0.6985851526260376}, {""label"": ""neutral"", ""score"": 0.26860493421554565}, {""label"": ""annoyance"", ""score"": 0.10525964200496674}, {""label"": ""sadness"", ""score"": 0.09905389696359634}, {""label"": ""disapproval"", ""score"": 0.036296263337135315}]",non_irony,0.7698453068733215,False,non-offensive,0.8377794027328491,False
2024-12-28,TV-IND-001,4,Love the display and design but the speaker quality is terrible and overheats during gaming.,very negative,0.3773541748523712,-1.0,-0.6110164372537351,"{""very negative"": 0.3773541748523712, ""neutral"": 0.08313998579978943, ""positive"": 0.019871970638632774, ""very positive"": 0.019871970638632774}","love,disgust","{""love"": 0.410555899143219, ""disgust"": 0.3163873255252838}","[{""label"": ""love"", ""score"": 0.410555899143219}, {""label"": ""disgust"", ""score"": 0.3163873255252838}, {""label"": ""admiration"", ""score"": 0.14251857995986938}, {""label"": ""disappointment"", ""score"": 0.14123332500457764}, {""label"": ""annoyance"", ""score"": 0.09878356009721756}]",non_irony,0.6289689540863037,False,non-offensive,0.7254443764686584,False
2024-12-13,AC-IND-005,3,Product is fine for basic use but power users might find it limiting.,neutral,0.2278260439634323,0.0,0.13598060049171318,"{""very negative"": 0.017182493582367897, ""neutral"": 0.2278260439634323, ""positive"": 0.11778126657009125, ""very positive"": 0.021471703425049782}","neutral,approval","{""neutral"": 0.6480686068534851, ""approval"": 0.39360511302948}","[{""label"": ""neutral"", ""score"": 0.6480686068534851}, {""label"": ""approval"", ""score"": 0.39360511302948}, {""label"": ""realization"", ""score"": 0.027473531663417816}, {""label"": ""optimism"", ""score"": 0.021502286195755005}, {""label"": ""disapproval"", ""score"": 0.013942357152700424}]",non_irony,0.6216647624969482,False,non-offensive,0.8438470363616943,False
2025-02-01,RF-IND-008,1,"Very noisy operation, you can hear it from across the room.",very negative,0.2273368090391159,-1.0,-0.5590371333032957,"{""very negative"": 0.2273368090391159, ""neutral"": 0.040130890905857086, ""positive"": 0.03464279696345329, ""very positive"": 0.01776937209069729}","neutral,annoyance,disgust","{""neutral"": 0.20088286697864532, ""annoyance"": 0.18471433222293854, ""disgust"": 0.029139941558241844}","[{""label"": ""neutral"", ""score"": 0.20088286697864532}, {""label"": ""annoyance"", ""score"": 0.18471433222293854}, {""label"": ""disgust"", ""score"": 0.029139941558241844}, {""label"": ""approval"", ""score"": 0.024515606462955475}, {""label"": ""anger"", ""score"": 0.023660719394683838}]",irony,0.5849149227142334,True,non-offensive,0.7706944346427917,False
2024-12-15,HP-IND-006,5,Customer service was amazing. They resolved my query within minutes.,positive,0.6071091294288635,0.5,0.5974647468222958,"{""very negative"": 0.017765464261174202, ""neutral"": 0.03513293340802193, ""positive"": 0.6071091294288635, ""very positive"": 0.31808170676231384}",admiration,"{""admiration"": 0.9301038980484009}","[{""label"": ""admiration"", ""score"": 0.9301038980484009}, {""label"": ""approval"", ""score"": 0.06624912470579147}, {""label"": ""neutral"", ""score"": 0.026406768709421158}, {""label"": ""excitement"", ""score"": 0.022681886330246925}, {""label"": ""joy"", ""score"": 0.018670279532670975}]",irony,0.8352649807929993,True,non-offensive,0.9490030407905579,False
2024-11-01,RF-IND-008,1,Build quality is cheap and flimsy. Does not feel worth the price at all.,very negative,0.14990851283073425,-1.0,-0.560529625903086,"{""very negative"": 0.14990851283073425, ""neutral"": 0.028574587777256966, ""positive"": 0.015562235377728939, ""very positive"": 0.015562235377728939}",disapproval,"{""disapproval"": 0.5688949823379517}","[{""label"": ""disapproval"", ""score"": 0.5688949823379517}, {""label"": ""annoyance"", ""score"": 0.26531776785850525}, {""label"": ""disappointment"", ""score"": 0.19667105376720428}, {""label"": ""neutral"", ""score"": 0.17501303553581238}, {""label"": ""approval"", ""score"": 0.019899286329746246}]",non_irony,0.9473848938941956,False,non-offensive,0.6788666248321533,False
2025-02-12,RF-IND-008,5,The smart features are intuitive and the app integration works seamlessly.,positive,0.8389089703559875,0.5,0.49421363552263087,"{""very negative"": 0.015078968368470669, ""neutral"": 0.0321933850646019, ""positive"": 0.8389089703559875, ""very positive"": 0.09604666382074356}",approval,"{""approval"": 0.7188327312469482}","[{""label"": ""approval"", ""score"": 0.7188327312469482}, {""label"": ""neutral"", ""score"": 0.23967300355434418}, {""label"": ""admiration"", ""score"": 0.1221417710185051}, {""label"": ""realization"", ""score"": 0.02103411592543125}, {""label"": ""optimism"", ""score"": 0.010465051047503948}]",irony,0.6668115258216858,True,non-offensive,0.9256442189216614,False
2025-01-12,AC-IND-005,3,The camera is absolutely stunning but the battery life is a real letdown. Screen quality is decent though.,very negative,0.10432986915111542,-1.0,-0.45428586728316794,"{""very negative"": 0.10432986915111542, ""neutral"": 0.04633806273341179, ""positive"": 0.020227625966072083, ""very positive"": 0.014680723659694195}","admiration,disappointment","{""admiration"": 0.7581881284713745, ""disappointment"": 0.40491002798080444}","[{""label"": ""admiration"", ""score"": 0.7581881284713745}, {""label"": ""disappointment"", ""score"": 0.40491002798080444}, {""label"": ""disapproval"", ""score"": 0.04816196858882904}, {""label"": ""annoyance"", ""score"": 0.04007705673575401}, {""label"": ""sadness"", ""score"": 0.03249528631567955}]",non_irony,0.7837050557136536,False,non-offensive,0.8634015321731567,False
2024-10-16,TB-IND-007,4,"Produit moyen, rien de special. Correct pour le prix.",neutral,0.5150242447853088,0.0,-0.05506495812182074,"{""very negative"": 0.06442885845899582, ""neutral"": 0.5150242447853088, ""positive"": 0.053058139979839325, ""very positive"": 0.03008083999156952}","neutral,approval","{""neutral"": 0.7311878800392151, ""approval"": 0.37109485268592834}","[{""label"": ""neutral"", ""score"": 0.7311878800392151}, {""label"": ""approval"", ""score"": 0.37109485268592834}, {""label"": ""realization"", ""score"": 0.009801529347896576}, {""label"": ""disapproval"", ""score"": 0.0073822857812047005}, {""label"": ""optimism"", ""score"": 0.0072937230579555035}]",non_irony,0.9293095469474792,False,non-offensive,0.8186534643173218,False
2025-02-02,MB-IND-002,3,Product is fine for basic use but power users might find it limiting.,neutral,0.2278260439634323,0.0,0.13598060049171318,"{""very negative"": 0.017182493582367897, ""neutral"": 0.2278260439634323, ""positive"": 0.11778126657009125, ""very positive"": 0.021471703425049782}","neutral,approval","{""neutral"": 0.6480686068534851, ""approval"": 0.39360511302948}","[{""label"": ""neutral"", ""score"": 0.6480686068534851}, {""label"": ""approval"", ""score"": 0.39360511302948}, {""label"": ""realization"", ""score"": 0.027473531663417816}, {""label"": ""optimism"", ""score"": 0.021502286195755005}, {""label"": ""disapproval"", ""score"": 0.013942357152700424}]",non_irony,0.6216647624969482,False,non-offensive,0.8438470363616943,False
2025-01-28,MB-IND-002,5,Photo quality rivals phones twice the price. Very happy with the camera.,positive,0.9200547933578491,0.5,0.4818561179793535,"{""very negative"": 0.009893827140331268, ""neutral"": 0.01960623636841774, ""positive"": 0.9200547933578491, ""very positive"": 0.03305947035551071}",joy,"{""joy"": 0.8326600790023804}","[{""label"": ""joy"", ""score"": 0.8326600790023804}, {""label"": ""admiration"", ""score"": 0.12147273868322372}, {""label"": ""approval"", ""score"": 0.08454403281211853}, {""label"": ""neutral"", ""score"": 0.041709545999765396}, {""label"": ""relief"", ""score"": 0.027668539434671402}]",non_irony,0.5060417652130127,False,non-offensive,0.9031765460968018,False
2024-10-02,AC-IND-005,2,I just love paying premium prices for something that works half the time. Wonderful!,positive,0.4681796431541443,0.5,0.3093943984333868,"{""very negative"": 0.08025987446308136, ""neutral"": 0.054569948464632034, ""positive"": 0.4681796431541443, ""very positive"": 0.14146959781646729}","love,admiration","{""love"": 0.9180864095687866, ""admiration"": 0.30730876326560974}","[{""label"": ""love"", ""score"": 0.9180864095687866}, {""label"": ""admiration"", ""score"": 0.30730876326560974}, {""label"": ""joy"", ""score"": 0.07236479967832565}, {""label"": ""approval"", ""score"": 0.03508445620536804}, {""label"": ""excitement"", ""score"": 0.01018813531845808}]",irony,0.9883338212966919,True,non-offensive,0.9597514867782593,False
2025-01-05,RF-IND-008,5,"Build quality feels premium, definitely punches above its price point.",positive,0.5689269304275513,0.5,0.4307623559540791,"{""very negative"": 0.012321094051003456, ""neutral"": 0.05195668712258339, ""positive"": 0.5689269304275513, ""very positive"": 0.021232595667243004}","admiration,approval,neutral","{""admiration"": 0.4633546471595764, ""approval"": 0.39119985699653625, ""neutral"": 0.30986344814300537}","[{""label"": ""admiration"", ""score"": 0.4633546471595764}, {""label"": ""approval"", ""score"": 0.39119985699653625}, {""label"": ""neutral"", ""score"": 0.30986344814300537}, {""label"": ""realization"", ""score"": 0.013269134797155857}, {""label"": ""annoyance"", ""score"": 0.010357970371842384}]",non_irony,0.5766015648841858,False,non-offensive,0.8615878224372864,False
2025-01-10,LP-IND-003,4,"The processor handles everything I throw at it, but RAM management needs improvement.",positive,0.23391316831111908,0.5,0.22180404858284788,"{""very negative"": 0.017129547894001007, ""neutral"": 0.20354090631008148, ""positive"": 0.23391316831111908, ""very positive"": 0.01717514544725418}","neutral,approval","{""neutral"": 0.46721941232681274, ""approval"": 0.32108038663864136}","[{""label"": ""neutral"", ""score"": 0.46721941232681274}, {""label"": ""approval"", ""score"": 0.32108038663864136}, {""label"": ""optimism"", ""score"": 0.11606177687644958}, {""label"": ""realization"", ""score"": 0.05067124590277672}, {""label"": ""desire"", ""score"": 0.04620461165904999}]",non_irony,0.9052064418792725,False,non-offensive,0.8036984205245972,False
2025-01-09,MB-IND-002,5,"Noise cancellation is top-notch, blocks out everything around you.",positive,0.6977988481521606,0.5,0.5301263708619881,"{""very negative"": 0.018256666138768196, ""neutral"": 0.04996884986758232, ""positive"": 0.6977988481521606, ""very positive"": 0.20059357583522797}",neutral,"{""neutral"": 0.8535012602806091}","[{""label"": ""neutral"", ""score"": 0.8535012602806091}, {""label"": ""approval"", ""score"": 0.07272456586360931}, {""label"": ""annoyance"", ""score"": 0.035694435238838196}, {""label"": ""admiration"", ""score"": 0.030761508271098137}, {""label"": ""disapproval"", ""score"": 0.014540402218699455}]",irony,0.8790774345397949,True,non-offensive,0.7939949035644531,False
2025-03-11,MB-IND-002,2,"Performance is blazing fast and battery lasts all day, but the camera struggles in low light.",neutral,0.22503750026226044,0.0,0.04969891873383892,"{""very negative"": 0.02442760020494461, ""neutral"": 0.22503750026226044, ""positive"": 0.07423778623342514, ""very positive"": 0.017704090103507042}","neutral,admiration","{""neutral"": 0.5054706335067749, ""admiration"": 0.3082411289215088}","[{""label"": ""neutral"", ""score"": 0.5054706335067749}, {""label"": ""admiration"", ""score"": 0.3082411289215088}, {""label"": ""approval"", ""score"": 0.08437317609786987}, {""label"": ""disappointment"", ""score"": 0.061942923814058304}, {""label"": ""realization"", ""score"": 0.027526095509529114}]",non_irony,0.705230712890625,False,non-offensive,0.8822543025016785,False
2024-10-17,LP-IND-003,3,It is an acceptable product. Neither great nor terrible overall.,neutral,0.6794472932815552,0.0,0.11969010975899572,"{""very negative"": 0.021728726103901863, ""neutral"": 0.6794472932815552, ""positive"": 0.24736584722995758, ""very positive"": 0.028446754440665245}",approval,"{""approval"": 0.8612683415412903}","[{""label"": ""approval"", ""score"": 0.8612683415412903}, {""label"": ""admiration"", ""score"": 0.13370481133460999}, {""label"": ""neutral"", ""score"": 0.05180679261684418}, {""label"": ""disapproval"", ""score"": 0.02096419222652912}, {""label"": ""realization"", ""score"": 0.014821445569396019}]",non_irony,0.9514107704162598,False,non-offensive,0.8791451454162598,False
2024-11-30,WM-IND-004,3,"Average performance. Some features are good, others need improvement.",positive,0.61644446849823,0.5,0.34826672452702356,"{""very negative"": 0.025447191670536995, ""neutral"": 0.1476220041513443, ""positive"": 0.61644446849823, ""very positive"": 0.021131806075572968}","approval,admiration","{""approval"": 0.6711743474006653, ""admiration"": 0.3304252624511719}","[{""label"": ""approval"", ""score"": 0.6711743474006653}, {""label"": ""admiration"", ""score"": 0.3304252624511719}, {""label"": ""neutral"", ""score"": 0.1314345896244049}, {""label"": ""optimism"", ""score"": 0.0660710483789444}, {""label"": ""realization"", ""score"": 0.028510229662060738}]",non_irony,0.9071303606033325,False,non-offensive,0.930716335773468,False
2024-11-29,TV-IND-001,4,The processor handles multitasking effortlessly. No lag whatsoever.,neutral,0.7597368359565735,0.0,0.00797338825580054,"{""very negative"": 0.045921143144369125, ""neutral"": 0.7597368359565735, ""positive"": 0.05292467027902603, ""very positive"": 0.05003025010228157}","admiration,approval,neutral","{""admiration"": 0.3868221342563629, ""approval"": 0.3720160722732544, ""neutral"": 0.3502216339111328}","[{""label"": ""admiration"", ""score"": 0.3868221342563629}, {""label"": ""approval"", ""score"": 0.3720160722732544}, {""label"": ""neutral"", ""score"": 0.3502216339111328}, {""label"": ""realization"", ""score"": 0.014902401715517044}, {""label"": ""pride"", ""score"": 0.008550484664738178}]",irony,0.5463454127311707,True,non-offensive,0.8667475581169128,False
2025-02-24,AC-IND-005,4,"Noise cancellation is top-notch, blocks out everything around you.",positive,0.6977988481521606,0.5,0.5301263708619881,"{""very negative"": 0.018256666138768196, ""neutral"": 0.04996884986758232, ""positive"": 0.6977988481521606, ""very positive"": 0.20059357583522797}",neutral,"{""neutral"": 0.8535012602806091}","[{""label"": ""neutral"", ""score"": 0.8535012602806091}, {""label"": ""approval"", ""score"": 0.07272456586360931}, {""label"": ""annoyance"", ""score"": 0.035694435238838196}, {""label"": ""admiration"", ""score"": 0.030761508271098137}, {""label"": ""disapproval"", ""score"": 0.014540402218699455}]",irony,0.8790774345397949,True,non-offensive,0.7939949035644531,False
2025-01-01,RF-IND-008,5,"Great design, sleek and modern. Fits perfectly in my living room.",positive,0.5736238956451416,0.5,0.6753709677943955,"{""very negative"": 0.01719159446656704, ""neutral"": 0.05420605093240738, ""positive"": 0.5736238956451416, ""very positive"": 0.5736238956451416}",admiration,"{""admiration"": 0.9285853505134583}","[{""label"": ""admiration"", ""score"": 0.9285853505134583}, {""label"": ""approval"", ""score"": 0.09943830966949463}, {""label"": ""neutral"", ""score"": 0.02816888317465782}, {""label"": ""gratitude"", ""score"": 0.008972597308456898}, {""label"": ""realization"", ""score"": 0.006490301340818405}]",non_irony,0.6408451795578003,False,non-offensive,0.9143792986869812,False
2024-10-31,TB-IND-007,4,"Produit de mauvaise qualite, je suis tres decu. Ne recommande pas.",very negative,0.376915842294693,-1.0,-0.6515037909879426,"{""very negative"": 0.376915842294693, ""neutral"": 0.02833167091012001, ""positive"": 0.024450555443763733, ""very positive"": 0.01673412136733532}",neutral,"{""neutral"": 0.9460828304290771}","[{""label"": ""neutral"", ""score"": 0.9460828304290771}, {""label"": ""approval"", ""score"": 0.029701441526412964}, {""label"": ""disapproval"", ""score"": 0.009891659021377563}, {""label"": ""realization"", ""score"": 0.00757063552737236}, {""label"": ""annoyance"", ""score"": 0.006734327878803015}]",non_irony,0.8884108662605286,False,non-offensive,0.8112044930458069,False
2024-10-29,HP-IND-006,3,Some features work well but others feel half-baked and unfinished.,neutral,0.11231619864702225,0.0,-0.017368461427197737,"{""very negative"": 0.024700509384274483, ""neutral"": 0.11231619864702225, ""positive"": 0.031947653740644455, ""very positive"": 0.017410876229405403}",neutral,"{""neutral"": 0.42452213168144226}","[{""label"": ""neutral"", ""score"": 0.42452213168144226}, {""label"": ""approval"", ""score"": 0.262663334608078}, {""label"": ""disapproval"", ""score"": 0.08497705310583115}, {""label"": ""disappointment"", ""score"": 0.07289377599954605}, {""label"": ""annoyance"", ""score"": 0.06537593901157379}]",non_irony,0.7920966744422913,False,non-offensive,0.8468405604362488,False
2025-02-16,AC-IND-005,4,"Excelente producto, muy buena calidad y buen precio. Totalmente recomendado.",positive,0.5041067004203796,0.5,0.6816197815857253,"{""very negative"": 0.020635204389691353, ""neutral"": 0.014463076367974281, ""positive"": 0.5041067004203796, ""very positive"": 0.5041067004203796}",neutral,"{""neutral"": 0.6544529795646667}","[{""label"": ""neutral"", ""score"": 0.6544529795646667}, {""label"": ""admiration"", ""score"": 0.23028439283370972}, {""label"": ""approval"", ""score"": 0.12289128452539444}, {""label"": ""disapproval"", ""score"": 0.007028191816061735}, {""label"": ""realization"", ""score"": 0.0057449983432888985}]",non_irony,0.9285407662391663,False,non-offensive,0.7380510568618774,False
2025-02-07,LP-IND-003,5,"The camera quality is outstanding, perfect for everyday photography.",positive,0.4490591287612915,0.5,0.6009954280279384,"{""very negative"": 0.025144625455141068, ""neutral"": 0.08400725573301315, ""positive"": 0.4490591287612915, ""very positive"": 0.41047510504722595}",admiration,"{""admiration"": 0.9424173831939697}","[{""label"": ""admiration"", ""score"": 0.9424173831939697}, {""label"": ""approval"", ""score"": 0.058339230716228485}, {""label"": ""neutral"", ""score"": 0.0315530002117157}, {""label"": ""gratitude"", ""score"": 0.010911427438259125}, {""label"": ""realization"", ""score"": 0.006474080961197615}]",irony,0.561927080154419,True,non-offensive,0.924063503742218,False
2024-10-02,LP-IND-003,4,"The camera quality is outstanding, perfect for everyday photography.",positive,0.4490591287612915,0.5,0.6009954280279384,"{""very negative"": 0.025144625455141068, ""neutral"": 0.08400725573301315, ""positive"": 0.4490591287612915, ""very positive"": 0.41047510504722595}",admiration,"{""admiration"": 0.9424173831939697}","[{""label"": ""admiration"", ""score"": 0.9424173831939697}, {""label"": ""approval"", ""score"": 0.058339230716228485}, {""label"": ""neutral"", ""score"": 0.0315530002117157}, {""label"": ""gratitude"", ""score"": 0.010911427438259125}, {""label"": ""realization"", ""score"": 0.006474080961197615}]",irony,0.561927080154419,True,non-offensive,0.924063503742218,False
2024-11-01,TB-IND-007,3,Storage capacity is generous but the app crashes frequently when transferring large files.,neutral,0.21944527328014374,0.0,-0.016317923227209753,"{""very negative"": 0.026355694979429245, ""neutral"": 0.21944527328014374, ""positive"": 0.028247667476534843, ""very positive"": 0.02017846331000328}","neutral,disappointment","{""neutral"": 0.565437376499176, ""disappointment"": 0.34233924746513367}","[{""label"": ""neutral"", ""score"": 0.565437376499176}, {""label"": ""disappointment"", ""score"": 0.34233924746513367}, {""label"": ""disapproval"", ""score"": 0.0853864774107933}, {""label"": ""annoyance"", ""score"": 0.07664201408624649}, {""label"": ""approval"", ""score"": 0.055152952671051025}]",non_irony,0.8343307971954346,False,non-offensive,0.7884221076965332,False
2024-12-19,HP-IND-006,5,"Battery life is incredible, easily lasts two full days with heavy usage.",positive,0.5513941645622253,0.5,0.65847089364473,"{""very negative"": 0.022336257621645927, ""neutral"": 0.05773572251200676, ""positive"": 0.5513941645622253, ""very positive"": 0.5513941645622253}",admiration,"{""admiration"": 0.9398247599601746}","[{""label"": ""admiration"", ""score"": 0.9398247599601746}, {""label"": ""approval"", ""score"": 0.055740565061569214}, {""label"": ""neutral"", ""score"": 0.025282323360443115}, {""label"": ""excitement"", ""score"": 0.016244882717728615}, {""label"": ""optimism"", ""score"": 0.009911395609378815}]",irony,0.7044013738632202,True,non-offensive,0.8911383748054504,False
2024-12-12,WM-IND-004,5,The smart features are intuitive and the app integration works seamlessly.,positive,0.8389089703559875,0.5,0.49421363552263087,"{""very negative"": 0.015078968368470669, ""neutral"": 0.0321933850646019, ""positive"": 0.8389089703559875, ""very positive"": 0.09604666382074356}",approval,"{""approval"": 0.7188327312469482}","[{""label"": ""approval"", ""score"": 0.7188327312469482}, {""label"": ""neutral"", ""score"": 0.23967300355434418}, {""label"": ""admiration"", ""score"": 0.1221417710185051}, {""label"": ""realization"", ""score"": 0.02103411592543125}, {""label"": ""optimism"", ""score"": 0.010465051047503948}]",irony,0.6668115258216858,True,non-offensive,0.9256442189216614,False
2025-02-09,RF-IND-008,3,Decent product for the price. Nothing extraordinary but gets the job done.,positive,0.9262930154800415,0.5,0.4699002944402194,"{""very negative"": 0.008937007747590542, ""neutral"": 0.029806025326251984, ""positive"": 0.9262930154800415, ""very positive"": 0.014957997016608715}",admiration,"{""admiration"": 0.8266987204551697}","[{""label"": ""admiration"", ""score"": 0.8266987204551697}, {""label"": ""approval"", ""score"": 0.24115855991840363}, {""label"": ""neutral"", ""score"": 0.08824765682220459}, {""label"": ""realization"", ""score"": 0.015828154981136322}, {""label"": ""gratitude"", ""score"": 0.015294903889298439}]",non_irony,0.8037245869636536,False,non-offensive,0.9300389289855957,False
2025-02-08,LP-IND-003,2,The promised features do not work as advertised. False marketing.,very negative,0.11003702878952026,-1.0,-0.4876406735014096,"{""very negative"": 0.11003702878952026, ""neutral"": 0.03954793140292168, ""positive"": 0.016627198085188866, ""very positive"": 0.014809762127697468}",disapproval,"{""disapproval"": 0.7108097076416016}","[{""label"": ""disapproval"", ""score"": 0.7108097076416016}, {""label"": ""disappointment"", ""score"": 0.235524520277977}, {""label"": ""annoyance"", ""score"": 0.2101682424545288}, {""label"": ""neutral"", ""score"": 0.11439910531044006}, {""label"": ""anger"", ""score"": 0.018257828429341316}]",irony,0.5804412961006165,True,non-offensive,0.8188140392303467,False
2024-12-28,LP-IND-003,2,Bluetooth connectivity drops every few minutes. Extremely frustrating.,very negative,0.6028462648391724,-1.0,-0.6743283178692285,"{""very negative"": 0.6028462648391724, ""neutral"": 0.050933293998241425, ""positive"": 0.02046809531748295, ""very positive"": 0.019622648134827614}",annoyance,"{""annoyance"": 0.755325436592102}","[{""label"": ""annoyance"", ""score"": 0.755325436592102}, {""label"": ""anger"", ""score"": 0.23799586296081543}, {""label"": ""neutral"", ""score"": 0.06979986280202866}, {""label"": ""disappointment"", ""score"": 0.05000713840126991}, {""label"": ""disapproval"", ""score"": 0.037070609629154205}]",irony,0.6903656721115112,True,non-offensive,0.7488885521888733,False
2024-11-26,TB-IND-007,2,Love the display and design but the speaker quality is terrible and overheats during gaming.,very negative,0.3773541748523712,-1.0,-0.6110164372537351,"{""very negative"": 0.3773541748523712, ""neutral"": 0.08313998579978943, ""positive"": 0.019871970638632774, ""very positive"": 0.019871970638632774}","love,disgust","{""love"": 0.410555899143219, ""disgust"": 0.3163873255252838}","[{""label"": ""love"", ""score"": 0.410555899143219}, {""label"": ""disgust"", ""score"": 0.3163873255252838}, {""label"": ""admiration"", ""score"": 0.14251857995986938}, {""label"": ""disappointment"", ""score"": 0.14123332500457764}, {""label"": ""annoyance"", ""score"": 0.09878356009721756}]",non_irony,0.6289689540863037,False,non-offensive,0.7254443764686584,False
2024-12-11,HP-IND-006,5,"Bahut achha product hai, value for money. Camera bhi bahut accha hai.",positive,0.5882152915000916,0.5,0.4220367277463888,"{""very negative"": 0.0290150735527277, ""neutral"": 0.18226198852062225, ""positive"": 0.5882152915000916, ""very positive"": 0.1714218407869339}",neutral,"{""neutral"": 0.7110043168067932}","[{""label"": ""neutral"", ""score"": 0.7110043168067932}, {""label"": ""approval"", ""score"": 0.15353593230247498}, {""label"": ""admiration"", ""score"": 0.0266432985663414}, {""label"": ""amusement"", ""score"": 0.018048683181405067}, {""label"": ""joy"", ""score"": 0.013174094259738922}]",non_irony,0.8170913457870483,False,non-offensive,0.7812522053718567,False
2025-01-13,HP-IND-006,2,The promised features do not work as advertised. False marketing.,very negative,0.11003702878952026,-1.0,-0.4876406735014096,"{""very negative"": 0.11003702878952026, ""neutral"": 0.03954793140292168, ""positive"": 0.016627198085188866, ""very positive"": 0.014809762127697468}",disapproval,"{""disapproval"": 0.7108097076416016}","[{""label"": ""disapproval"", ""score"": 0.7108097076416016}, {""label"": ""disappointment"", ""score"": 0.235524520277977}, {""label"": ""annoyance"", ""score"": 0.2101682424545288}, {""label"": ""neutral"", ""score"": 0.11439910531044006}, {""label"": ""anger"", ""score"": 0.018257828429341316}]",irony,0.5804412961006165,True,non-offensive,0.8188140392303467,False
2025-03-12,MB-IND-002,2,Build quality is cheap and flimsy. Does not feel worth the price at all.,very negative,0.14990851283073425,-1.0,-0.560529625903086,"{""very negative"": 0.14990851283073425, ""neutral"": 0.028574587777256966, ""positive"": 0.015562235377728939, ""very positive"": 0.015562235377728939}",disapproval,"{""disapproval"": 0.5688949823379517}","[{""label"": ""disapproval"", ""score"": 0.5688949823379517}, {""label"": ""annoyance"", ""score"": 0.26531776785850525}, {""label"": ""disappointment"", ""score"": 0.19667105376720428}, {""label"": ""neutral"", ""score"": 0.17501303553581238}, {""label"": ""approval"", ""score"": 0.019899286329746246}]",non_irony,0.9473848938941956,False,non-offensive,0.6788666248321533,False
2025-02-01,AC-IND-005,5,"Noise cancellation is top-notch, blocks out everything around you.",positive,0.6977988481521606,0.5,0.5301263708619881,"{""very negative"": 0.018256666138768196, ""neutral"": 0.04996884986758232, ""positive"": 0.6977988481521606, ""very positive"": 0.20059357583522797}",neutral,"{""neutral"": 0.8535012602806091}","[{""label"": ""neutral"", ""score"": 0.8535012602806091}, {""label"": ""approval"", ""score"": 0.07272456586360931}, {""label"": ""annoyance"", ""score"": 0.035694435238838196}, {""label"": ""admiration"", ""score"": 0.030761508271098137}, {""label"": ""disapproval"", ""score"": 0.014540402218699455}]",irony,0.8790774345397949,True,non-offensive,0.7939949035644531,False
2025-03-02,MB-IND-002,5,"Produit de mauvaise qualite, je suis tres decu. Ne recommande pas.",very negative,0.376915842294693,-1.0,-0.6515037909879426,"{""very negative"": 0.376915842294693, ""neutral"": 0.02833167091012001, ""positive"": 0.024450555443763733, ""very positive"": 0.01673412136733532}",neutral,"{""neutral"": 0.9460828304290771}","[{""label"": ""neutral"", ""score"": 0.9460828304290771}, {""label"": ""approval"", ""score"": 0.029701441526412964}, {""label"": ""disapproval"", ""score"": 0.009891659021377563}, {""label"": ""realization"", ""score"": 0.00757063552737236}, {""label"": ""annoyance"", ""score"": 0.006734327878803015}]",non_irony,0.8884108662605286,False,non-offensive,0.8112044930458069,False
2024-11-18,RF-IND-008,3,Picture quality is cinema-grade but the smart TV interface is sluggish and outdated.,neutral,0.11210909485816956,0.0,-0.3432767988114281,"{""very negative"": 0.09767726063728333, ""neutral"": 0.11210909485816956, ""positive"": 0.01873759925365448, ""very positive"": 0.01873759925365448}","disappointment,neutral","{""disappointment"": 0.4849526882171631, ""neutral"": 0.30056726932525635}","[{""label"": ""disappointment"", ""score"": 0.4849526882171631}, {""label"": ""neutral"", ""score"": 0.30056726932525635}, {""label"": ""annoyance"", ""score"": 0.28581249713897705}, {""label"": ""disapproval"", ""score"": 0.16970854997634888}, {""label"": ""realization"", ""score"": 0.04120287299156189}]",non_irony,0.5747299194335938,False,non-offensive,0.7664331793785095,False
2024-12-23,TV-IND-001,4,"Fast delivery, great packaging, and the product works flawlessly.",positive,0.6741796135902405,0.5,0.5512896068214521,"{""very negative"": 0.01956154778599739, ""neutral"": 0.04252088442444801, ""positive"": 0.6741796135902405, ""very positive"": 0.24276283383369446}",admiration,"{""admiration"": 0.9123939275741577}","[{""label"": ""admiration"", ""score"": 0.9123939275741577}, {""label"": ""approval"", ""score"": 0.11531123518943787}, {""label"": ""neutral"", ""score"": 0.05167611688375473}, {""label"": ""gratitude"", ""score"": 0.016645468771457672}, {""label"": ""realization"", ""score"": 0.009102078154683113}]",irony,0.6614562273025513,True,non-offensive,0.9098259210586548,False
2025-02-07,TV-IND-001,5,"Sound quality is phenomenal, crisp highs and deep bass. Worth every penny.",positive,0.49539729952812195,0.5,0.6590491162612364,"{""very negative"": 0.019894424825906754, ""neutral"": 0.05166413262486458, ""positive"": 0.49539729952812195, ""very positive"": 0.49539729952812195}",admiration,"{""admiration"": 0.9490026235580444}","[{""label"": ""admiration"", ""score"": 0.9490026235580444}, {""label"": ""approval"", ""score"": 0.04883971065282822}, {""label"": ""neutral"", ""score"": 0.030404893681406975}, {""label"": ""gratitude"", ""score"": 0.010029646568000317}, {""label"": ""disapproval"", ""score"": 0.006704993546009064}]",non_irony,0.7751739025115967,False,non-offensive,0.8951526284217834,False
2024-12-14,HP-IND-006,3,"Average performance. Some features are good, others need improvement.",positive,0.61644446849823,0.5,0.34826672452702356,"{""very negative"": 0.025447191670536995, ""neutral"": 0.1476220041513443, ""positive"": 0.61644446849823, ""very positive"": 0.021131806075572968}","approval,admiration","{""approval"": 0.6711743474006653, ""admiration"": 0.3304252624511719}","[{""label"": ""approval"", ""score"": 0.6711743474006653}, {""label"": ""admiration"", ""score"": 0.3304252624511719}, {""label"": ""neutral"", ""score"": 0.1314345896244049}, {""label"": ""optimism"", ""score"": 0.0660710483789444}, {""label"": ""realization"", ""score"": 0.028510229662060738}]",non_irony,0.9071303606033325,False,non-offensive,0.930716335773468,False
2025-03-08,LP-IND-003,4,"Durability is impressive, been using for 6 months with zero issues.",positive,0.8207300305366516,0.5,0.47055570951936276,"{""very negative"": 0.01670188084244728, ""neutral"": 0.05924329534173012, ""positive"": 0.8207300305366516, ""very positive"": 0.0840175449848175}",admiration,"{""admiration"": 0.901075005531311}","[{""label"": ""admiration"", ""score"": 0.901075005531311}, {""label"": ""approval"", ""score"": 0.09503141790628433}, {""label"": ""neutral"", ""score"": 0.046847887337207794}, {""label"": ""realization"", ""score"": 0.013351649045944214}, {""label"": ""gratitude"", ""score"": 0.0120680071413517}]",irony,0.8547757267951965,True,non-offensive,0.930757999420166,False
2024-10-06,MB-IND-002,3,Wash quality is superb and very gentle on clothes. But the spin cycle is noisy and takes too long.,neutral,0.12252725660800934,0.0,-0.08810374244550431,"{""very negative"": 0.028522823005914688, ""neutral"": 0.12252725660800934, ""positive"": 0.025434179231524467, ""very positive"": 0.011033188551664352}","neutral,admiration","{""neutral"": 0.3840573728084564, ""admiration"": 0.34550753235816956}","[{""label"": ""neutral"", ""score"": 0.3840573728084564}, {""label"": ""admiration"", ""score"": 0.34550753235816956}, {""label"": ""approval"", ""score"": 0.09356952458620071}, {""label"": ""disappointment"", ""score"": 0.0653710588812828}, {""label"": ""annoyance"", ""score"": 0.05638834461569786}]",irony,0.6539191007614136,True,non-offensive,0.8536752462387085,False
2024-12-17,WM-IND-004,2,"Sure, who needs customer service anyway? Waiting 4 weeks builds character!",neutral,0.7354669570922852,0.0,0.08089343274446564,"{""very negative"": 0.022473178803920746, ""neutral"": 0.7354669570922852, ""positive"": 0.13158436119556427, ""very positive"": 0.04536167159676552}","approval,neutral","{""approval"": 0.39447733759880066, ""neutral"": 0.3930034935474396}","[{""label"": ""approval"", ""score"": 0.39447733759880066}, {""label"": ""neutral"", ""score"": 0.3930034935474396}, {""label"": ""curiosity"", ""score"": 0.25203585624694824}, {""label"": ""confusion"", ""score"": 0.058140382170677185}, {""label"": ""realization"", ""score"": 0.018022604286670685}]",irony,0.8940737843513489,True,non-offensive,0.8660460114479065,False
2025-01-03,MB-IND-002,5,"Sehr gutes Produkt, schnelle Lieferung und tolle Qualitat. Empfehlenswert!",positive,0.5607585906982422,0.5,0.63179622013243,"{""very negative"": 0.019466347992420197, ""neutral"": 0.01999477855861187, ""positive"": 0.5607585906982422, ""very positive"": 0.3811355233192444}",neutral,"{""neutral"": 0.9314554929733276}","[{""label"": ""neutral"", ""score"": 0.9314554929733276}, {""label"": ""approval"", ""score"": 0.03372388705611229}, {""label"": ""annoyance"", ""score"": 0.009257086552679539}, {""label"": ""admiration"", ""score"": 0.006478950381278992}, {""label"": ""realization"", ""score"": 0.0048216269351542}]",non_irony,0.9127270579338074,False,non-offensive,0.7963050007820129,False
2025-03-02,WM-IND-004,5,Excellent cooling performance even during peak summer. Very satisfied.,positive,0.7707273960113525,0.5,0.5362639801740339,"{""very negative"": 0.014967979863286018, ""neutral"": 0.02442777529358864, ""positive"": 0.7707273960113525, ""very positive"": 0.17155218124389648}",admiration,"{""admiration"": 0.9331638216972351}","[{""label"": ""admiration"", ""score"": 0.9331638216972351}, {""label"": ""approval"", ""score"": 0.07154010981321335}, {""label"": ""gratitude"", ""score"": 0.04528460651636124}, {""label"": ""neutral"", ""score"": 0.019264668226242065}, {""label"": ""joy"", ""score"": 0.010110114701092243}]",non_irony,0.602388322353363,False,non-offensive,0.9177484512329102,False
2025-02-22,RF-IND-008,5,Best purchase I have made this year. Great value for money and excellent features.,positive,0.44873490929603577,0.5,0.5963910590069607,"{""very negative"": 0.028467901051044464, ""neutral"": 0.07443559914827347, ""positive"": 0.44873490929603577, ""very positive"": 0.40708863735198975}",admiration,"{""admiration"": 0.947281539440155}","[{""label"": ""admiration"", ""score"": 0.947281539440155}, {""label"": ""approval"", ""score"": 0.04991918429732323}, {""label"": ""gratitude"", ""score"": 0.017717011272907257}, {""label"": ""neutral"", ""score"": 0.016094906255602837}, {""label"": ""realization"", ""score"": 0.006029242649674416}]",non_irony,0.6735737919807434,False,non-offensive,0.953192949295044,False
2025-03-11,RF-IND-008,3,"Bahut achha product hai, value for money. Camera bhi bahut accha hai.",positive,0.5882152915000916,0.5,0.4220367277463888,"{""very negative"": 0.0290150735527277, ""neutral"": 0.18226198852062225, ""positive"": 0.5882152915000916, ""very positive"": 0.1714218407869339}",neutral,"{""neutral"": 0.7110043168067932}","[{""label"": ""neutral"", ""score"": 0.7110043168067932}, {""label"": ""approval"", ""score"": 0.15353593230247498}, {""label"": ""admiration"", ""score"": 0.0266432985663414}, {""label"": ""amusement"", ""score"": 0.018048683181405067}, {""label"": ""joy"", ""score"": 0.013174094259738922}]",non_irony,0.8170913457870483,False,non-offensive,0.7812522053718567,False
2024-10-16,AC-IND-005,4,Customer service was amazing. They resolved my query within minutes.,positive,0.6071091294288635,0.5,0.5974647468222958,"{""very negative"": 0.017765464261174202, ""neutral"": 0.03513293340802193, ""positive"": 0.6071091294288635, ""very positive"": 0.31808170676231384}",admiration,"{""admiration"": 0.9301038980484009}","[{""label"": ""admiration"", ""score"": 0.9301038980484009}, {""label"": ""approval"", ""score"": 0.06624912470579147}, {""label"": ""neutral"", ""score"": 0.026406768709421158}, {""label"": ""excitement"", ""score"": 0.022681886330246925}, {""label"": ""joy"", ""score"": 0.018670279532670975}]",irony,0.8352649807929993,True,non-offensive,0.9490030407905579,False
2024-10-01,LP-IND-003,5,"Bahut achha product hai, value for money. Camera bhi bahut accha hai.",positive,0.5882152915000916,0.5,0.4220367277463888,"{""very negative"": 0.0290150735527277, ""neutral"": 0.18226198852062225, ""positive"": 0.5882152915000916, ""very positive"": 0.1714218407869339}",neutral,"{""neutral"": 0.7110043168067932}","[{""label"": ""neutral"", ""score"": 0.7110043168067932}, {""label"": ""approval"", ""score"": 0.15353593230247498}, {""label"": ""admiration"", ""score"": 0.0266432985663414}, {""label"": ""amusement"", ""score"": 0.018048683181405067}, {""label"": ""joy"", ""score"": 0.013174094259738922}]",non_irony,0.8170913457870483,False,non-offensive,0.7812522053718567,False
2024-10-24,LP-IND-003,5,Best purchase I have made this year. Great value for money and excellent features.,positive,0.44873490929603577,0.5,0.5963910590069607,"{""very negative"": 0.028467901051044464, ""neutral"": 0.07443559914827347, ""positive"": 0.44873490929603577, ""very positive"": 0.40708863735198975}",admiration,"{""admiration"": 0.947281539440155}","[{""label"": ""admiration"", ""score"": 0.947281539440155}, {""label"": ""approval"", ""score"": 0.04991918429732323}, {""label"": ""gratitude"", ""score"": 0.017717011272907257}, {""label"": ""neutral"", ""score"": 0.016094906255602837}, {""label"": ""realization"", ""score"": 0.006029242649674416}]",non_irony,0.6735737919807434,False,non-offensive,0.953192949295044,False
2025-02-16,TV-IND-001,4,Photo quality rivals phones twice the price. Very happy with the camera.,positive,0.9200547933578491,0.5,0.4818561179793535,"{""very negative"": 0.009893827140331268, ""neutral"": 0.01960623636841774, ""positive"": 0.9200547933578491, ""very positive"": 0.03305947035551071}",joy,"{""joy"": 0.8326600790023804}","[{""label"": ""joy"", ""score"": 0.8326600790023804}, {""label"": ""admiration"", ""score"": 0.12147273868322372}, {""label"": ""approval"", ""score"": 0.08454403281211853}, {""label"": ""neutral"", ""score"": 0.041709545999765396}, {""label"": ""relief"", ""score"": 0.027668539434671402}]",non_irony,0.5060417652130127,False,non-offensive,0.9031765460968018,False
2024-11-19,LP-IND-003,4,Best purchase I have made this year. Great value for money and excellent features.,positive,0.44873490929603577,0.5,0.5963910590069607,"{""very negative"": 0.028467901051044464, ""neutral"": 0.07443559914827347, ""positive"": 0.44873490929603577, ""very positive"": 0.40708863735198975}",admiration,"{""admiration"": 0.947281539440155}","[{""label"": ""admiration"", ""score"": 0.947281539440155}, {""label"": ""approval"", ""score"": 0.04991918429732323}, {""label"": ""gratitude"", ""score"": 0.017717011272907257}, {""label"": ""neutral"", ""score"": 0.016094906255602837}, {""label"": ""realization"", ""score"": 0.006029242649674416}]",non_irony,0.6735737919807434,False,non-offensive,0.953192949295044,False
2025-02-04,MB-IND-002,1,What a fantastic feature - random shutdowns keep life exciting and unpredictable!,positive,0.5706542134284973,0.5,0.649035807029748,"{""very negative"": 0.027282441034913063, ""neutral"": 0.05992436781525612, ""positive"": 0.5706542134284973, ""very positive"": 0.5706542134284973}","excitement,admiration","{""excitement"": 0.6452254056930542, ""admiration"": 0.5212389230728149}","[{""label"": ""excitement"", ""score"": 0.6452254056930542}, {""label"": ""admiration"", ""score"": 0.5212389230728149}, {""label"": ""joy"", ""score"": 0.09005238115787506}, {""label"": ""curiosity"", ""score"": 0.03715738654136658}, {""label"": ""approval"", ""score"": 0.03235604241490364}]",irony,0.9249007105827332,True,non-offensive,0.9284485578536987,False
2025-02-15,RF-IND-008,5,"Bahut achha product hai, value for money. Camera bhi bahut accha hai.",positive,0.5882152915000916,0.5,0.4220367277463888,"{""very negative"": 0.0290150735527277, ""neutral"": 0.18226198852062225, ""positive"": 0.5882152915000916, ""very positive"": 0.1714218407869339}",neutral,"{""neutral"": 0.7110043168067932}","[{""label"": ""neutral"", ""score"": 0.7110043168067932}, {""label"": ""approval"", ""score"": 0.15353593230247498}, {""label"": ""admiration"", ""score"": 0.0266432985663414}, {""label"": ""amusement"", ""score"": 0.018048683181405067}, {""label"": ""joy"", ""score"": 0.013174094259738922}]",non_irony,0.8170913457870483,False,non-offensive,0.7812522053718567,False
2025-02-10,LP-IND-003,4,Excellent cooling performance even during peak summer. Very satisfied.,positive,0.7707273960113525,0.5,0.5362639801740339,"{""very negative"": 0.014967979863286018, ""neutral"": 0.02442777529358864, ""positive"": 0.7707273960113525, ""very positive"": 0.17155218124389648}",admiration,"{""admiration"": 0.9331638216972351}","[{""label"": ""admiration"", ""score"": 0.9331638216972351}, {""label"": ""approval"", ""score"": 0.07154010981321335}, {""label"": ""gratitude"", ""score"": 0.04528460651636124}, {""label"": ""neutral"", ""score"": 0.019264668226242065}, {""label"": ""joy"", ""score"": 0.010110114701092243}]",non_irony,0.602388322353363,False,non-offensive,0.9177484512329102,False
2025-02-19,TV-IND-001,5,"The camera quality is outstanding, perfect for everyday photography.",positive,0.4490591287612915,0.5,0.6009954280279384,"{""very negative"": 0.025144625455141068, ""neutral"": 0.08400725573301315, ""positive"": 0.4490591287612915, ""very positive"": 0.41047510504722595}",admiration,"{""admiration"": 0.9424173831939697}","[{""label"": ""admiration"", ""score"": 0.9424173831939697}, {""label"": ""approval"", ""score"": 0.058339230716228485}, {""label"": ""neutral"", ""score"": 0.0315530002117157}, {""label"": ""gratitude"", ""score"": 0.010911427438259125}, {""label"": ""realization"", ""score"": 0.006474080961197615}]",irony,0.561927080154419,True,non-offensive,0.924063503742218,False
2024-10-09,AC-IND-005,3,Product is fine for basic use but power users might find it limiting.,neutral,0.2278260439634323,0.0,0.13598060049171318,"{""very negative"": 0.017182493582367897, ""neutral"": 0.2278260439634323, ""positive"": 0.11778126657009125, ""very positive"": 0.021471703425049782}","neutral,approval","{""neutral"": 0.6480686068534851, ""approval"": 0.39360511302948}","[{""label"": ""neutral"", ""score"": 0.6480686068534851}, {""label"": ""approval"", ""score"": 0.39360511302948}, {""label"": ""realization"", ""score"": 0.027473531663417816}, {""label"": ""optimism"", ""score"": 0.021502286195755005}, {""label"": ""disapproval"", ""score"": 0.013942357152700424}]",non_irony,0.6216647624969482,False,non-offensive,0.8438470363616943,False
2025-01-29,WM-IND-004,2,I just love paying premium prices for something that works half the time. Wonderful!,positive,0.4681796431541443,0.5,0.3093943984333868,"{""very negative"": 0.08025987446308136, ""neutral"": 0.054569948464632034, ""positive"": 0.4681796431541443, ""very positive"": 0.14146959781646729}","love,admiration","{""love"": 0.9180864095687866, ""admiration"": 0.30730876326560974}","[{""label"": ""love"", ""score"": 0.9180864095687866}, {""label"": ""admiration"", ""score"": 0.30730876326560974}, {""label"": ""joy"", ""score"": 0.07236479967832565}, {""label"": ""approval"", ""score"": 0.03508445620536804}, {""label"": ""excitement"", ""score"": 0.01018813531845808}]",irony,0.9883338212966919,True,non-offensive,0.9597514867782593,False
2024-11-10,WM-IND-004,2,The battery dies faster than my enthusiasm for this brand. Remarkable achievement!,positive,0.7221293449401855,0.5,0.7025799770686348,"{""very negative"": 0.0158077459782362, ""neutral"": 0.03211413696408272, ""positive"": 0.7221293449401855, ""very positive"": 0.7221293449401855}",admiration,"{""admiration"": 0.9155632853507996}","[{""label"": ""admiration"", ""score"": 0.9155632853507996}, {""label"": ""approval"", ""score"": 0.058518778532743454}, {""label"": ""excitement"", ""score"": 0.057543788105249405}, {""label"": ""neutral"", ""score"": 0.024362027645111084}, {""label"": ""surprise"", ""score"": 0.020907849073410034}]",irony,0.943659245967865,True,non-offensive,0.8459072709083557,False
2025-02-17,TV-IND-001,4,"Noise cancellation is top-notch, blocks out everything around you.",positive,0.6977988481521606,0.5,0.5301263708619881,"{""very negative"": 0.018256666138768196, ""neutral"": 0.04996884986758232, ""positive"": 0.6977988481521606, ""very positive"": 0.20059357583522797}",neutral,"{""neutral"": 0.8535012602806091}","[{""label"": ""neutral"", ""score"": 0.8535012602806091}, {""label"": ""approval"", ""score"": 0.07272456586360931}, {""label"": ""annoyance"", ""score"": 0.035694435238838196}, {""label"": ""admiration"", ""score"": 0.030761508271098137}, {""label"": ""disapproval"", ""score"": 0.014540402218699455}]",irony,0.8790774345397949,True,non-offensive,0.7939949035644531,False
2024-10-03,RF-IND-008,4,"Battery life is incredible, easily lasts two full days with heavy usage.",positive,0.5513941645622253,0.5,0.65847089364473,"{""very negative"": 0.022336257621645927, ""neutral"": 0.05773572251200676, ""positive"": 0.5513941645622253, ""very positive"": 0.5513941645622253}",admiration,"{""admiration"": 0.9398247599601746}","[{""label"": ""admiration"", ""score"": 0.9398247599601746}, {""label"": ""approval"", ""score"": 0.055740565061569214}, {""label"": ""neutral"", ""score"": 0.025282323360443115}, {""label"": ""excitement"", ""score"": 0.016244882717728615}, {""label"": ""optimism"", ""score"": 0.009911395609378815}]",irony,0.7044013738632202,True,non-offensive,0.8911383748054504,False
2024-11-03,TB-IND-007,1,"Excelente producto, muy buena calidad y buen precio. Totalmente recomendado.",positive,0.5041067004203796,0.5,0.6816197815857253,"{""very negative"": 0.020635204389691353, ""neutral"": 0.014463076367974281, ""positive"": 0.5041067004203796, ""very positive"": 0.5041067004203796}",neutral,"{""neutral"": 0.6544529795646667}","[{""label"": ""neutral"", ""score"": 0.6544529795646667}, {""label"": ""admiration"", ""score"": 0.23028439283370972}, {""label"": ""approval"", ""score"": 0.12289128452539444}, {""label"": ""disapproval"", ""score"": 0.007028191816061735}, {""label"": ""realization"", ""score"": 0.0057449983432888985}]",non_irony,0.9285407662391663,False,non-offensive,0.7380510568618774,False
2024-11-28,MB-IND-002,2,What a fantastic feature - random shutdowns keep life exciting and unpredictable!,positive,0.5706542134284973,0.5,0.649035807029748,"{""very negative"": 0.027282441034913063, ""neutral"": 0.05992436781525612, ""positive"": 0.5706542134284973, ""very positive"": 0.5706542134284973}","excitement,admiration","{""excitement"": 0.6452254056930542, ""admiration"": 0.5212389230728149}","[{""label"": ""excitement"", ""score"": 0.6452254056930542}, {""label"": ""admiration"", ""score"": 0.5212389230728149}, {""label"": ""joy"", ""score"": 0.09005238115787506}, {""label"": ""curiosity"", ""score"": 0.03715738654136658}, {""label"": ""approval"", ""score"": 0.03235604241490364}]",irony,0.9249007105827332,True,non-offensive,0.9284485578536987,False
2024-11-15,TB-IND-007,4,Setup was a breeze. Works perfectly right out of the box.,positive,0.7648035287857056,0.5,0.47922752030908433,"{""very negative"": 0.018615633249282837, ""neutral"": 0.0714670941233635, ""positive"": 0.7648035287857056, ""very positive"": 0.12313982099294662}",approval,"{""approval"": 0.4734435975551605}","[{""label"": ""approval"", ""score"": 0.4734435975551605}, {""label"": ""neutral"", ""score"": 0.22926150262355804}, {""label"": ""admiration"", ""score"": 0.15972226858139038}, {""label"": ""joy"", ""score"": 0.12473662942647934}, {""label"": ""realization"", ""score"": 0.03085273876786232}]",non_irony,0.7767495512962341,False,non-offensive,0.8942966461181641,False
2025-01-17,MB-IND-002,2,Love the display and design but the speaker quality is terrible and overheats during gaming.,very negative,0.3773541748523712,-1.0,-0.6110164372537351,"{""very negative"": 0.3773541748523712, ""neutral"": 0.08313998579978943, ""positive"": 0.019871970638632774, ""very positive"": 0.019871970638632774}","love,disgust","{""love"": 0.410555899143219, ""disgust"": 0.3163873255252838}","[{""label"": ""love"", ""score"": 0.410555899143219}, {""label"": ""disgust"", ""score"": 0.3163873255252838}, {""label"": ""admiration"", ""score"": 0.14251857995986938}, {""label"": ""disappointment"", ""score"": 0.14123332500457764}, {""label"": ""annoyance"", ""score"": 0.09878356009721756}]",non_irony,0.6289689540863037,False,non-offensive,0.7254443764686584,False
2025-03-07,MB-IND-002,1,"Sehr gutes Produkt, schnelle Lieferung und tolle Qualitat. Empfehlenswert!",positive,0.5607585906982422,0.5,0.63179622013243,"{""very negative"": 0.019466347992420197, ""neutral"": 0.01999477855861187, ""positive"": 0.5607585906982422, ""very positive"": 0.3811355233192444}",neutral,"{""neutral"": 0.9314554929733276}","[{""label"": ""neutral"", ""score"": 0.9314554929733276}, {""label"": ""approval"", ""score"": 0.03372388705611229}, {""label"": ""annoyance"", ""score"": 0.009257086552679539}, {""label"": ""admiration"", ""score"": 0.006478950381278992}, {""label"": ""realization"", ""score"": 0.0048216269351542}]",non_irony,0.9127270579338074,False,non-offensive,0.7963050007820129,False
2024-12-30,LP-IND-003,2,"Very noisy operation, you can hear it from across the room.",very negative,0.2273368090391159,-1.0,-0.5590371333032957,"{""very negative"": 0.2273368090391159, ""neutral"": 0.040130890905857086, ""positive"": 0.03464279696345329, ""very positive"": 0.01776937209069729}","neutral,annoyance,disgust","{""neutral"": 0.20088286697864532, ""annoyance"": 0.18471433222293854, ""disgust"": 0.029139941558241844}","[{""label"": ""neutral"", ""score"": 0.20088286697864532}, {""label"": ""annoyance"", ""score"": 0.18471433222293854}, {""label"": ""disgust"", ""score"": 0.029139941558241844}, {""label"": ""approval"", ""score"": 0.024515606462955475}, {""label"": ""anger"", ""score"": 0.023660719394683838}]",irony,0.5849149227142334,True,non-offensive,0.7706944346427917,False
2024-12-17,LP-IND-003,1,Terrible experience. Product stopped working within a week of purchase.,very negative,0.49440306425094604,-1.0,-0.6392283390705386,"{""very negative"": 0.49440306425094604, ""neutral"": 0.08719932287931442, ""positive"": 0.01936017908155918, ""very positive"": 0.01936017908155918}",sadness,"{""sadness"": 0.39730533957481384}","[{""label"": ""sadness"", ""score"": 0.39730533957481384}, {""label"": ""fear"", ""score"": 0.2838751971721649}, {""label"": ""disappointment"", ""score"": 0.2159164994955063}, {""label"": ""nervousness"", ""score"": 0.041859596967697144}, {""label"": ""annoyance"", ""score"": 0.027089202776551247}]",non_irony,0.8665359616279602,False,non-offensive,0.810444176197052,False
2025-03-09,MB-IND-002,1,Delivery was delayed by 2 weeks and the product arrived damaged.,very negative,0.2179221659898758,-1.0,-0.5323195026573361,"{""very negative"": 0.2179221659898758, ""neutral"": 0.07148028910160065, ""positive"": 0.02215690352022648, ""very positive"": 0.02215690352022648}",disappointment,"{""disappointment"": 0.6985851526260376}","[{""label"": ""disappointment"", ""score"": 0.6985851526260376}, {""label"": ""neutral"", ""score"": 0.26860493421554565}, {""label"": ""annoyance"", ""score"": 0.10525964200496674}, {""label"": ""sadness"", ""score"": 0.09905389696359634}, {""label"": ""disapproval"", ""score"": 0.036296263337135315}]",non_irony,0.7698453068733215,False,non-offensive,0.8377794027328491,False
2024-11-12,HP-IND-006,2,The promised features do not work as advertised. False marketing.,very negative,0.11003702878952026,-1.0,-0.4876406735014096,"{""very negative"": 0.11003702878952026, ""neutral"": 0.03954793140292168, ""positive"": 0.016627198085188866, ""very positive"": 0.014809762127697468}",disapproval,"{""disapproval"": 0.7108097076416016}","[{""label"": ""disapproval"", ""score"": 0.7108097076416016}, {""label"": ""disappointment"", ""score"": 0.235524520277977}, {""label"": ""annoyance"", ""score"": 0.2101682424545288}, {""label"": ""neutral"", ""score"": 0.11439910531044006}, {""label"": ""anger"", ""score"": 0.018257828429341316}]",irony,0.5804412961006165,True,non-offensive,0.8188140392303467,False
2025-03-11,LP-IND-003,1,The display has dead pixels and color accuracy is way off.,very negative,0.25316378474235535,-1.0,-0.5860613671830489,"{""very negative"": 0.25316378474235535, ""neutral"": 0.05497826635837555, ""positive"": 0.019282788038253784, ""very positive"": 0.01881624571979046}","disapproval,disappointment","{""disapproval"": 0.385021835565567, ""disappointment"": 0.37208980321884155}","[{""label"": ""disapproval"", ""score"": 0.385021835565567}, {""label"": ""disappointment"", ""score"": 0.37208980321884155}, {""label"": ""neutral"", ""score"": 0.2807086706161499}, {""label"": ""annoyance"", ""score"": 0.21509088575839996}, {""label"": ""realization"", ""score"": 0.022136112675070763}]",non_irony,0.8182896375656128,False,non-offensive,0.7423754334449768,False
2024-11-06,AC-IND-005,5,The processor handles multitasking effortlessly. No lag whatsoever.,neutral,0.7597368359565735,0.0,0.00797338825580054,"{""very negative"": 0.045921143144369125, ""neutral"": 0.7597368359565735, ""positive"": 0.05292467027902603, ""very positive"": 0.05003025010228157}","admiration,approval,neutral","{""admiration"": 0.3868221342563629, ""approval"": 0.3720160722732544, ""neutral"": 0.3502216339111328}","[{""label"": ""admiration"", ""score"": 0.3868221342563629}, {""label"": ""approval"", ""score"": 0.3720160722732544}, {""label"": ""neutral"", ""score"": 0.3502216339111328}, {""label"": ""realization"", ""score"": 0.014902401715517044}, {""label"": ""pride"", ""score"": 0.008550484664738178}]",irony,0.5463454127311707,True,non-offensive,0.8667475581169128,False
2024-11-01,WM-IND-004,1,Sound quality is tinny and distorted at higher volumes. Not acceptable.,very negative,0.12479760497808456,-1.0,-0.493778516965209,"{""very negative"": 0.12479760497808456, ""neutral"": 0.04836035519838333, ""positive"": 0.01610911823809147, ""very positive"": 0.01610911823809147}",disapproval,"{""disapproval"": 0.7381646633148193}","[{""label"": ""disapproval"", ""score"": 0.7381646633148193}, {""label"": ""annoyance"", ""score"": 0.21084058284759521}, {""label"": ""neutral"", ""score"": 0.112130306661129}, {""label"": ""disappointment"", ""score"": 0.06412441283464432}, {""label"": ""approval"", ""score"": 0.023751674219965935}]",non_irony,0.9257212281227112,False,non-offensive,0.7237016558647156,False
2024-12-11,RF-IND-008,4,"Great design, sleek and modern. Fits perfectly in my living room.",positive,0.5736238956451416,0.5,0.6753709677943955,"{""very negative"": 0.01719159446656704, ""neutral"": 0.05420605093240738, ""positive"": 0.5736238956451416, ""very positive"": 0.5736238956451416}",admiration,"{""admiration"": 0.9285853505134583}","[{""label"": ""admiration"", ""score"": 0.9285853505134583}, {""label"": ""approval"", ""score"": 0.09943830966949463}, {""label"": ""neutral"", ""score"": 0.02816888317465782}, {""label"": ""gratitude"", ""score"": 0.008972597308456898}, {""label"": ""realization"", ""score"": 0.006490301340818405}]",non_irony,0.6408451795578003,False,non-offensive,0.9143792986869812,False
2024-10-20,RF-IND-008,5,Best purchase I have made this year. Great value for money and excellent features.,positive,0.44873490929603577,0.5,0.5963910590069607,"{""very negative"": 0.028467901051044464, ""neutral"": 0.07443559914827347, ""positive"": 0.44873490929603577, ""very positive"": 0.40708863735198975}",admiration,"{""admiration"": 0.947281539440155}","[{""label"": ""admiration"", ""score"": 0.947281539440155}, {""label"": ""approval"", ""score"": 0.04991918429732323}, {""label"": ""gratitude"", ""score"": 0.017717011272907257}, {""label"": ""neutral"", ""score"": 0.016094906255602837}, {""label"": ""realization"", ""score"": 0.006029242649674416}]",non_irony,0.6735737919807434,False,non-offensive,0.953192949295044,False
2025-02-24,LP-IND-003,2,What a fantastic feature - random shutdowns keep life exciting and unpredictable!,positive,0.5706542134284973,0.5,0.649035807029748,"{""very negative"": 0.027282441034913063, ""neutral"": 0.05992436781525612, ""positive"": 0.5706542134284973, ""very positive"": 0.5706542134284973}","excitement,admiration","{""excitement"": 0.6452254056930542, ""admiration"": 0.5212389230728149}","[{""label"": ""excitement"", ""score"": 0.6452254056930542}, {""label"": ""admiration"", ""score"": 0.5212389230728149}, {""label"": ""joy"", ""score"": 0.09005238115787506}, {""label"": ""curiosity"", ""score"": 0.03715738654136658}, {""label"": ""approval"", ""score"": 0.03235604241490364}]",irony,0.9249007105827332,True,non-offensive,0.9284485578536987,False
2024-10-30,HP-IND-006,2,Overheats constantly during normal usage. Had to return it.,neutral,0.11558523774147034,0.0,-0.36611235721466906,"{""very negative"": 0.10191556066274643, ""neutral"": 0.11558523774147034, ""positive"": 0.016096526756882668, ""very positive"": 0.016096526756882668}",neutral,"{""neutral"": 0.9388406872749329}","[{""label"": ""neutral"", ""score"": 0.9388406872749329}, {""label"": ""approval"", ""score"": 0.02460838295519352}, {""label"": ""annoyance"", ""score"": 0.019031492993235588}, {""label"": ""realization"", ""score"": 0.016972018405795097}, {""label"": ""disappointment"", ""score"": 0.011426879093050957}]",non_irony,0.9186547994613647,False,non-offensive,0.881855309009552,False
2025-02-28,AC-IND-005,4,Photo quality rivals phones twice the price. Very happy with the camera.,positive,0.9200547933578491,0.5,0.4818561179793535,"{""very negative"": 0.009893827140331268, ""neutral"": 0.01960623636841774, ""positive"": 0.9200547933578491, ""very positive"": 0.03305947035551071}",joy,"{""joy"": 0.8326600790023804}","[{""label"": ""joy"", ""score"": 0.8326600790023804}, {""label"": ""admiration"", ""score"": 0.12147273868322372}, {""label"": ""approval"", ""score"": 0.08454403281211853}, {""label"": ""neutral"", ""score"": 0.041709545999765396}, {""label"": ""relief"", ""score"": 0.027668539434671402}]",non_irony,0.5060417652130127,False,non-offensive,0.9031765460968018,False
2025-01-01,HP-IND-006,5,"Produit de mauvaise qualite, je suis tres decu. Ne recommande pas.",very negative,0.376915842294693,-1.0,-0.6515037909879426,"{""very negative"": 0.376915842294693, ""neutral"": 0.02833167091012001, ""positive"": 0.024450555443763733, ""very positive"": 0.01673412136733532}",neutral,"{""neutral"": 0.9460828304290771}","[{""label"": ""neutral"", ""score"": 0.9460828304290771}, {""label"": ""approval"", ""score"": 0.029701441526412964}, {""label"": ""disapproval"", ""score"": 0.009891659021377563}, {""label"": ""realization"", ""score"": 0.00757063552737236}, {""label"": ""annoyance"", ""score"": 0.006734327878803015}]",non_irony,0.8884108662605286,False,non-offensive,0.8112044930458069,False
2024-12-22,AC-IND-005,4,The processor handles multitasking effortlessly. No lag whatsoever.,neutral,0.7597368359565735,0.0,0.00797338825580054,"{""very negative"": 0.045921143144369125, ""neutral"": 0.7597368359565735, ""positive"": 0.05292467027902603, ""very positive"": 0.05003025010228157}","admiration,approval,neutral","{""admiration"": 0.3868221342563629, ""approval"": 0.3720160722732544, ""neutral"": 0.3502216339111328}","[{""label"": ""admiration"", ""score"": 0.3868221342563629}, {""label"": ""approval"", ""score"": 0.3720160722732544}, {""label"": ""neutral"", ""score"": 0.3502216339111328}, {""label"": ""realization"", ""score"": 0.014902401715517044}, {""label"": ""pride"", ""score"": 0.008550484664738178}]",irony,0.5463454127311707,True,non-offensive,0.8667475581169128,False
2025-01-16,WM-IND-004,3,It is okay. Works as expected but nothing special compared to competitors.,positive,0.4286438226699829,0.5,0.3626781987528287,"{""very negative"": 0.015589638613164425, ""neutral"": 0.0978032648563385, ""positive"": 0.4286438226699829, ""very positive"": 0.017732756212353706}",approval,"{""approval"": 0.8651418089866638}","[{""label"": ""approval"", ""score"": 0.8651418089866638}, {""label"": ""neutral"", ""score"": 0.11388786137104034}, {""label"": ""realization"", ""score"": 0.024218831211328506}, {""label"": ""optimism"", ""score"": 0.014182043261826038}, {""label"": ""annoyance"", ""score"": 0.013593513518571854}]",non_irony,0.8429244756698608,False,non-offensive,0.9375155568122864,False
2024-11-11,AC-IND-005,5,Energy efficient and very quiet operation. Highly recommend!,positive,0.7586772441864014,0.5,0.5307734316802475,"{""very negative"": 0.016845209524035454, ""neutral"": 0.03081432357430458, ""positive"": 0.7586772441864014, ""very positive"": 0.17657209932804108}",admiration,"{""admiration"": 0.8203734159469604}","[{""label"": ""admiration"", ""score"": 0.8203734159469604}, {""label"": ""approval"", ""score"": 0.24129898846149445}, {""label"": ""gratitude"", ""score"": 0.08020996302366257}, {""label"": ""neutral"", ""score"": 0.031993474811315536}, {""label"": ""optimism"", ""score"": 0.015411066822707653}]",non_irony,0.5187515020370483,False,non-offensive,0.9350569248199463,False
2024-12-23,WM-IND-004,2,"Installation was a nightmare, instructions were completely wrong.",very negative,0.7697422504425049,-1.0,-0.6977894863586905,"{""very negative"": 0.7697422504425049, ""neutral"": 0.036633219569921494, ""positive"": 0.020193949341773987, ""very positive"": 0.01803928054869175}",disapproval,"{""disapproval"": 0.3163321614265442}","[{""label"": ""disapproval"", ""score"": 0.3163321614265442}, {""label"": ""annoyance"", ""score"": 0.24686093628406525}, {""label"": ""disappointment"", ""score"": 0.15440554916858673}, {""label"": ""neutral"", ""score"": 0.06965956091880798}, {""label"": ""fear"", ""score"": 0.04962696135044098}]",non_irony,0.7851060032844543,False,non-offensive,0.6006593704223633,False
2025-01-26,WM-IND-004,4,"Excelente producto, muy buena calidad y buen precio. Totalmente recomendado.",positive,0.5041067004203796,0.5,0.6816197815857253,"{""very negative"": 0.020635204389691353, ""neutral"": 0.014463076367974281, ""positive"": 0.5041067004203796, ""very positive"": 0.5041067004203796}",neutral,"{""neutral"": 0.6544529795646667}","[{""label"": ""neutral"", ""score"": 0.6544529795646667}, {""label"": ""admiration"", ""score"": 0.23028439283370972}, {""label"": ""approval"", ""score"": 0.12289128452539444}, {""label"": ""disapproval"", ""score"": 0.007028191816061735}, {""label"": ""realization"", ""score"": 0.0057449983432888985}]",non_irony,0.9285407662391663,False,non-offensive,0.7380510568618774,False
2025-01-05,WM-IND-004,3,Mixed feelings about this. Good hardware but software needs work.,neutral,0.3529156744480133,0.0,-0.0007012398408806531,"{""very negative"": 0.02983071096241474, ""neutral"": 0.3529156744480133, ""positive"": 0.04370034858584404, ""very positive"": 0.022560112178325653}","approval,admiration","{""approval"": 0.6612764596939087, ""admiration"": 0.3483160436153412}","[{""label"": ""approval"", ""score"": 0.6612764596939087}, {""label"": ""admiration"", ""score"": 0.3483160436153412}, {""label"": ""love"", ""score"": 0.05935299023985863}, {""label"": ""neutral"", ""score"": 0.03666551783680916}, {""label"": ""confusion"", ""score"": 0.03289495036005974}]",non_irony,0.8888905644416809,False,non-offensive,0.8927906155586243,False
2024-11-28,AC-IND-005,5,"Screen resolution is crystal clear, perfect for streaming and gaming.",positive,0.392398476600647,0.5,0.542207413406494,"{""very negative"": 0.025593694299459457, ""neutral"": 0.16940507292747498, ""positive"": 0.392398476600647, ""very positive"": 0.38130703568458557}",approval,"{""approval"": 0.5070986747741699}","[{""label"": ""approval"", ""score"": 0.5070986747741699}, {""label"": ""neutral"", ""score"": 0.2965473234653473}, {""label"": ""admiration"", ""score"": 0.2750425338745117}, {""label"": ""realization"", ""score"": 0.009711122140288353}, {""label"": ""optimism"", ""score"": 0.009128984063863754}]",irony,0.6862936615943909,True,non-offensive,0.9093480110168457,False
2025-03-05,MB-IND-002,5,Display is gorgeous with vibrant colors and deep blacks. Very impressed!,positive,0.6351503133773804,0.5,0.581952468814245,"{""very negative"": 0.017654336988925934, ""neutral"": 0.037703920155763626, ""positive"": 0.6351503133773804, ""very positive"": 0.2894969880580902}",admiration,"{""admiration"": 0.9594106674194336}","[{""label"": ""admiration"", ""score"": 0.9594106674194336}, {""label"": ""approval"", ""score"": 0.028953349217772484}, {""label"": ""neutral"", ""score"": 0.013620489276945591}, {""label"": ""excitement"", ""score"": 0.008283348754048347}, {""label"": ""gratitude"", ""score"": 0.008044804446399212}]",non_irony,0.8086977601051331,False,non-offensive,0.9492805600166321,False
2025-02-13,LP-IND-003,4,"Battery life is incredible, easily lasts two full days with heavy usage.",positive,0.5513941645622253,0.5,0.65847089364473,"{""very negative"": 0.022336257621645927, ""neutral"": 0.05773572251200676, ""positive"": 0.5513941645622253, ""very positive"": 0.5513941645622253}",admiration,"{""admiration"": 0.9398247599601746}","[{""label"": ""admiration"", ""score"": 0.9398247599601746}, {""label"": ""approval"", ""score"": 0.055740565061569214}, {""label"": ""neutral"", ""score"": 0.025282323360443115}, {""label"": ""excitement"", ""score"": 0.016244882717728615}, {""label"": ""optimism"", ""score"": 0.009911395609378815}]",irony,0.7044013738632202,True,non-offensive,0.8911383748054504,False
2025-03-14,TB-IND-007,3,"Average performance. Some features are good, others need improvement.",positive,0.61644446849823,0.5,0.34826672452702356,"{""very negative"": 0.025447191670536995, ""neutral"": 0.1476220041513443, ""positive"": 0.61644446849823, ""very positive"": 0.021131806075572968}","approval,admiration","{""approval"": 0.6711743474006653, ""admiration"": 0.3304252624511719}","[{""label"": ""approval"", ""score"": 0.6711743474006653}, {""label"": ""admiration"", ""score"": 0.3304252624511719}, {""label"": ""neutral"", ""score"": 0.1314345896244049}, {""label"": ""optimism"", ""score"": 0.0660710483789444}, {""label"": ""realization"", ""score"": 0.028510229662060738}]",non_irony,0.9071303606033325,False,non-offensive,0.930716335773468,False
2024-10-10,AC-IND-005,2,Terrible experience. Product stopped working within a week of purchase.,very negative,0.49440306425094604,-1.0,-0.6392283390705386,"{""very negative"": 0.49440306425094604, ""neutral"": 0.08719932287931442, ""positive"": 0.01936017908155918, ""very positive"": 0.01936017908155918}",sadness,"{""sadness"": 0.39730533957481384}","[{""label"": ""sadness"", ""score"": 0.39730533957481384}, {""label"": ""fear"", ""score"": 0.2838751971721649}, {""label"": ""disappointment"", ""score"": 0.2159164994955063}, {""label"": ""nervousness"", ""score"": 0.041859596967697144}, {""label"": ""annoyance"", ""score"": 0.027089202776551247}]",non_irony,0.8665359616279602,False,non-offensive,0.810444176197052,False
2024-11-05,TB-IND-007,5,Best purchase I have made this year. Great value for money and excellent features.,positive,0.44873490929603577,0.5,0.5963910590069607,"{""very negative"": 0.028467901051044464, ""neutral"": 0.07443559914827347, ""positive"": 0.44873490929603577, ""very positive"": 0.40708863735198975}",admiration,"{""admiration"": 0.947281539440155}","[{""label"": ""admiration"", ""score"": 0.947281539440155}, {""label"": ""approval"", ""score"": 0.04991918429732323}, {""label"": ""gratitude"", ""score"": 0.017717011272907257}, {""label"": ""neutral"", ""score"": 0.016094906255602837}, {""label"": ""realization"", ""score"": 0.006029242649674416}]",non_irony,0.6735737919807434,False,non-offensive,0.953192949295044,False
2025-02-04,WM-IND-004,2,"Excellent sound quality and comfortable fit, but the ANC could be much stronger for the price.",positive,0.15356729924678802,0.5,0.3086620512949099,"{""very negative"": 0.012060086242854595, ""neutral"": 0.07317974418401718, ""positive"": 0.15356729924678802, ""very positive"": 0.027106380090117455}",admiration,"{""admiration"": 0.9374375939369202}","[{""label"": ""admiration"", ""score"": 0.9374375939369202}, {""label"": ""approval"", ""score"": 0.089204341173172}, {""label"": ""neutral"", ""score"": 0.03402496129274368}, {""label"": ""optimism"", ""score"": 0.025380540639162064}, {""label"": ""gratitude"", ""score"": 0.018238363787531853}]",non_irony,0.9199045896530151,False,non-offensive,0.8908013105392456,False
2024-11-09,TV-IND-001,3,Product is fine for basic use but power users might find it limiting.,neutral,0.2278260439634323,0.0,0.13598060049171318,"{""very negative"": 0.017182493582367897, ""neutral"": 0.2278260439634323, ""positive"": 0.11778126657009125, ""very positive"": 0.021471703425049782}","neutral,approval","{""neutral"": 0.6480686068534851, ""approval"": 0.39360511302948}","[{""label"": ""neutral"", ""score"": 0.6480686068534851}, {""label"": ""approval"", ""score"": 0.39360511302948}, {""label"": ""realization"", ""score"": 0.027473531663417816}, {""label"": ""optimism"", ""score"": 0.021502286195755005}, {""label"": ""disapproval"", ""score"": 0.013942357152700424}]",non_irony,0.6216647624969482,False,non-offensive,0.8438470363616943,False
2024-10-31,TV-IND-001,5,Customer service was amazing. They resolved my query within minutes.,positive,0.6071091294288635,0.5,0.5974647468222958,"{""very negative"": 0.017765464261174202, ""neutral"": 0.03513293340802193, ""positive"": 0.6071091294288635, ""very positive"": 0.31808170676231384}",admiration,"{""admiration"": 0.9301038980484009}","[{""label"": ""admiration"", ""score"": 0.9301038980484009}, {""label"": ""approval"", ""score"": 0.06624912470579147}, {""label"": ""neutral"", ""score"": 0.026406768709421158}, {""label"": ""excitement"", ""score"": 0.022681886330246925}, {""label"": ""joy"", ""score"": 0.018670279532670975}]",irony,0.8352649807929993,True,non-offensive,0.9490030407905579,False
2024-12-16,MB-IND-002,5,"Durability is impressive, been using for 6 months with zero issues.",positive,0.8207300305366516,0.5,0.47055570951936276,"{""very negative"": 0.01670188084244728, ""neutral"": 0.05924329534173012, ""positive"": 0.8207300305366516, ""very positive"": 0.0840175449848175}",admiration,"{""admiration"": 0.901075005531311}","[{""label"": ""admiration"", ""score"": 0.901075005531311}, {""label"": ""approval"", ""score"": 0.09503141790628433}, {""label"": ""neutral"", ""score"": 0.046847887337207794}, {""label"": ""realization"", ""score"": 0.013351649045944214}, {""label"": ""gratitude"", ""score"": 0.0120680071413517}]",irony,0.8547757267951965,True,non-offensive,0.930757999420166,False
2024-11-20,AC-IND-005,2,"Performance is blazing fast and battery lasts all day, but the camera struggles in low light.",neutral,0.22503750026226044,0.0,0.04969891873383892,"{""very negative"": 0.02442760020494461, ""neutral"": 0.22503750026226044, ""positive"": 0.07423778623342514, ""very positive"": 0.017704090103507042}","neutral,admiration","{""neutral"": 0.5054706335067749, ""admiration"": 0.3082411289215088}","[{""label"": ""neutral"", ""score"": 0.5054706335067749}, {""label"": ""admiration"", ""score"": 0.3082411289215088}, {""label"": ""approval"", ""score"": 0.08437317609786987}, {""label"": ""disappointment"", ""score"": 0.061942923814058304}, {""label"": ""realization"", ""score"": 0.027526095509529114}]",non_irony,0.705230712890625,False,non-offensive,0.8822543025016785,False
2025-01-12,HP-IND-006,5,"Durability is impressive, been using for 6 months with zero issues.",positive,0.8207300305366516,0.5,0.47055570951936276,"{""very negative"": 0.01670188084244728, ""neutral"": 0.05924329534173012, ""positive"": 0.8207300305366516, ""very positive"": 0.0840175449848175}",admiration,"{""admiration"": 0.901075005531311}","[{""label"": ""admiration"", ""score"": 0.901075005531311}, {""label"": ""approval"", ""score"": 0.09503141790628433}, {""label"": ""neutral"", ""score"": 0.046847887337207794}, {""label"": ""realization"", ""score"": 0.013351649045944214}, {""label"": ""gratitude"", ""score"": 0.0120680071413517}]",irony,0.8547757267951965,True,non-offensive,0.930757999420166,False
2025-02-14,TV-IND-001,3,Packaging was good but product is just average in terms of quality.,neutral,0.22643636167049408,0.0,0.02154465263355148,"{""very negative"": 0.020769914612174034, ""neutral"": 0.22643636167049408, ""positive"": 0.03994236886501312, ""very positive"": 0.018210014328360558}","disappointment,admiration","{""disappointment"": 0.35051408410072327, ""admiration"": 0.31660306453704834}","[{""label"": ""disappointment"", ""score"": 0.35051408410072327}, {""label"": ""admiration"", ""score"": 0.31660306453704834}, {""label"": ""disapproval"", ""score"": 0.20833034813404083}, {""label"": ""approval"", ""score"": 0.14557017385959625}, {""label"": ""neutral"", ""score"": 0.10623263567686081}]",non_irony,0.5526584982872009,False,non-offensive,0.8434349298477173,False
2025-02-22,MB-IND-002,4,"Lightweight and portable, perfect for travel and daily commute.",positive,0.5174983143806458,0.5,0.5698038134424869,"{""very negative"": 0.023364251479506493, ""neutral"": 0.08838778734207153, ""positive"": 0.5174983143806458, ""very positive"": 0.3443998694419861}","approval,neutral","{""approval"": 0.5351202487945557, ""neutral"": 0.32617780566215515}","[{""label"": ""approval"", ""score"": 0.5351202487945557}, {""label"": ""neutral"", ""score"": 0.32617780566215515}, {""label"": ""admiration"", ""score"": 0.16927553713321686}, {""label"": ""optimism"", ""score"": 0.009668011218309402}, {""label"": ""realization"", ""score"": 0.009552353993058205}]",non_irony,0.8543041348457336,False,non-offensive,0.9002076983451843,False
2024-10-27,RF-IND-008,2,The battery dies faster than my enthusiasm for this brand. Remarkable achievement!,positive,0.7221293449401855,0.5,0.7025799770686348,"{""very negative"": 0.0158077459782362, ""neutral"": 0.03211413696408272, ""positive"": 0.7221293449401855, ""very positive"": 0.7221293449401855}",admiration,"{""admiration"": 0.9155632853507996}","[{""label"": ""admiration"", ""score"": 0.9155632853507996}, {""label"": ""approval"", ""score"": 0.058518778532743454}, {""label"": ""excitement"", ""score"": 0.057543788105249405}, {""label"": ""neutral"", ""score"": 0.024362027645111084}, {""label"": ""surprise"", ""score"": 0.020907849073410034}]",irony,0.943659245967865,True,non-offensive,0.8459072709083557,False
2024-12-03,WM-IND-004,2,I just love paying premium prices for something that works half the time. Wonderful!,positive,0.4681796431541443,0.5,0.3093943984333868,"{""very negative"": 0.08025987446308136, ""neutral"": 0.054569948464632034, ""positive"": 0.4681796431541443, ""very positive"": 0.14146959781646729}","love,admiration","{""love"": 0.9180864095687866, ""admiration"": 0.30730876326560974}","[{""label"": ""love"", ""score"": 0.9180864095687866}, {""label"": ""admiration"", ""score"": 0.30730876326560974}, {""label"": ""joy"", ""score"": 0.07236479967832565}, {""label"": ""approval"", ""score"": 0.03508445620536804}, {""label"": ""excitement"", ""score"": 0.01018813531845808}]",irony,0.9883338212966919,True,non-offensive,0.9597514867782593,False
2025-01-24,LP-IND-003,5,"Noise cancellation is top-notch, blocks out everything around you.",positive,0.6977988481521606,0.5,0.5301263708619881,"{""very negative"": 0.018256666138768196, ""neutral"": 0.04996884986758232, ""positive"": 0.6977988481521606, ""very positive"": 0.20059357583522797}",neutral,"{""neutral"": 0.8535012602806091}","[{""label"": ""neutral"", ""score"": 0.8535012602806091}, {""label"": ""approval"", ""score"": 0.07272456586360931}, {""label"": ""annoyance"", ""score"": 0.035694435238838196}, {""label"": ""admiration"", ""score"": 0.030761508271098137}, {""label"": ""disapproval"", ""score"": 0.014540402218699455}]",irony,0.8790774345397949,True,non-offensive,0.7939949035644531,False
2024-10-13,RF-IND-008,5,"Lightweight and portable, perfect for travel and daily commute.",positive,0.5174983143806458,0.5,0.5698038134424869,"{""very negative"": 0.023364251479506493, ""neutral"": 0.08838778734207153, ""positive"": 0.5174983143806458, ""very positive"": 0.3443998694419861}","approval,neutral","{""approval"": 0.5351202487945557, ""neutral"": 0.32617780566215515}","[{""label"": ""approval"", ""score"": 0.5351202487945557}, {""label"": ""neutral"", ""score"": 0.32617780566215515}, {""label"": ""admiration"", ""score"": 0.16927553713321686}, {""label"": ""optimism"", ""score"": 0.009668011218309402}, {""label"": ""realization"", ""score"": 0.009552353993058205}]",non_irony,0.8543041348457336,False,non-offensive,0.9002076983451843,False
2024-10-20,HP-IND-006,2,"Sure, who needs customer service anyway? Waiting 4 weeks builds character!",neutral,0.7354669570922852,0.0,0.08089343274446564,"{""very negative"": 0.022473178803920746, ""neutral"": 0.7354669570922852, ""positive"": 0.13158436119556427, ""very positive"": 0.04536167159676552}","approval,neutral","{""approval"": 0.39447733759880066, ""neutral"": 0.3930034935474396}","[{""label"": ""approval"", ""score"": 0.39447733759880066}, {""label"": ""neutral"", ""score"": 0.3930034935474396}, {""label"": ""curiosity"", ""score"": 0.25203585624694824}, {""label"": ""confusion"", ""score"": 0.058140382170677185}, {""label"": ""realization"", ""score"": 0.018022604286670685}]",irony,0.8940737843513489,True,non-offensive,0.8660460114479065,False
2025-03-06,RF-IND-008,5,"Battery life is incredible, easily lasts two full days with heavy usage.",positive,0.5513941645622253,0.5,0.65847089364473,"{""very negative"": 0.022336257621645927, ""neutral"": 0.05773572251200676, ""positive"": 0.5513941645622253, ""very positive"": 0.5513941645622253}",admiration,"{""admiration"": 0.9398247599601746}","[{""label"": ""admiration"", ""score"": 0.9398247599601746}, {""label"": ""approval"", ""score"": 0.055740565061569214}, {""label"": ""neutral"", ""score"": 0.025282323360443115}, {""label"": ""excitement"", ""score"": 0.016244882717728615}, {""label"": ""optimism"", ""score"": 0.009911395609378815}]",irony,0.7044013738632202,True,non-offensive,0.8911383748054504,False
2024-11-20,WM-IND-004,2,The promised features do not work as advertised. False marketing.,very negative,0.11003702878952026,-1.0,-0.4876406735014096,"{""very negative"": 0.11003702878952026, ""neutral"": 0.03954793140292168, ""positive"": 0.016627198085188866, ""very positive"": 0.014809762127697468}",disapproval,"{""disapproval"": 0.7108097076416016}","[{""label"": ""disapproval"", ""score"": 0.7108097076416016}, {""label"": ""disappointment"", ""score"": 0.235524520277977}, {""label"": ""annoyance"", ""score"": 0.2101682424545288}, {""label"": ""neutral"", ""score"": 0.11439910531044006}, {""label"": ""anger"", ""score"": 0.018257828429341316}]",irony,0.5804412961006165,True,non-offensive,0.8188140392303467,False
2024-10-04,TV-IND-001,1,Terrible experience. Product stopped working within a week of purchase.,very negative,0.49440306425094604,-1.0,-0.6392283390705386,"{""very negative"": 0.49440306425094604, ""neutral"": 0.08719932287931442, ""positive"": 0.01936017908155918, ""very positive"": 0.01936017908155918}",sadness,"{""sadness"": 0.39730533957481384}","[{""label"": ""sadness"", ""score"": 0.39730533957481384}, {""label"": ""fear"", ""score"": 0.2838751971721649}, {""label"": ""disappointment"", ""score"": 0.2159164994955063}, {""label"": ""nervousness"", ""score"": 0.041859596967697144}, {""label"": ""annoyance"", ""score"": 0.027089202776551247}]",non_irony,0.8665359616279602,False,non-offensive,0.810444176197052,False
2025-01-20,TV-IND-001,4,Energy efficient and very quiet operation. Highly recommend!,positive,0.7586772441864014,0.5,0.5307734316802475,"{""very negative"": 0.016845209524035454, ""neutral"": 0.03081432357430458, ""positive"": 0.7586772441864014, ""very positive"": 0.17657209932804108}",admiration,"{""admiration"": 0.8203734159469604}","[{""label"": ""admiration"", ""score"": 0.8203734159469604}, {""label"": ""approval"", ""score"": 0.24129898846149445}, {""label"": ""gratitude"", ""score"": 0.08020996302366257}, {""label"": ""neutral"", ""score"": 0.031993474811315536}, {""label"": ""optimism"", ""score"": 0.015411066822707653}]",non_irony,0.5187515020370483,False,non-offensive,0.9350569248199463,False
2024-12-12,AC-IND-005,5,Excellent cooling performance even during peak summer. Very satisfied.,positive,0.7707273960113525,0.5,0.5362639801740339,"{""very negative"": 0.014967979863286018, ""neutral"": 0.02442777529358864, ""positive"": 0.7707273960113525, ""very positive"": 0.17155218124389648}",admiration,"{""admiration"": 0.9331638216972351}","[{""label"": ""admiration"", ""score"": 0.9331638216972351}, {""label"": ""approval"", ""score"": 0.07154010981321335}, {""label"": ""gratitude"", ""score"": 0.04528460651636124}, {""label"": ""neutral"", ""score"": 0.019264668226242065}, {""label"": ""joy"", ""score"": 0.010110114701092243}]",non_irony,0.602388322353363,False,non-offensive,0.9177484512329102,False
2025-02-28,TB-IND-007,4,"Sehr gutes Produkt, schnelle Lieferung und tolle Qualitat. Empfehlenswert!",positive,0.5607585906982422,0.5,0.63179622013243,"{""very negative"": 0.019466347992420197, ""neutral"": 0.01999477855861187, ""positive"": 0.5607585906982422, ""very positive"": 0.3811355233192444}",neutral,"{""neutral"": 0.9314554929733276}","[{""label"": ""neutral"", ""score"": 0.9314554929733276}, {""label"": ""approval"", ""score"": 0.03372388705611229}, {""label"": ""annoyance"", ""score"": 0.009257086552679539}, {""label"": ""admiration"", ""score"": 0.006478950381278992}, {""label"": ""realization"", ""score"": 0.0048216269351542}]",non_irony,0.9127270579338074,False,non-offensive,0.7963050007820129,False
2024-10-09,HP-IND-006,5,Excellent cooling performance even during peak summer. Very satisfied.,positive,0.7707273960113525,0.5,0.5362639801740339,"{""very negative"": 0.014967979863286018, ""neutral"": 0.02442777529358864, ""positive"": 0.7707273960113525, ""very positive"": 0.17155218124389648}",admiration,"{""admiration"": 0.9331638216972351}","[{""label"": ""admiration"", ""score"": 0.9331638216972351}, {""label"": ""approval"", ""score"": 0.07154010981321335}, {""label"": ""gratitude"", ""score"": 0.04528460651636124}, {""label"": ""neutral"", ""score"": 0.019264668226242065}, {""label"": ""joy"", ""score"": 0.010110114701092243}]",non_irony,0.602388322353363,False,non-offensive,0.9177484512329102,False
2024-10-12,TB-IND-007,4,Photo quality rivals phones twice the price. Very happy with the camera.,positive,0.9200547933578491,0.5,0.4818561179793535,"{""very negative"": 0.009893827140331268, ""neutral"": 0.01960623636841774, ""positive"": 0.9200547933578491, ""very positive"": 0.03305947035551071}",joy,"{""joy"": 0.8326600790023804}","[{""label"": ""joy"", ""score"": 0.8326600790023804}, {""label"": ""admiration"", ""score"": 0.12147273868322372}, {""label"": ""approval"", ""score"": 0.08454403281211853}, {""label"": ""neutral"", ""score"": 0.041709545999765396}, {""label"": ""relief"", ""score"": 0.027668539434671402}]",non_irony,0.5060417652130127,False,non-offensive,0.9031765460968018,False
2025-01-20,TB-IND-007,4,"The camera quality is outstanding, perfect for everyday photography.",positive,0.4490591287612915,0.5,0.6009954280279384,"{""very negative"": 0.025144625455141068, ""neutral"": 0.08400725573301315, ""positive"": 0.4490591287612915, ""very positive"": 0.41047510504722595}",admiration,"{""admiration"": 0.9424173831939697}","[{""label"": ""admiration"", ""score"": 0.9424173831939697}, {""label"": ""approval"", ""score"": 0.058339230716228485}, {""label"": ""neutral"", ""score"": 0.0315530002117157}, {""label"": ""gratitude"", ""score"": 0.010911427438259125}, {""label"": ""realization"", ""score"": 0.006474080961197615}]",irony,0.561927080154419,True,non-offensive,0.924063503742218,False
2024-12-28,HP-IND-006,5,"Screen resolution is crystal clear, perfect for streaming and gaming.",positive,0.392398476600647,0.5,0.542207413406494,"{""very negative"": 0.025593694299459457, ""neutral"": 0.16940507292747498, ""positive"": 0.392398476600647, ""very positive"": 0.38130703568458557}",approval,"{""approval"": 0.5070986747741699}","[{""label"": ""approval"", ""score"": 0.5070986747741699}, {""label"": ""neutral"", ""score"": 0.2965473234653473}, {""label"": ""admiration"", ""score"": 0.2750425338745117}, {""label"": ""realization"", ""score"": 0.009711122140288353}, {""label"": ""optimism"", ""score"": 0.009128984063863754}]",irony,0.6862936615943909,True,non-offensive,0.9093480110168457,False
2024-11-14,LP-IND-003,3,Some features work well but others feel half-baked and unfinished.,neutral,0.11231619864702225,0.0,-0.017368461427197737,"{""very negative"": 0.024700509384274483, ""neutral"": 0.11231619864702225, ""positive"": 0.031947653740644455, ""very positive"": 0.017410876229405403}",neutral,"{""neutral"": 0.42452213168144226}","[{""label"": ""neutral"", ""score"": 0.42452213168144226}, {""label"": ""approval"", ""score"": 0.262663334608078}, {""label"": ""disapproval"", ""score"": 0.08497705310583115}, {""label"": ""disappointment"", ""score"": 0.07289377599954605}, {""label"": ""annoyance"", ""score"": 0.06537593901157379}]",non_irony,0.7920966744422913,False,non-offensive,0.8468405604362488,False
2025-01-07,WM-IND-004,1,Software is buggy and crashes frequently. Needs serious updates.,very negative,0.16292156279087067,-1.0,-0.549398270482279,"{""very negative"": 0.16292156279087067, ""neutral"": 0.038247622549533844, ""positive"": 0.017066175118088722, ""very positive"": 0.017066175118088722}",annoyance,"{""annoyance"": 0.35407698154449463}","[{""label"": ""annoyance"", ""score"": 0.35407698154449463}, {""label"": ""disappointment"", ""score"": 0.2594839036464691}, {""label"": ""neutral"", ""score"": 0.24903368949890137}, {""label"": ""disapproval"", ""score"": 0.0876527801156044}, {""label"": ""approval"", ""score"": 0.08709853142499924}]",non_irony,0.9079406261444092,False,non-offensive,0.7005749940872192,False
2025-01-30,LP-IND-003,4,"Lightweight and portable, perfect for travel and daily commute.",positive,0.5174983143806458,0.5,0.5698038134424869,"{""very negative"": 0.023364251479506493, ""neutral"": 0.08838778734207153, ""positive"": 0.5174983143806458, ""very positive"": 0.3443998694419861}","approval,neutral","{""approval"": 0.5351202487945557, ""neutral"": 0.32617780566215515}","[{""label"": ""approval"", ""score"": 0.5351202487945557}, {""label"": ""neutral"", ""score"": 0.32617780566215515}, {""label"": ""admiration"", ""score"": 0.16927553713321686}, {""label"": ""optimism"", ""score"": 0.009668011218309402}, {""label"": ""realization"", ""score"": 0.009552353993058205}]",non_irony,0.8543041348457336,False,non-offensive,0.9002076983451843,False
2024-10-05,TB-IND-007,5,Customer service was amazing. They resolved my query within minutes.,positive,0.6071091294288635,0.5,0.5974647468222958,"{""very negative"": 0.017765464261174202, ""neutral"": 0.03513293340802193, ""positive"": 0.6071091294288635, ""very positive"": 0.31808170676231384}",admiration,"{""admiration"": 0.9301038980484009}","[{""label"": ""admiration"", ""score"": 0.9301038980484009}, {""label"": ""approval"", ""score"": 0.06624912470579147}, {""label"": ""neutral"", ""score"": 0.026406768709421158}, {""label"": ""excitement"", ""score"": 0.022681886330246925}, {""label"": ""joy"", ""score"": 0.018670279532670975}]",irony,0.8352649807929993,True,non-offensive,0.9490030407905579,False
2025-02-26,MB-IND-002,5,Photo quality rivals phones twice the price. Very happy with the camera.,positive,0.9200547933578491,0.5,0.4818561179793535,"{""very negative"": 0.009893827140331268, ""neutral"": 0.01960623636841774, ""positive"": 0.9200547933578491, ""very positive"": 0.03305947035551071}",joy,"{""joy"": 0.8326600790023804}","[{""label"": ""joy"", ""score"": 0.8326600790023804}, {""label"": ""admiration"", ""score"": 0.12147273868322372}, {""label"": ""approval"", ""score"": 0.08454403281211853}, {""label"": ""neutral"", ""score"": 0.041709545999765396}, {""label"": ""relief"", ""score"": 0.027668539434671402}]",non_irony,0.5060417652130127,False,non-offensive,0.9031765460968018,False
2025-01-16,LP-IND-003,5,Display is gorgeous with vibrant colors and deep blacks. Very impressed!,positive,0.6351503133773804,0.5,0.581952468814245,"{""very negative"": 0.017654336988925934, ""neutral"": 0.037703920155763626, ""positive"": 0.6351503133773804, ""very positive"": 0.2894969880580902}",admiration,"{""admiration"": 0.9594106674194336}","[{""label"": ""admiration"", ""score"": 0.9594106674194336}, {""label"": ""approval"", ""score"": 0.028953349217772484}, {""label"": ""neutral"", ""score"": 0.013620489276945591}, {""label"": ""excitement"", ""score"": 0.008283348754048347}, {""label"": ""gratitude"", ""score"": 0.008044804446399212}]",non_irony,0.8086977601051331,False,non-offensive,0.9492805600166321,False
2025-01-19,LP-IND-003,5,"Screen resolution is crystal clear, perfect for streaming and gaming.",positive,0.392398476600647,0.5,0.542207413406494,"{""very negative"": 0.025593694299459457, ""neutral"": 0.16940507292747498, ""positive"": 0.392398476600647, ""very positive"": 0.38130703568458557}",approval,"{""approval"": 0.5070986747741699}","[{""label"": ""approval"", ""score"": 0.5070986747741699}, {""label"": ""neutral"", ""score"": 0.2965473234653473}, {""label"": ""admiration"", ""score"": 0.2750425338745117}, {""label"": ""realization"", ""score"": 0.009711122140288353}, {""label"": ""optimism"", ""score"": 0.009128984063863754}]",irony,0.6862936615943909,True,non-offensive,0.9093480110168457,False
2024-12-21,TB-IND-007,3,"Average performance. Some features are good, others need improvement.",positive,0.61644446849823,0.5,0.34826672452702356,"{""very negative"": 0.025447191670536995, ""neutral"": 0.1476220041513443, ""positive"": 0.61644446849823, ""very positive"": 0.021131806075572968}","approval,admiration","{""approval"": 0.6711743474006653, ""admiration"": 0.3304252624511719}","[{""label"": ""approval"", ""score"": 0.6711743474006653}, {""label"": ""admiration"", ""score"": 0.3304252624511719}, {""label"": ""neutral"", ""score"": 0.1314345896244049}, {""label"": ""optimism"", ""score"": 0.0660710483789444}, {""label"": ""realization"", ""score"": 0.028510229662060738}]",non_irony,0.9071303606033325,False,non-offensive,0.930716335773468,False
2025-03-03,MB-IND-002,4,"Noise cancellation is top-notch, blocks out everything around you.",positive,0.6977988481521606,0.5,0.5301263708619881,"{""very negative"": 0.018256666138768196, ""neutral"": 0.04996884986758232, ""positive"": 0.6977988481521606, ""very positive"": 0.20059357583522797}",neutral,"{""neutral"": 0.8535012602806091}","[{""label"": ""neutral"", ""score"": 0.8535012602806091}, {""label"": ""approval"", ""score"": 0.07272456586360931}, {""label"": ""annoyance"", ""score"": 0.035694435238838196}, {""label"": ""admiration"", ""score"": 0.030761508271098137}, {""label"": ""disapproval"", ""score"": 0.014540402218699455}]",irony,0.8790774345397949,True,non-offensive,0.7939949035644531,False
2025-01-03,TB-IND-007,5,Setup was a breeze. Works perfectly right out of the box.,positive,0.7648035287857056,0.5,0.47922752030908433,"{""very negative"": 0.018615633249282837, ""neutral"": 0.0714670941233635, ""positive"": 0.7648035287857056, ""very positive"": 0.12313982099294662}",approval,"{""approval"": 0.4734435975551605}","[{""label"": ""approval"", ""score"": 0.4734435975551605}, {""label"": ""neutral"", ""score"": 0.22926150262355804}, {""label"": ""admiration"", ""score"": 0.15972226858139038}, {""label"": ""joy"", ""score"": 0.12473662942647934}, {""label"": ""realization"", ""score"": 0.03085273876786232}]",non_irony,0.7767495512962341,False,non-offensive,0.8942966461181641,False
2024-12-10,HP-IND-006,2,"Oh great, another product that breaks right after warranty expires. How convenient!",very negative,0.13526460528373718,-1.0,-0.5038809908315215,"{""very negative"": 0.13526460528373718, ""neutral"": 0.01894294284284115, ""positive"": 0.02767418511211872, ""very positive"": 0.019453536719083786}",admiration,"{""admiration"": 0.8009824156761169}","[{""label"": ""admiration"", ""score"": 0.8009824156761169}, {""label"": ""approval"", ""score"": 0.10055772960186005}, {""label"": ""disappointment"", ""score"": 0.08632303029298782}, {""label"": ""realization"", ""score"": 0.04643560200929642}, {""label"": ""neutral"", ""score"": 0.027577385306358337}]",irony,0.9890222549438477,True,non-offensive,0.8594326972961426,False
2024-10-06,TV-IND-001,2,"Installation was a nightmare, instructions were completely wrong.",very negative,0.7697422504425049,-1.0,-0.6977894863586905,"{""very negative"": 0.7697422504425049, ""neutral"": 0.036633219569921494, ""positive"": 0.020193949341773987, ""very positive"": 0.01803928054869175}",disapproval,"{""disapproval"": 0.3163321614265442}","[{""label"": ""disapproval"", ""score"": 0.3163321614265442}, {""label"": ""annoyance"", ""score"": 0.24686093628406525}, {""label"": ""disappointment"", ""score"": 0.15440554916858673}, {""label"": ""neutral"", ""score"": 0.06965956091880798}, {""label"": ""fear"", ""score"": 0.04962696135044098}]",non_irony,0.7851060032844543,False,non-offensive,0.6006593704223633,False
2025-01-09,TV-IND-001,3,"The processor handles everything I throw at it, but RAM management needs improvement.",positive,0.23391316831111908,0.5,0.22180404858284788,"{""very negative"": 0.017129547894001007, ""neutral"": 0.20354090631008148, ""positive"": 0.23391316831111908, ""very positive"": 0.01717514544725418}","neutral,approval","{""neutral"": 0.46721941232681274, ""approval"": 0.32108038663864136}","[{""label"": ""neutral"", ""score"": 0.46721941232681274}, {""label"": ""approval"", ""score"": 0.32108038663864136}, {""label"": ""optimism"", ""score"": 0.11606177687644958}, {""label"": ""realization"", ""score"": 0.05067124590277672}, {""label"": ""desire"", ""score"": 0.04620461165904999}]",non_irony,0.9052064418792725,False,non-offensive,0.8036984205245972,False
2025-01-01,LP-IND-003,4,"The camera quality is outstanding, perfect for everyday photography.",positive,0.4490591287612915,0.5,0.6009954280279384,"{""very negative"": 0.025144625455141068, ""neutral"": 0.08400725573301315, ""positive"": 0.4490591287612915, ""very positive"": 0.41047510504722595}",admiration,"{""admiration"": 0.9424173831939697}","[{""label"": ""admiration"", ""score"": 0.9424173831939697}, {""label"": ""approval"", ""score"": 0.058339230716228485}, {""label"": ""neutral"", ""score"": 0.0315530002117157}, {""label"": ""gratitude"", ""score"": 0.010911427438259125}, {""label"": ""realization"", ""score"": 0.006474080961197615}]",irony,0.561927080154419,True,non-offensive,0.924063503742218,False
2025-01-23,AC-IND-005,1,Build quality is cheap and flimsy. Does not feel worth the price at all.,very negative,0.14990851283073425,-1.0,-0.560529625903086,"{""very negative"": 0.14990851283073425, ""neutral"": 0.028574587777256966, ""positive"": 0.015562235377728939, ""very positive"": 0.015562235377728939}",disapproval,"{""disapproval"": 0.5688949823379517}","[{""label"": ""disapproval"", ""score"": 0.5688949823379517}, {""label"": ""annoyance"", ""score"": 0.26531776785850525}, {""label"": ""disappointment"", ""score"": 0.19667105376720428}, {""label"": ""neutral"", ""score"": 0.17501303553581238}, {""label"": ""approval"", ""score"": 0.019899286329746246}]",non_irony,0.9473848938941956,False,non-offensive,0.6788666248321533,False
2025-02-04,TB-IND-007,4,"Sehr gutes Produkt, schnelle Lieferung und tolle Qualitat. Empfehlenswert!",positive,0.5607585906982422,0.5,0.63179622013243,"{""very negative"": 0.019466347992420197, ""neutral"": 0.01999477855861187, ""positive"": 0.5607585906982422, ""very positive"": 0.3811355233192444}",neutral,"{""neutral"": 0.9314554929733276}","[{""label"": ""neutral"", ""score"": 0.9314554929733276}, {""label"": ""approval"", ""score"": 0.03372388705611229}, {""label"": ""annoyance"", ""score"": 0.009257086552679539}, {""label"": ""admiration"", ""score"": 0.006478950381278992}, {""label"": ""realization"", ""score"": 0.0048216269351542}]",non_irony,0.9127270579338074,False,non-offensive,0.7963050007820129,False
2024-10-23,HP-IND-006,3,Packaging was good but product is just average in terms of quality.,neutral,0.22643636167049408,0.0,0.02154465263355148,"{""very negative"": 0.020769914612174034, ""neutral"": 0.22643636167049408, ""positive"": 0.03994236886501312, ""very positive"": 0.018210014328360558}","disappointment,admiration","{""disappointment"": 0.35051408410072327, ""admiration"": 0.31660306453704834}","[{""label"": ""disappointment"", ""score"": 0.35051408410072327}, {""label"": ""admiration"", ""score"": 0.31660306453704834}, {""label"": ""disapproval"", ""score"": 0.20833034813404083}, {""label"": ""approval"", ""score"": 0.14557017385959625}, {""label"": ""neutral"", ""score"": 0.10623263567686081}]",non_irony,0.5526584982872009,False,non-offensive,0.8434349298477173,False
2024-11-14,AC-IND-005,3,Some features work well but others feel half-baked and unfinished.,neutral,0.11231619864702225,0.0,-0.017368461427197737,"{""very negative"": 0.024700509384274483, ""neutral"": 0.11231619864702225, ""positive"": 0.031947653740644455, ""very positive"": 0.017410876229405403}",neutral,"{""neutral"": 0.42452213168144226}","[{""label"": ""neutral"", ""score"": 0.42452213168144226}, {""label"": ""approval"", ""score"": 0.262663334608078}, {""label"": ""disapproval"", ""score"": 0.08497705310583115}, {""label"": ""disappointment"", ""score"": 0.07289377599954605}, {""label"": ""annoyance"", ""score"": 0.06537593901157379}]",non_irony,0.7920966744422913,False,non-offensive,0.8468405604362488,False
2024-12-31,LP-IND-003,5,Display is gorgeous with vibrant colors and deep blacks. Very impressed!,positive,0.6351503133773804,0.5,0.581952468814245,"{""very negative"": 0.017654336988925934, ""neutral"": 0.037703920155763626, ""positive"": 0.6351503133773804, ""very positive"": 0.2894969880580902}",admiration,"{""admiration"": 0.9594106674194336}","[{""label"": ""admiration"", ""score"": 0.9594106674194336}, {""label"": ""approval"", ""score"": 0.028953349217772484}, {""label"": ""neutral"", ""score"": 0.013620489276945591}, {""label"": ""excitement"", ""score"": 0.008283348754048347}, {""label"": ""gratitude"", ""score"": 0.008044804446399212}]",non_irony,0.8086977601051331,False,non-offensive,0.9492805600166321,False
2025-03-14,HP-IND-006,4,"Build quality feels premium, definitely punches above its price point.",positive,0.5689269304275513,0.5,0.4307623559540791,"{""very negative"": 0.012321094051003456, ""neutral"": 0.05195668712258339, ""positive"": 0.5689269304275513, ""very positive"": 0.021232595667243004}","admiration,approval,neutral","{""admiration"": 0.4633546471595764, ""approval"": 0.39119985699653625, ""neutral"": 0.30986344814300537}","[{""label"": ""admiration"", ""score"": 0.4633546471595764}, {""label"": ""approval"", ""score"": 0.39119985699653625}, {""label"": ""neutral"", ""score"": 0.30986344814300537}, {""label"": ""realization"", ""score"": 0.013269134797155857}, {""label"": ""annoyance"", ""score"": 0.010357970371842384}]",non_irony,0.5766015648841858,False,non-offensive,0.8615878224372864,False
2025-02-25,LP-IND-003,3,Packaging was good but product is just average in terms of quality.,neutral,0.22643636167049408,0.0,0.02154465263355148,"{""very negative"": 0.020769914612174034, ""neutral"": 0.22643636167049408, ""positive"": 0.03994236886501312, ""very positive"": 0.018210014328360558}","disappointment,admiration","{""disappointment"": 0.35051408410072327, ""admiration"": 0.31660306453704834}","[{""label"": ""disappointment"", ""score"": 0.35051408410072327}, {""label"": ""admiration"", ""score"": 0.31660306453704834}, {""label"": ""disapproval"", ""score"": 0.20833034813404083}, {""label"": ""approval"", ""score"": 0.14557017385959625}, {""label"": ""neutral"", ""score"": 0.10623263567686081}]",non_irony,0.5526584982872009,False,non-offensive,0.8434349298477173,False
2025-01-24,WM-IND-004,2,After 3 months the motor started making grinding noises. Poor quality.,very negative,0.21506524085998535,-1.0,-0.5608611558829494,"{""very negative"": 0.21506524085998535, ""neutral"": 0.06599922478199005, ""positive"": 0.018860796466469765, ""very positive"": 0.0155870970338583}","disappointment,neutral","{""disappointment"": 0.5225762724876404, ""neutral"": 0.32229286432266235}","[{""label"": ""disappointment"", ""score"": 0.5225762724876404}, {""label"": ""neutral"", ""score"": 0.32229286432266235}, {""label"": ""annoyance"", ""score"": 0.204111248254776}, {""label"": ""sadness"", ""score"": 0.08719734847545624}, {""label"": ""disapproval"", ""score"": 0.04562728479504585}]",non_irony,0.6407272219657898,False,non-offensive,0.7529452443122864,False
2024-12-29,TB-IND-007,5,Energy efficient and very quiet operation. Highly recommend!,positive,0.7586772441864014,0.5,0.5307734316802475,"{""very negative"": 0.016845209524035454, ""neutral"": 0.03081432357430458, ""positive"": 0.7586772441864014, ""very positive"": 0.17657209932804108}",admiration,"{""admiration"": 0.8203734159469604}","[{""label"": ""admiration"", ""score"": 0.8203734159469604}, {""label"": ""approval"", ""score"": 0.24129898846149445}, {""label"": ""gratitude"", ""score"": 0.08020996302366257}, {""label"": ""neutral"", ""score"": 0.031993474811315536}, {""label"": ""optimism"", ""score"": 0.015411066822707653}]",non_irony,0.5187515020370483,False,non-offensive,0.9350569248199463,False
2025-02-27,LP-IND-003,2,Delivery was delayed by 2 weeks and the product arrived damaged.,very negative,0.2179221659898758,-1.0,-0.5323195026573361,"{""very negative"": 0.2179221659898758, ""neutral"": 0.07148028910160065, ""positive"": 0.02215690352022648, ""very positive"": 0.02215690352022648}",disappointment,"{""disappointment"": 0.6985851526260376}","[{""label"": ""disappointment"", ""score"": 0.6985851526260376}, {""label"": ""neutral"", ""score"": 0.26860493421554565}, {""label"": ""annoyance"", ""score"": 0.10525964200496674}, {""label"": ""sadness"", ""score"": 0.09905389696359634}, {""label"": ""disapproval"", ""score"": 0.036296263337135315}]",non_irony,0.7698453068733215,False,non-offensive,0.8377794027328491,False
2024-12-01,MB-IND-002,2,Amazing how they managed to make something this expensive feel this cheap. Truly impressive engineering.,positive,0.4396990239620209,0.5,0.31582474380543,"{""very negative"": 0.1261758953332901, ""neutral"": 0.04508422315120697, ""positive"": 0.4396990239620209, ""very positive"": 0.29556727409362793}",admiration,"{""admiration"": 0.9478908181190491}","[{""label"": ""admiration"", ""score"": 0.9478908181190491}, {""label"": ""approval"", ""score"": 0.02901063673198223}, {""label"": ""neutral"", ""score"": 0.022152459248900414}, {""label"": ""excitement"", ""score"": 0.01925773359835148}, {""label"": ""surprise"", ""score"": 0.016320671886205673}]",irony,0.9598375558853149,True,non-offensive,0.8323938250541687,False
2024-12-06,RF-IND-008,4,"Noise cancellation is top-notch, blocks out everything around you.",positive,0.6977988481521606,0.5,0.5301263708619881,"{""very negative"": 0.018256666138768196, ""neutral"": 0.04996884986758232, ""positive"": 0.6977988481521606, ""very positive"": 0.20059357583522797}",neutral,"{""neutral"": 0.8535012602806091}","[{""label"": ""neutral"", ""score"": 0.8535012602806091}, {""label"": ""approval"", ""score"": 0.07272456586360931}, {""label"": ""annoyance"", ""score"": 0.035694435238838196}, {""label"": ""admiration"", ""score"": 0.030761508271098137}, {""label"": ""disapproval"", ""score"": 0.014540402218699455}]",irony,0.8790774345397949,True,non-offensive,0.7939949035644531,False
2025-02-23,WM-IND-004,5,"Battery life is incredible, easily lasts two full days with heavy usage.",positive,0.5513941645622253,0.5,0.65847089364473,"{""very negative"": 0.022336257621645927, ""neutral"": 0.05773572251200676, ""positive"": 0.5513941645622253, ""very positive"": 0.5513941645622253}",admiration,"{""admiration"": 0.9398247599601746}","[{""label"": ""admiration"", ""score"": 0.9398247599601746}, {""label"": ""approval"", ""score"": 0.055740565061569214}, {""label"": ""neutral"", ""score"": 0.025282323360443115}, {""label"": ""excitement"", ""score"": 0.016244882717728615}, {""label"": ""optimism"", ""score"": 0.009911395609378815}]",irony,0.7044013738632202,True,non-offensive,0.8911383748054504,False
2025-01-25,AC-IND-005,2,After 3 months the motor started making grinding noises. Poor quality.,very negative,0.21506524085998535,-1.0,-0.5608611558829494,"{""very negative"": 0.21506524085998535, ""neutral"": 0.06599922478199005, ""positive"": 0.018860796466469765, ""very positive"": 0.0155870970338583}","disappointment,neutral","{""disappointment"": 0.5225762724876404, ""neutral"": 0.32229286432266235}","[{""label"": ""disappointment"", ""score"": 0.5225762724876404}, {""label"": ""neutral"", ""score"": 0.32229286432266235}, {""label"": ""annoyance"", ""score"": 0.204111248254776}, {""label"": ""sadness"", ""score"": 0.08719734847545624}, {""label"": ""disapproval"", ""score"": 0.04562728479504585}]",non_irony,0.6407272219657898,False,non-offensive,0.7529452443122864,False
2024-10-10,TB-IND-007,4,"Fast delivery, great packaging, and the product works flawlessly.",positive,0.6741796135902405,0.5,0.5512896068214521,"{""very negative"": 0.01956154778599739, ""neutral"": 0.04252088442444801, ""positive"": 0.6741796135902405, ""very positive"": 0.24276283383369446}",admiration,"{""admiration"": 0.9123939275741577}","[{""label"": ""admiration"", ""score"": 0.9123939275741577}, {""label"": ""approval"", ""score"": 0.11531123518943787}, {""label"": ""neutral"", ""score"": 0.05167611688375473}, {""label"": ""gratitude"", ""score"": 0.016645468771457672}, {""label"": ""realization"", ""score"": 0.009102078154683113}]",irony,0.6614562273025513,True,non-offensive,0.9098259210586548,False
2024-12-06,TV-IND-001,5,"Durability is impressive, been using for 6 months with zero issues.",positive,0.8207300305366516,0.5,0.47055570951936276,"{""very negative"": 0.01670188084244728, ""neutral"": 0.05924329534173012, ""positive"": 0.8207300305366516, ""very positive"": 0.0840175449848175}",admiration,"{""admiration"": 0.901075005531311}","[{""label"": ""admiration"", ""score"": 0.901075005531311}, {""label"": ""approval"", ""score"": 0.09503141790628433}, {""label"": ""neutral"", ""score"": 0.046847887337207794}, {""label"": ""realization"", ""score"": 0.013351649045944214}, {""label"": ""gratitude"", ""score"": 0.0120680071413517}]",irony,0.8547757267951965,True,non-offensive,0.930757999420166,False
2025-02-04,RF-IND-008,2,The display has dead pixels and color accuracy is way off.,very negative,0.25316378474235535,-1.0,-0.5860613671830489,"{""very negative"": 0.25316378474235535, ""neutral"": 0.05497826635837555, ""positive"": 0.019282788038253784, ""very positive"": 0.01881624571979046}","disapproval,disappointment","{""disapproval"": 0.385021835565567, ""disappointment"": 0.37208980321884155}","[{""label"": ""disapproval"", ""score"": 0.385021835565567}, {""label"": ""disappointment"", ""score"": 0.37208980321884155}, {""label"": ""neutral"", ""score"": 0.2807086706161499}, {""label"": ""annoyance"", ""score"": 0.21509088575839996}, {""label"": ""realization"", ""score"": 0.022136112675070763}]",non_irony,0.8182896375656128,False,non-offensive,0.7423754334449768,False
2024-12-07,TV-IND-001,5,"Battery life is incredible, easily lasts two full days with heavy usage.",positive,0.5513941645622253,0.5,0.65847089364473,"{""very negative"": 0.022336257621645927, ""neutral"": 0.05773572251200676, ""positive"": 0.5513941645622253, ""very positive"": 0.5513941645622253}",admiration,"{""admiration"": 0.9398247599601746}","[{""label"": ""admiration"", ""score"": 0.9398247599601746}, {""label"": ""approval"", ""score"": 0.055740565061569214}, {""label"": ""neutral"", ""score"": 0.025282323360443115}, {""label"": ""excitement"", ""score"": 0.016244882717728615}, {""label"": ""optimism"", ""score"": 0.009911395609378815}]",irony,0.7044013738632202,True,non-offensive,0.8911383748054504,False
2024-10-15,HP-IND-006,5,Photo quality rivals phones twice the price. Very happy with the camera.,positive,0.9200547933578491,0.5,0.4818561179793535,"{""very negative"": 0.009893827140331268, ""neutral"": 0.01960623636841774, ""positive"": 0.9200547933578491, ""very positive"": 0.03305947035551071}",joy,"{""joy"": 0.8326600790023804}","[{""label"": ""joy"", ""score"": 0.8326600790023804}, {""label"": ""admiration"", ""score"": 0.12147273868322372}, {""label"": ""approval"", ""score"": 0.08454403281211853}, {""label"": ""neutral"", ""score"": 0.041709545999765396}, {""label"": ""relief"", ""score"": 0.027668539434671402}]",non_irony,0.5060417652130127,False,non-offensive,0.9031765460968018,False
2024-11-15,MB-IND-002,1,Bluetooth connectivity drops every few minutes. Extremely frustrating.,very negative,0.6028462648391724,-1.0,-0.6743283178692285,"{""very negative"": 0.6028462648391724, ""neutral"": 0.050933293998241425, ""positive"": 0.02046809531748295, ""very positive"": 0.019622648134827614}",annoyance,"{""annoyance"": 0.755325436592102}","[{""label"": ""annoyance"", ""score"": 0.755325436592102}, {""label"": ""anger"", ""score"": 0.23799586296081543}, {""label"": ""neutral"", ""score"": 0.06979986280202866}, {""label"": ""disappointment"", ""score"": 0.05000713840126991}, {""label"": ""disapproval"", ""score"": 0.037070609629154205}]",irony,0.6903656721115112,True,non-offensive,0.7488885521888733,False
2024-10-13,TV-IND-001,2,"Sure, who needs customer service anyway? Waiting 4 weeks builds character!",neutral,0.7354669570922852,0.0,0.08089343274446564,"{""very negative"": 0.022473178803920746, ""neutral"": 0.7354669570922852, ""positive"": 0.13158436119556427, ""very positive"": 0.04536167159676552}","approval,neutral","{""approval"": 0.39447733759880066, ""neutral"": 0.3930034935474396}","[{""label"": ""approval"", ""score"": 0.39447733759880066}, {""label"": ""neutral"", ""score"": 0.3930034935474396}, {""label"": ""curiosity"", ""score"": 0.25203585624694824}, {""label"": ""confusion"", ""score"": 0.058140382170677185}, {""label"": ""realization"", ""score"": 0.018022604286670685}]",irony,0.8940737843513489,True,non-offensive,0.8660460114479065,False
2025-02-02,WM-IND-004,3,"Produit de mauvaise qualite, je suis tres decu. Ne recommande pas.",very negative,0.376915842294693,-1.0,-0.6515037909879426,"{""very negative"": 0.376915842294693, ""neutral"": 0.02833167091012001, ""positive"": 0.024450555443763733, ""very positive"": 0.01673412136733532}",neutral,"{""neutral"": 0.9460828304290771}","[{""label"": ""neutral"", ""score"": 0.9460828304290771}, {""label"": ""approval"", ""score"": 0.029701441526412964}, {""label"": ""disapproval"", ""score"": 0.009891659021377563}, {""label"": ""realization"", ""score"": 0.00757063552737236}, {""label"": ""annoyance"", ""score"": 0.006734327878803015}]",non_irony,0.8884108662605286,False,non-offensive,0.8112044930458069,False
2025-02-02,AC-IND-005,4,Excellent cooling performance even during peak summer. Very satisfied.,positive,0.7707273960113525,0.5,0.5362639801740339,"{""very negative"": 0.014967979863286018, ""neutral"": 0.02442777529358864, ""positive"": 0.7707273960113525, ""very positive"": 0.17155218124389648}",admiration,"{""admiration"": 0.9331638216972351}","[{""label"": ""admiration"", ""score"": 0.9331638216972351}, {""label"": ""approval"", ""score"": 0.07154010981321335}, {""label"": ""gratitude"", ""score"": 0.04528460651636124}, {""label"": ""neutral"", ""score"": 0.019264668226242065}, {""label"": ""joy"", ""score"": 0.010110114701092243}]",non_irony,0.602388322353363,False,non-offensive,0.9177484512329102,False
2025-02-11,MB-IND-002,4,The processor handles multitasking effortlessly. No lag whatsoever.,neutral,0.7597368359565735,0.0,0.00797338825580054,"{""very negative"": 0.045921143144369125, ""neutral"": 0.7597368359565735, ""positive"": 0.05292467027902603, ""very positive"": 0.05003025010228157}","admiration,approval,neutral","{""admiration"": 0.3868221342563629, ""approval"": 0.3720160722732544, ""neutral"": 0.3502216339111328}","[{""label"": ""admiration"", ""score"": 0.3868221342563629}, {""label"": ""approval"", ""score"": 0.3720160722732544}, {""label"": ""neutral"", ""score"": 0.3502216339111328}, {""label"": ""realization"", ""score"": 0.014902401715517044}, {""label"": ""pride"", ""score"": 0.008550484664738178}]",irony,0.5463454127311707,True,non-offensive,0.8667475581169128,False
2024-10-17,AC-IND-005,1,"Installation was a nightmare, instructions were completely wrong.",very negative,0.7697422504425049,-1.0,-0.6977894863586905,"{""very negative"": 0.7697422504425049, ""neutral"": 0.036633219569921494, ""positive"": 0.020193949341773987, ""very positive"": 0.01803928054869175}",disapproval,"{""disapproval"": 0.3163321614265442}","[{""label"": ""disapproval"", ""score"": 0.3163321614265442}, {""label"": ""annoyance"", ""score"": 0.24686093628406525}, {""label"": ""disappointment"", ""score"": 0.15440554916858673}, {""label"": ""neutral"", ""score"": 0.06965956091880798}, {""label"": ""fear"", ""score"": 0.04962696135044098}]",non_irony,0.7851060032844543,False,non-offensive,0.6006593704223633,False
2024-12-18,TB-IND-007,2,"Excellent sound quality and comfortable fit, but the ANC could be much stronger for the price.",positive,0.15356729924678802,0.5,0.3086620512949099,"{""very negative"": 0.012060086242854595, ""neutral"": 0.07317974418401718, ""positive"": 0.15356729924678802, ""very positive"": 0.027106380090117455}",admiration,"{""admiration"": 0.9374375939369202}","[{""label"": ""admiration"", ""score"": 0.9374375939369202}, {""label"": ""approval"", ""score"": 0.089204341173172}, {""label"": ""neutral"", ""score"": 0.03402496129274368}, {""label"": ""optimism"", ""score"": 0.025380540639162064}, {""label"": ""gratitude"", ""score"": 0.018238363787531853}]",non_irony,0.9199045896530151,False,non-offensive,0.8908013105392456,False
2025-02-14,TB-IND-007,2,I just love paying premium prices for something that works half the time. Wonderful!,positive,0.4681796431541443,0.5,0.3093943984333868,"{""very negative"": 0.08025987446308136, ""neutral"": 0.054569948464632034, ""positive"": 0.4681796431541443, ""very positive"": 0.14146959781646729}","love,admiration","{""love"": 0.9180864095687866, ""admiration"": 0.30730876326560974}","[{""label"": ""love"", ""score"": 0.9180864095687866}, {""label"": ""admiration"", ""score"": 0.30730876326560974}, {""label"": ""joy"", ""score"": 0.07236479967832565}, {""label"": ""approval"", ""score"": 0.03508445620536804}, {""label"": ""excitement"", ""score"": 0.01018813531845808}]",irony,0.9883338212966919,True,non-offensive,0.9597514867782593,False
2024-11-02,RF-IND-008,2,Storage capacity is generous but the app crashes frequently when transferring large files.,neutral,0.21944527328014374,0.0,-0.016317923227209753,"{""very negative"": 0.026355694979429245, ""neutral"": 0.21944527328014374, ""positive"": 0.028247667476534843, ""very positive"": 0.02017846331000328}","neutral,disappointment","{""neutral"": 0.565437376499176, ""disappointment"": 0.34233924746513367}","[{""label"": ""neutral"", ""score"": 0.565437376499176}, {""label"": ""disappointment"", ""score"": 0.34233924746513367}, {""label"": ""disapproval"", ""score"": 0.0853864774107933}, {""label"": ""annoyance"", ""score"": 0.07664201408624649}, {""label"": ""approval"", ""score"": 0.055152952671051025}]",non_irony,0.8343307971954346,False,non-offensive,0.7884221076965332,False
2024-12-14,TB-IND-007,1,I just love paying premium prices for something that works half the time. Wonderful!,positive,0.4681796431541443,0.5,0.3093943984333868,"{""very negative"": 0.08025987446308136, ""neutral"": 0.054569948464632034, ""positive"": 0.4681796431541443, ""very positive"": 0.14146959781646729}","love,admiration","{""love"": 0.9180864095687866, ""admiration"": 0.30730876326560974}","[{""label"": ""love"", ""score"": 0.9180864095687866}, {""label"": ""admiration"", ""score"": 0.30730876326560974}, {""label"": ""joy"", ""score"": 0.07236479967832565}, {""label"": ""approval"", ""score"": 0.03508445620536804}, {""label"": ""excitement"", ""score"": 0.01018813531845808}]",irony,0.9883338212966919,True,non-offensive,0.9597514867782593,False
2025-01-12,TB-IND-007,4,Setup was a breeze. Works perfectly right out of the box.,positive,0.7648035287857056,0.5,0.47922752030908433,"{""very negative"": 0.018615633249282837, ""neutral"": 0.0714670941233635, ""positive"": 0.7648035287857056, ""very positive"": 0.12313982099294662}",approval,"{""approval"": 0.4734435975551605}","[{""label"": ""approval"", ""score"": 0.4734435975551605}, {""label"": ""neutral"", ""score"": 0.22926150262355804}, {""label"": ""admiration"", ""score"": 0.15972226858139038}, {""label"": ""joy"", ""score"": 0.12473662942647934}, {""label"": ""realization"", ""score"": 0.03085273876786232}]",non_irony,0.7767495512962341,False,non-offensive,0.8942966461181641,False
2024-12-03,AC-IND-005,2,"Battery drains extremely fast, barely lasts 4 hours. Very disappointed.",very negative,0.6408287286758423,-1.0,-0.693952186917115,"{""very negative"": 0.6408287286758423, ""neutral"": 0.027352793142199516, ""positive"": 0.018346326425671577, ""very positive"": 0.01826965995132923}",disappointment,"{""disappointment"": 0.8434377312660217}","[{""label"": ""disappointment"", ""score"": 0.8434377312660217}, {""label"": ""annoyance"", ""score"": 0.10580381751060486}, {""label"": ""neutral"", ""score"": 0.10369166731834412}, {""label"": ""disapproval"", ""score"": 0.08525507897138596}, {""label"": ""sadness"", ""score"": 0.06935909390449524}]",non_irony,0.9296731352806091,False,non-offensive,0.7599592208862305,False
2025-01-07,RF-IND-008,3,Product is fine for basic use but power users might find it limiting.,neutral,0.2278260439634323,0.0,0.13598060049171318,"{""very negative"": 0.017182493582367897, ""neutral"": 0.2278260439634323, ""positive"": 0.11778126657009125, ""very positive"": 0.021471703425049782}","neutral,approval","{""neutral"": 0.6480686068534851, ""approval"": 0.39360511302948}","[{""label"": ""neutral"", ""score"": 0.6480686068534851}, {""label"": ""approval"", ""score"": 0.39360511302948}, {""label"": ""realization"", ""score"": 0.027473531663417816}, {""label"": ""optimism"", ""score"": 0.021502286195755005}, {""label"": ""disapproval"", ""score"": 0.013942357152700424}]",non_irony,0.6216647624969482,False,non-offensive,0.8438470363616943,False
2024-10-25,WM-IND-004,2,Build quality is cheap and flimsy. Does not feel worth the price at all.,very negative,0.14990851283073425,-1.0,-0.560529625903086,"{""very negative"": 0.14990851283073425, ""neutral"": 0.028574587777256966, ""positive"": 0.015562235377728939, ""very positive"": 0.015562235377728939}",disapproval,"{""disapproval"": 0.5688949823379517}","[{""label"": ""disapproval"", ""score"": 0.5688949823379517}, {""label"": ""annoyance"", ""score"": 0.26531776785850525}, {""label"": ""disappointment"", ""score"": 0.19667105376720428}, {""label"": ""neutral"", ""score"": 0.17501303553581238}, {""label"": ""approval"", ""score"": 0.019899286329746246}]",non_irony,0.9473848938941956,False,non-offensive,0.6788666248321533,False
2024-11-03,RF-IND-008,4,"Battery life is incredible, easily lasts two full days with heavy usage.",positive,0.5513941645622253,0.5,0.65847089364473,"{""very negative"": 0.022336257621645927, ""neutral"": 0.05773572251200676, ""positive"": 0.5513941645622253, ""very positive"": 0.5513941645622253}",admiration,"{""admiration"": 0.9398247599601746}","[{""label"": ""admiration"", ""score"": 0.9398247599601746}, {""label"": ""approval"", ""score"": 0.055740565061569214}, {""label"": ""neutral"", ""score"": 0.025282323360443115}, {""label"": ""excitement"", ""score"": 0.016244882717728615}, {""label"": ""optimism"", ""score"": 0.009911395609378815}]",irony,0.7044013738632202,True,non-offensive,0.8911383748054504,False
2025-02-03,RF-IND-008,1,Customer service is non-existent. Been waiting 3 weeks for a response.,very negative,0.4578317105770111,-1.0,-0.579201002717572,"{""very negative"": 0.4578317105770111, ""neutral"": 0.15317650139331818, ""positive"": 0.025456801056861877, ""very positive"": 0.025456801056861877}","disappointment,annoyance","{""disappointment"": 0.5341309905052185, ""annoyance"": 0.31432658433914185}","[{""label"": ""disappointment"", ""score"": 0.5341309905052185}, {""label"": ""annoyance"", ""score"": 0.31432658433914185}, {""label"": ""neutral"", ""score"": 0.20545412600040436}, {""label"": ""disapproval"", ""score"": 0.15114009380340576}, {""label"": ""sadness"", ""score"": 0.023914506658911705}]",non_irony,0.6569333672523499,False,non-offensive,0.8544687032699585,False
2025-02-09,TB-IND-007,2,"Excellent sound quality and comfortable fit, but the ANC could be much stronger for the price.",positive,0.15356729924678802,0.5,0.3086620512949099,"{""very negative"": 0.012060086242854595, ""neutral"": 0.07317974418401718, ""positive"": 0.15356729924678802, ""very positive"": 0.027106380090117455}",admiration,"{""admiration"": 0.9374375939369202}","[{""label"": ""admiration"", ""score"": 0.9374375939369202}, {""label"": ""approval"", ""score"": 0.089204341173172}, {""label"": ""neutral"", ""score"": 0.03402496129274368}, {""label"": ""optimism"", ""score"": 0.025380540639162064}, {""label"": ""gratitude"", ""score"": 0.018238363787531853}]",non_irony,0.9199045896530151,False,non-offensive,0.8908013105392456,False
2024-10-23,TB-IND-007,1,"Sure, who needs customer service anyway? Waiting 4 weeks builds character!",neutral,0.7354669570922852,0.0,0.08089343274446564,"{""very negative"": 0.022473178803920746, ""neutral"": 0.7354669570922852, ""positive"": 0.13158436119556427, ""very positive"": 0.04536167159676552}","approval,neutral","{""approval"": 0.39447733759880066, ""neutral"": 0.3930034935474396}","[{""label"": ""approval"", ""score"": 0.39447733759880066}, {""label"": ""neutral"", ""score"": 0.3930034935474396}, {""label"": ""curiosity"", ""score"": 0.25203585624694824}, {""label"": ""confusion"", ""score"": 0.058140382170677185}, {""label"": ""realization"", ""score"": 0.018022604286670685}]",irony,0.8940737843513489,True,non-offensive,0.8660460114479065,False
2024-12-19,RF-IND-008,5,"Durability is impressive, been using for 6 months with zero issues.",positive,0.8207300305366516,0.5,0.47055570951936276,"{""very negative"": 0.01670188084244728, ""neutral"": 0.05924329534173012, ""positive"": 0.8207300305366516, ""very positive"": 0.0840175449848175}",admiration,"{""admiration"": 0.901075005531311}","[{""label"": ""admiration"", ""score"": 0.901075005531311}, {""label"": ""approval"", ""score"": 0.09503141790628433}, {""label"": ""neutral"", ""score"": 0.046847887337207794}, {""label"": ""realization"", ""score"": 0.013351649045944214}, {""label"": ""gratitude"", ""score"": 0.0120680071413517}]",irony,0.8547757267951965,True,non-offensive,0.930757999420166,False
2024-11-08,LP-IND-003,5,Customer service was amazing. They resolved my query within minutes.,positive,0.6071091294288635,0.5,0.5974647468222958,"{""very negative"": 0.017765464261174202, ""neutral"": 0.03513293340802193, ""positive"": 0.6071091294288635, ""very positive"": 0.31808170676231384}",admiration,"{""admiration"": 0.9301038980484009}","[{""label"": ""admiration"", ""score"": 0.9301038980484009}, {""label"": ""approval"", ""score"": 0.06624912470579147}, {""label"": ""neutral"", ""score"": 0.026406768709421158}, {""label"": ""excitement"", ""score"": 0.022681886330246925}, {""label"": ""joy"", ""score"": 0.018670279532670975}]",irony,0.8352649807929993,True,non-offensive,0.9490030407905579,False
2024-10-30,AC-IND-005,3,Some features work well but others feel half-baked and unfinished.,neutral,0.11231619864702225,0.0,-0.017368461427197737,"{""very negative"": 0.024700509384274483, ""neutral"": 0.11231619864702225, ""positive"": 0.031947653740644455, ""very positive"": 0.017410876229405403}",neutral,"{""neutral"": 0.42452213168144226}","[{""label"": ""neutral"", ""score"": 0.42452213168144226}, {""label"": ""approval"", ""score"": 0.262663334608078}, {""label"": ""disapproval"", ""score"": 0.08497705310583115}, {""label"": ""disappointment"", ""score"": 0.07289377599954605}, {""label"": ""annoyance"", ""score"": 0.06537593901157379}]",non_irony,0.7920966744422913,False,non-offensive,0.8468405604362488,False
2025-03-03,TB-IND-007,2,The battery dies faster than my enthusiasm for this brand. Remarkable achievement!,positive,0.7221293449401855,0.5,0.7025799770686348,"{""very negative"": 0.0158077459782362, ""neutral"": 0.03211413696408272, ""positive"": 0.7221293449401855, ""very positive"": 0.7221293449401855}",admiration,"{""admiration"": 0.9155632853507996}","[{""label"": ""admiration"", ""score"": 0.9155632853507996}, {""label"": ""approval"", ""score"": 0.058518778532743454}, {""label"": ""excitement"", ""score"": 0.057543788105249405}, {""label"": ""neutral"", ""score"": 0.024362027645111084}, {""label"": ""surprise"", ""score"": 0.020907849073410034}]",irony,0.943659245967865,True,non-offensive,0.8459072709083557,False
2024-11-13,RF-IND-008,1,I just love paying premium prices for something that works half the time. Wonderful!,positive,0.4681796431541443,0.5,0.3093943984333868,"{""very negative"": 0.08025987446308136, ""neutral"": 0.054569948464632034, ""positive"": 0.4681796431541443, ""very positive"": 0.14146959781646729}","love,admiration","{""love"": 0.9180864095687866, ""admiration"": 0.30730876326560974}","[{""label"": ""love"", ""score"": 0.9180864095687866}, {""label"": ""admiration"", ""score"": 0.30730876326560974}, {""label"": ""joy"", ""score"": 0.07236479967832565}, {""label"": ""approval"", ""score"": 0.03508445620536804}, {""label"": ""excitement"", ""score"": 0.01018813531845808}]",irony,0.9883338212966919,True,non-offensive,0.9597514867782593,False
2025-01-16,MB-IND-002,3,Product is fine for basic use but power users might find it limiting.,neutral,0.2278260439634323,0.0,0.13598060049171318,"{""very negative"": 0.017182493582367897, ""neutral"": 0.2278260439634323, ""positive"": 0.11778126657009125, ""very positive"": 0.021471703425049782}","neutral,approval","{""neutral"": 0.6480686068534851, ""approval"": 0.39360511302948}","[{""label"": ""neutral"", ""score"": 0.6480686068534851}, {""label"": ""approval"", ""score"": 0.39360511302948}, {""label"": ""realization"", ""score"": 0.027473531663417816}, {""label"": ""optimism"", ""score"": 0.021502286195755005}, {""label"": ""disapproval"", ""score"": 0.013942357152700424}]",non_irony,0.6216647624969482,False,non-offensive,0.8438470363616943,False
2025-01-06,RF-IND-008,4,"Excellent sound quality and comfortable fit, but the ANC could be much stronger for the price.",positive,0.15356729924678802,0.5,0.3086620512949099,"{""very negative"": 0.012060086242854595, ""neutral"": 0.07317974418401718, ""positive"": 0.15356729924678802, ""very positive"": 0.027106380090117455}",admiration,"{""admiration"": 0.9374375939369202}","[{""label"": ""admiration"", ""score"": 0.9374375939369202}, {""label"": ""approval"", ""score"": 0.089204341173172}, {""label"": ""neutral"", ""score"": 0.03402496129274368}, {""label"": ""optimism"", ""score"": 0.025380540639162064}, {""label"": ""gratitude"", ""score"": 0.018238363787531853}]",non_irony,0.9199045896530151,False,non-offensive,0.8908013105392456,False
2024-10-31,LP-IND-003,1,"Installation was a nightmare, instructions were completely wrong.",very negative,0.7697422504425049,-1.0,-0.6977894863586905,"{""very negative"": 0.7697422504425049, ""neutral"": 0.036633219569921494, ""positive"": 0.020193949341773987, ""very positive"": 0.01803928054869175}",disapproval,"{""disapproval"": 0.3163321614265442}","[{""label"": ""disapproval"", ""score"": 0.3163321614265442}, {""label"": ""annoyance"", ""score"": 0.24686093628406525}, {""label"": ""disappointment"", ""score"": 0.15440554916858673}, {""label"": ""neutral"", ""score"": 0.06965956091880798}, {""label"": ""fear"", ""score"": 0.04962696135044098}]",non_irony,0.7851060032844543,False,non-offensive,0.6006593704223633,False
2024-10-03,TV-IND-001,4,"Battery life is incredible, easily lasts two full days with heavy usage.",positive,0.5513941645622253,0.5,0.65847089364473,"{""very negative"": 0.022336257621645927, ""neutral"": 0.05773572251200676, ""positive"": 0.5513941645622253, ""very positive"": 0.5513941645622253}",admiration,"{""admiration"": 0.9398247599601746}","[{""label"": ""admiration"", ""score"": 0.9398247599601746}, {""label"": ""approval"", ""score"": 0.055740565061569214}, {""label"": ""neutral"", ""score"": 0.025282323360443115}, {""label"": ""excitement"", ""score"": 0.016244882717728615}, {""label"": ""optimism"", ""score"": 0.009911395609378815}]",irony,0.7044013738632202,True,non-offensive,0.8911383748054504,False
2024-10-07,TV-IND-001,5,Photo quality rivals phones twice the price. Very happy with the camera.,positive,0.9200547933578491,0.5,0.4818561179793535,"{""very negative"": 0.009893827140331268, ""neutral"": 0.01960623636841774, ""positive"": 0.9200547933578491, ""very positive"": 0.03305947035551071}",joy,"{""joy"": 0.8326600790023804}","[{""label"": ""joy"", ""score"": 0.8326600790023804}, {""label"": ""admiration"", ""score"": 0.12147273868322372}, {""label"": ""approval"", ""score"": 0.08454403281211853}, {""label"": ""neutral"", ""score"": 0.041709545999765396}, {""label"": ""relief"", ""score"": 0.027668539434671402}]",non_irony,0.5060417652130127,False,non-offensive,0.9031765460968018,False
2025-02-23,MB-IND-002,3,"Excellent sound quality and comfortable fit, but the ANC could be much stronger for the price.",positive,0.15356729924678802,0.5,0.3086620512949099,"{""very negative"": 0.012060086242854595, ""neutral"": 0.07317974418401718, ""positive"": 0.15356729924678802, ""very positive"": 0.027106380090117455}",admiration,"{""admiration"": 0.9374375939369202}","[{""label"": ""admiration"", ""score"": 0.9374375939369202}, {""label"": ""approval"", ""score"": 0.089204341173172}, {""label"": ""neutral"", ""score"": 0.03402496129274368}, {""label"": ""optimism"", ""score"": 0.025380540639162064}, {""label"": ""gratitude"", ""score"": 0.018238363787531853}]",non_irony,0.9199045896530151,False,non-offensive,0.8908013105392456,False
2024-12-21,AC-IND-005,4,Photo quality rivals phones twice the price. Very happy with the camera.,positive,0.9200547933578491,0.5,0.4818561179793535,"{""very negative"": 0.009893827140331268, ""neutral"": 0.01960623636841774, ""positive"": 0.9200547933578491, ""very positive"": 0.03305947035551071}",joy,"{""joy"": 0.8326600790023804}","[{""label"": ""joy"", ""score"": 0.8326600790023804}, {""label"": ""admiration"", ""score"": 0.12147273868322372}, {""label"": ""approval"", ""score"": 0.08454403281211853}, {""label"": ""neutral"", ""score"": 0.041709545999765396}, {""label"": ""relief"", ""score"": 0.027668539434671402}]",non_irony,0.5060417652130127,False,non-offensive,0.9031765460968018,False
2025-02-26,RF-IND-008,5,"Battery life is incredible, easily lasts two full days with heavy usage.",positive,0.5513941645622253,0.5,0.65847089364473,"{""very negative"": 0.022336257621645927, ""neutral"": 0.05773572251200676, ""positive"": 0.5513941645622253, ""very positive"": 0.5513941645622253}",admiration,"{""admiration"": 0.9398247599601746}","[{""label"": ""admiration"", ""score"": 0.9398247599601746}, {""label"": ""approval"", ""score"": 0.055740565061569214}, {""label"": ""neutral"", ""score"": 0.025282323360443115}, {""label"": ""excitement"", ""score"": 0.016244882717728615}, {""label"": ""optimism"", ""score"": 0.009911395609378815}]",irony,0.7044013738632202,True,non-offensive,0.8911383748054504,False
2024-11-19,MB-IND-002,4,Energy efficient and very quiet operation. Highly recommend!,positive,0.7586772441864014,0.5,0.5307734316802475,"{""very negative"": 0.016845209524035454, ""neutral"": 0.03081432357430458, ""positive"": 0.7586772441864014, ""very positive"": 0.17657209932804108}",admiration,"{""admiration"": 0.8203734159469604}","[{""label"": ""admiration"", ""score"": 0.8203734159469604}, {""label"": ""approval"", ""score"": 0.24129898846149445}, {""label"": ""gratitude"", ""score"": 0.08020996302366257}, {""label"": ""neutral"", ""score"": 0.031993474811315536}, {""label"": ""optimism"", ""score"": 0.015411066822707653}]",non_irony,0.5187515020370483,False,non-offensive,0.9350569248199463,False
2025-01-15,HP-IND-006,2,Storage capacity is generous but the app crashes frequently when transferring large files.,neutral,0.21944527328014374,0.0,-0.016317923227209753,"{""very negative"": 0.026355694979429245, ""neutral"": 0.21944527328014374, ""positive"": 0.028247667476534843, ""very positive"": 0.02017846331000328}","neutral,disappointment","{""neutral"": 0.565437376499176, ""disappointment"": 0.34233924746513367}","[{""label"": ""neutral"", ""score"": 0.565437376499176}, {""label"": ""disappointment"", ""score"": 0.34233924746513367}, {""label"": ""disapproval"", ""score"": 0.0853864774107933}, {""label"": ""annoyance"", ""score"": 0.07664201408624649}, {""label"": ""approval"", ""score"": 0.055152952671051025}]",non_irony,0.8343307971954346,False,non-offensive,0.7884221076965332,False
2024-10-28,TV-IND-001,3,"Produit moyen, rien de special. Correct pour le prix.",neutral,0.5150242447853088,0.0,-0.05506495812182074,"{""very negative"": 0.06442885845899582, ""neutral"": 0.5150242447853088, ""positive"": 0.053058139979839325, ""very positive"": 0.03008083999156952}","neutral,approval","{""neutral"": 0.7311878800392151, ""approval"": 0.37109485268592834}","[{""label"": ""neutral"", ""score"": 0.7311878800392151}, {""label"": ""approval"", ""score"": 0.37109485268592834}, {""label"": ""realization"", ""score"": 0.009801529347896576}, {""label"": ""disapproval"", ""score"": 0.0073822857812047005}, {""label"": ""optimism"", ""score"": 0.0072937230579555035}]",non_irony,0.9293095469474792,False,non-offensive,0.8186534643173218,False
2024-12-26,HP-IND-006,4,"Screen resolution is crystal clear, perfect for streaming and gaming.",positive,0.392398476600647,0.5,0.542207413406494,"{""very negative"": 0.025593694299459457, ""neutral"": 0.16940507292747498, ""positive"": 0.392398476600647, ""very positive"": 0.38130703568458557}",approval,"{""approval"": 0.5070986747741699}","[{""label"": ""approval"", ""score"": 0.5070986747741699}, {""label"": ""neutral"", ""score"": 0.2965473234653473}, {""label"": ""admiration"", ""score"": 0.2750425338745117}, {""label"": ""realization"", ""score"": 0.009711122140288353}, {""label"": ""optimism"", ""score"": 0.009128984063863754}]",irony,0.6862936615943909,True,non-offensive,0.9093480110168457,False
2024-11-06,WM-IND-004,4,Energy efficient and very quiet operation. Highly recommend!,positive,0.7586772441864014,0.5,0.5307734316802475,"{""very negative"": 0.016845209524035454, ""neutral"": 0.03081432357430458, ""positive"": 0.7586772441864014, ""very positive"": 0.17657209932804108}",admiration,"{""admiration"": 0.8203734159469604}","[{""label"": ""admiration"", ""score"": 0.8203734159469604}, {""label"": ""approval"", ""score"": 0.24129898846149445}, {""label"": ""gratitude"", ""score"": 0.08020996302366257}, {""label"": ""neutral"", ""score"": 0.031993474811315536}, {""label"": ""optimism"", ""score"": 0.015411066822707653}]",non_irony,0.5187515020370483,False,non-offensive,0.9350569248199463,False
2025-01-09,WM-IND-004,5,"Lightweight and portable, perfect for travel and daily commute.",positive,0.5174983143806458,0.5,0.5698038134424869,"{""very negative"": 0.023364251479506493, ""neutral"": 0.08838778734207153, ""positive"": 0.5174983143806458, ""very positive"": 0.3443998694419861}","approval,neutral","{""approval"": 0.5351202487945557, ""neutral"": 0.32617780566215515}","[{""label"": ""approval"", ""score"": 0.5351202487945557}, {""label"": ""neutral"", ""score"": 0.32617780566215515}, {""label"": ""admiration"", ""score"": 0.16927553713321686}, {""label"": ""optimism"", ""score"": 0.009668011218309402}, {""label"": ""realization"", ""score"": 0.009552353993058205}]",non_irony,0.8543041348457336,False,non-offensive,0.9002076983451843,False
2024-10-15,AC-IND-005,5,"Lightweight and portable, perfect for travel and daily commute.",positive,0.5174983143806458,0.5,0.5698038134424869,"{""very negative"": 0.023364251479506493, ""neutral"": 0.08838778734207153, ""positive"": 0.5174983143806458, ""very positive"": 0.3443998694419861}","approval,neutral","{""approval"": 0.5351202487945557, ""neutral"": 0.32617780566215515}","[{""label"": ""approval"", ""score"": 0.5351202487945557}, {""label"": ""neutral"", ""score"": 0.32617780566215515}, {""label"": ""admiration"", ""score"": 0.16927553713321686}, {""label"": ""optimism"", ""score"": 0.009668011218309402}, {""label"": ""realization"", ""score"": 0.009552353993058205}]",non_irony,0.8543041348457336,False,non-offensive,0.9002076983451843,False
2024-10-07,AC-IND-005,5,"Lightweight and portable, perfect for travel and daily commute.",positive,0.5174983143806458,0.5,0.5698038134424869,"{""very negative"": 0.023364251479506493, ""neutral"": 0.08838778734207153, ""positive"": 0.5174983143806458, ""very positive"": 0.3443998694419861}","approval,neutral","{""approval"": 0.5351202487945557, ""neutral"": 0.32617780566215515}","[{""label"": ""approval"", ""score"": 0.5351202487945557}, {""label"": ""neutral"", ""score"": 0.32617780566215515}, {""label"": ""admiration"", ""score"": 0.16927553713321686}, {""label"": ""optimism"", ""score"": 0.009668011218309402}, {""label"": ""realization"", ""score"": 0.009552353993058205}]",non_irony,0.8543041348457336,False,non-offensive,0.9002076983451843,False
2024-12-30,MB-IND-002,5,Photo quality rivals phones twice the price. Very happy with the camera.,positive,0.9200547933578491,0.5,0.4818561179793535,"{""very negative"": 0.009893827140331268, ""neutral"": 0.01960623636841774, ""positive"": 0.9200547933578491, ""very positive"": 0.03305947035551071}",joy,"{""joy"": 0.8326600790023804}","[{""label"": ""joy"", ""score"": 0.8326600790023804}, {""label"": ""admiration"", ""score"": 0.12147273868322372}, {""label"": ""approval"", ""score"": 0.08454403281211853}, {""label"": ""neutral"", ""score"": 0.041709545999765396}, {""label"": ""relief"", ""score"": 0.027668539434671402}]",non_irony,0.5060417652130127,False,non-offensive,0.9031765460968018,False
2024-10-26,TV-IND-001,5,Best purchase I have made this year. Great value for money and excellent features.,positive,0.44873490929603577,0.5,0.5963910590069607,"{""very negative"": 0.028467901051044464, ""neutral"": 0.07443559914827347, ""positive"": 0.44873490929603577, ""very positive"": 0.40708863735198975}",admiration,"{""admiration"": 0.947281539440155}","[{""label"": ""admiration"", ""score"": 0.947281539440155}, {""label"": ""approval"", ""score"": 0.04991918429732323}, {""label"": ""gratitude"", ""score"": 0.017717011272907257}, {""label"": ""neutral"", ""score"": 0.016094906255602837}, {""label"": ""realization"", ""score"": 0.006029242649674416}]",non_irony,0.6735737919807434,False,non-offensive,0.953192949295044,False
2024-10-05,LP-IND-003,4,"Excelente producto, muy buena calidad y buen precio. Totalmente recomendado.",positive,0.5041067004203796,0.5,0.6816197815857253,"{""very negative"": 0.020635204389691353, ""neutral"": 0.014463076367974281, ""positive"": 0.5041067004203796, ""very positive"": 0.5041067004203796}",neutral,"{""neutral"": 0.6544529795646667}","[{""label"": ""neutral"", ""score"": 0.6544529795646667}, {""label"": ""admiration"", ""score"": 0.23028439283370972}, {""label"": ""approval"", ""score"": 0.12289128452539444}, {""label"": ""disapproval"", ""score"": 0.007028191816061735}, {""label"": ""realization"", ""score"": 0.0057449983432888985}]",non_irony,0.9285407662391663,False,non-offensive,0.7380510568618774,False
2024-11-17,TV-IND-001,1,Delivery was delayed by 2 weeks and the product arrived damaged.,very negative,0.2179221659898758,-1.0,-0.5323195026573361,"{""very negative"": 0.2179221659898758, ""neutral"": 0.07148028910160065, ""positive"": 0.02215690352022648, ""very positive"": 0.02215690352022648}",disappointment,"{""disappointment"": 0.6985851526260376}","[{""label"": ""disappointment"", ""score"": 0.6985851526260376}, {""label"": ""neutral"", ""score"": 0.26860493421554565}, {""label"": ""annoyance"", ""score"": 0.10525964200496674}, {""label"": ""sadness"", ""score"": 0.09905389696359634}, {""label"": ""disapproval"", ""score"": 0.036296263337135315}]",non_irony,0.7698453068733215,False,non-offensive,0.8377794027328491,False
2025-01-15,TV-IND-001,4,"Lightweight and portable, perfect for travel and daily commute.",positive,0.5174983143806458,0.5,0.5698038134424869,"{""very negative"": 0.023364251479506493, ""neutral"": 0.08838778734207153, ""positive"": 0.5174983143806458, ""very positive"": 0.3443998694419861}","approval,neutral","{""approval"": 0.5351202487945557, ""neutral"": 0.32617780566215515}","[{""label"": ""approval"", ""score"": 0.5351202487945557}, {""label"": ""neutral"", ""score"": 0.32617780566215515}, {""label"": ""admiration"", ""score"": 0.16927553713321686}, {""label"": ""optimism"", ""score"": 0.009668011218309402}, {""label"": ""realization"", ""score"": 0.009552353993058205}]",non_irony,0.8543041348457336,False,non-offensive,0.9002076983451843,False
2025-03-04,HP-IND-006,3,Picture quality is cinema-grade but the smart TV interface is sluggish and outdated.,neutral,0.11210909485816956,0.0,-0.3432767988114281,"{""very negative"": 0.09767726063728333, ""neutral"": 0.11210909485816956, ""positive"": 0.01873759925365448, ""very positive"": 0.01873759925365448}","disappointment,neutral","{""disappointment"": 0.4849526882171631, ""neutral"": 0.30056726932525635}","[{""label"": ""disappointment"", ""score"": 0.4849526882171631}, {""label"": ""neutral"", ""score"": 0.30056726932525635}, {""label"": ""annoyance"", ""score"": 0.28581249713897705}, {""label"": ""disapproval"", ""score"": 0.16970854997634888}, {""label"": ""realization"", ""score"": 0.04120287299156189}]",non_irony,0.5747299194335938,False,non-offensive,0.7664331793785095,False
2024-11-25,TV-IND-001,3,It is an acceptable product. Neither great nor terrible overall.,neutral,0.6794472932815552,0.0,0.11969010975899572,"{""very negative"": 0.021728726103901863, ""neutral"": 0.6794472932815552, ""positive"": 0.24736584722995758, ""very positive"": 0.028446754440665245}",approval,"{""approval"": 0.8612683415412903}","[{""label"": ""approval"", ""score"": 0.8612683415412903}, {""label"": ""admiration"", ""score"": 0.13370481133460999}, {""label"": ""neutral"", ""score"": 0.05180679261684418}, {""label"": ""disapproval"", ""score"": 0.02096419222652912}, {""label"": ""realization"", ""score"": 0.014821445569396019}]",non_irony,0.9514107704162598,False,non-offensive,0.8791451454162598,False
2024-12-13,RF-IND-008,4,"Screen resolution is crystal clear, perfect for streaming and gaming.",positive,0.392398476600647,0.5,0.542207413406494,"{""very negative"": 0.025593694299459457, ""neutral"": 0.16940507292747498, ""positive"": 0.392398476600647, ""very positive"": 0.38130703568458557}",approval,"{""approval"": 0.5070986747741699}","[{""label"": ""approval"", ""score"": 0.5070986747741699}, {""label"": ""neutral"", ""score"": 0.2965473234653473}, {""label"": ""admiration"", ""score"": 0.2750425338745117}, {""label"": ""realization"", ""score"": 0.009711122140288353}, {""label"": ""optimism"", ""score"": 0.009128984063863754}]",irony,0.6862936615943909,True,non-offensive,0.9093480110168457,False
2024-11-17,MB-IND-002,1,What a fantastic feature - random shutdowns keep life exciting and unpredictable!,positive,0.5706542134284973,0.5,0.649035807029748,"{""very negative"": 0.027282441034913063, ""neutral"": 0.05992436781525612, ""positive"": 0.5706542134284973, ""very positive"": 0.5706542134284973}","excitement,admiration","{""excitement"": 0.6452254056930542, ""admiration"": 0.5212389230728149}","[{""label"": ""excitement"", ""score"": 0.6452254056930542}, {""label"": ""admiration"", ""score"": 0.5212389230728149}, {""label"": ""joy"", ""score"": 0.09005238115787506}, {""label"": ""curiosity"", ""score"": 0.03715738654136658}, {""label"": ""approval"", ""score"": 0.03235604241490364}]",irony,0.9249007105827332,True,non-offensive,0.9284485578536987,False
2025-01-29,TV-IND-001,5,The processor handles multitasking effortlessly. No lag whatsoever.,neutral,0.7597368359565735,0.0,0.00797338825580054,"{""very negative"": 0.045921143144369125, ""neutral"": 0.7597368359565735, ""positive"": 0.05292467027902603, ""very positive"": 0.05003025010228157}","admiration,approval,neutral","{""admiration"": 0.3868221342563629, ""approval"": 0.3720160722732544, ""neutral"": 0.3502216339111328}","[{""label"": ""admiration"", ""score"": 0.3868221342563629}, {""label"": ""approval"", ""score"": 0.3720160722732544}, {""label"": ""neutral"", ""score"": 0.3502216339111328}, {""label"": ""realization"", ""score"": 0.014902401715517044}, {""label"": ""pride"", ""score"": 0.008550484664738178}]",irony,0.5463454127311707,True,non-offensive,0.8667475581169128,False
2025-02-05,RF-IND-008,1,"Oh great, another product that breaks right after warranty expires. How convenient!",very negative,0.13526460528373718,-1.0,-0.5038809908315215,"{""very negative"": 0.13526460528373718, ""neutral"": 0.01894294284284115, ""positive"": 0.02767418511211872, ""very positive"": 0.019453536719083786}",admiration,"{""admiration"": 0.8009824156761169}","[{""label"": ""admiration"", ""score"": 0.8009824156761169}, {""label"": ""approval"", ""score"": 0.10055772960186005}, {""label"": ""disappointment"", ""score"": 0.08632303029298782}, {""label"": ""realization"", ""score"": 0.04643560200929642}, {""label"": ""neutral"", ""score"": 0.027577385306358337}]",irony,0.9890222549438477,True,non-offensive,0.8594326972961426,False
2024-12-26,WM-IND-004,3,It is an acceptable product. Neither great nor terrible overall.,neutral,0.6794472932815552,0.0,0.11969010975899572,"{""very negative"": 0.021728726103901863, ""neutral"": 0.6794472932815552, ""positive"": 0.24736584722995758, ""very positive"": 0.028446754440665245}",approval,"{""approval"": 0.8612683415412903}","[{""label"": ""approval"", ""score"": 0.8612683415412903}, {""label"": ""admiration"", ""score"": 0.13370481133460999}, {""label"": ""neutral"", ""score"": 0.05180679261684418}, {""label"": ""disapproval"", ""score"": 0.02096419222652912}, {""label"": ""realization"", ""score"": 0.014821445569396019}]",non_irony,0.9514107704162598,False,non-offensive,0.8791451454162598,False
2024-12-12,TV-IND-001,5,"Sound quality is phenomenal, crisp highs and deep bass. Worth every penny.",positive,0.49539729952812195,0.5,0.6590491162612364,"{""very negative"": 0.019894424825906754, ""neutral"": 0.05166413262486458, ""positive"": 0.49539729952812195, ""very positive"": 0.49539729952812195}",admiration,"{""admiration"": 0.9490026235580444}","[{""label"": ""admiration"", ""score"": 0.9490026235580444}, {""label"": ""approval"", ""score"": 0.04883971065282822}, {""label"": ""neutral"", ""score"": 0.030404893681406975}, {""label"": ""gratitude"", ""score"": 0.010029646568000317}, {""label"": ""disapproval"", ""score"": 0.006704993546009064}]",non_irony,0.7751739025115967,False,non-offensive,0.8951526284217834,False
2025-01-31,WM-IND-004,2,Picture quality is cinema-grade but the smart TV interface is sluggish and outdated.,neutral,0.11210909485816956,0.0,-0.3432767988114281,"{""very negative"": 0.09767726063728333, ""neutral"": 0.11210909485816956, ""positive"": 0.01873759925365448, ""very positive"": 0.01873759925365448}","disappointment,neutral","{""disappointment"": 0.4849526882171631, ""neutral"": 0.30056726932525635}","[{""label"": ""disappointment"", ""score"": 0.4849526882171631}, {""label"": ""neutral"", ""score"": 0.30056726932525635}, {""label"": ""annoyance"", ""score"": 0.28581249713897705}, {""label"": ""disapproval"", ""score"": 0.16970854997634888}, {""label"": ""realization"", ""score"": 0.04120287299156189}]",non_irony,0.5747299194335938,False,non-offensive,0.7664331793785095,False
2024-11-15,TV-IND-001,4,The smart features are intuitive and the app integration works seamlessly.,positive,0.8389089703559875,0.5,0.49421363552263087,"{""very negative"": 0.015078968368470669, ""neutral"": 0.0321933850646019, ""positive"": 0.8389089703559875, ""very positive"": 0.09604666382074356}",approval,"{""approval"": 0.7188327312469482}","[{""label"": ""approval"", ""score"": 0.7188327312469482}, {""label"": ""neutral"", ""score"": 0.23967300355434418}, {""label"": ""admiration"", ""score"": 0.1221417710185051}, {""label"": ""realization"", ""score"": 0.02103411592543125}, {""label"": ""optimism"", ""score"": 0.010465051047503948}]",irony,0.6668115258216858,True,non-offensive,0.9256442189216614,False
2025-02-12,HP-IND-006,4,Storage capacity is generous but the app crashes frequently when transferring large files.,neutral,0.21944527328014374,0.0,-0.016317923227209753,"{""very negative"": 0.026355694979429245, ""neutral"": 0.21944527328014374, ""positive"": 0.028247667476534843, ""very positive"": 0.02017846331000328}","neutral,disappointment","{""neutral"": 0.565437376499176, ""disappointment"": 0.34233924746513367}","[{""label"": ""neutral"", ""score"": 0.565437376499176}, {""label"": ""disappointment"", ""score"": 0.34233924746513367}, {""label"": ""disapproval"", ""score"": 0.0853864774107933}, {""label"": ""annoyance"", ""score"": 0.07664201408624649}, {""label"": ""approval"", ""score"": 0.055152952671051025}]",non_irony,0.8343307971954346,False,non-offensive,0.7884221076965332,False
2024-10-26,WM-IND-004,1,Software is buggy and crashes frequently. Needs serious updates.,very negative,0.16292156279087067,-1.0,-0.549398270482279,"{""very negative"": 0.16292156279087067, ""neutral"": 0.038247622549533844, ""positive"": 0.017066175118088722, ""very positive"": 0.017066175118088722}",annoyance,"{""annoyance"": 0.35407698154449463}","[{""label"": ""annoyance"", ""score"": 0.35407698154449463}, {""label"": ""disappointment"", ""score"": 0.2594839036464691}, {""label"": ""neutral"", ""score"": 0.24903368949890137}, {""label"": ""disapproval"", ""score"": 0.0876527801156044}, {""label"": ""approval"", ""score"": 0.08709853142499924}]",non_irony,0.9079406261444092,False,non-offensive,0.7005749940872192,False
2025-01-01,TB-IND-007,4,"Sound quality is phenomenal, crisp highs and deep bass. Worth every penny.",positive,0.49539729952812195,0.5,0.6590491162612364,"{""very negative"": 0.019894424825906754, ""neutral"": 0.05166413262486458, ""positive"": 0.49539729952812195, ""very positive"": 0.49539729952812195}",admiration,"{""admiration"": 0.9490026235580444}","[{""label"": ""admiration"", ""score"": 0.9490026235580444}, {""label"": ""approval"", ""score"": 0.04883971065282822}, {""label"": ""neutral"", ""score"": 0.030404893681406975}, {""label"": ""gratitude"", ""score"": 0.010029646568000317}, {""label"": ""disapproval"", ""score"": 0.006704993546009064}]",non_irony,0.7751739025115967,False,non-offensive,0.8951526284217834,False
2024-10-19,AC-IND-005,1,Software is buggy and crashes frequently. Needs serious updates.,very negative,0.16292156279087067,-1.0,-0.549398270482279,"{""very negative"": 0.16292156279087067, ""neutral"": 0.038247622549533844, ""positive"": 0.017066175118088722, ""very positive"": 0.017066175118088722}",annoyance,"{""annoyance"": 0.35407698154449463}","[{""label"": ""annoyance"", ""score"": 0.35407698154449463}, {""label"": ""disappointment"", ""score"": 0.2594839036464691}, {""label"": ""neutral"", ""score"": 0.24903368949890137}, {""label"": ""disapproval"", ""score"": 0.0876527801156044}, {""label"": ""approval"", ""score"": 0.08709853142499924}]",non_irony,0.9079406261444092,False,non-offensive,0.7005749940872192,False
2025-02-10,WM-IND-004,2,The camera is absolutely stunning but the battery life is a real letdown. Screen quality is decent though.,very negative,0.10432986915111542,-1.0,-0.45428586728316794,"{""very negative"": 0.10432986915111542, ""neutral"": 0.04633806273341179, ""positive"": 0.020227625966072083, ""very positive"": 0.014680723659694195}","admiration,disappointment","{""admiration"": 0.7581881284713745, ""disappointment"": 0.40491002798080444}","[{""label"": ""admiration"", ""score"": 0.7581881284713745}, {""label"": ""disappointment"", ""score"": 0.40491002798080444}, {""label"": ""disapproval"", ""score"": 0.04816196858882904}, {""label"": ""annoyance"", ""score"": 0.04007705673575401}, {""label"": ""sadness"", ""score"": 0.03249528631567955}]",non_irony,0.7837050557136536,False,non-offensive,0.8634015321731567,False
2024-11-05,WM-IND-004,5,"The camera quality is outstanding, perfect for everyday photography.",positive,0.4490591287612915,0.5,0.6009954280279384,"{""very negative"": 0.025144625455141068, ""neutral"": 0.08400725573301315, ""positive"": 0.4490591287612915, ""very positive"": 0.41047510504722595}",admiration,"{""admiration"": 0.9424173831939697}","[{""label"": ""admiration"", ""score"": 0.9424173831939697}, {""label"": ""approval"", ""score"": 0.058339230716228485}, {""label"": ""neutral"", ""score"": 0.0315530002117157}, {""label"": ""gratitude"", ""score"": 0.010911427438259125}, {""label"": ""realization"", ""score"": 0.006474080961197615}]",irony,0.561927080154419,True,non-offensive,0.924063503742218,False
2025-02-11,LP-IND-003,5,"Produit de mauvaise qualite, je suis tres decu. Ne recommande pas.",very negative,0.376915842294693,-1.0,-0.6515037909879426,"{""very negative"": 0.376915842294693, ""neutral"": 0.02833167091012001, ""positive"": 0.024450555443763733, ""very positive"": 0.01673412136733532}",neutral,"{""neutral"": 0.9460828304290771}","[{""label"": ""neutral"", ""score"": 0.9460828304290771}, {""label"": ""approval"", ""score"": 0.029701441526412964}, {""label"": ""disapproval"", ""score"": 0.009891659021377563}, {""label"": ""realization"", ""score"": 0.00757063552737236}, {""label"": ""annoyance"", ""score"": 0.006734327878803015}]",non_irony,0.8884108662605286,False,non-offensive,0.8112044930458069,False
2024-10-03,AC-IND-005,1,Terrible experience. Product stopped working within a week of purchase.,very negative,0.49440306425094604,-1.0,-0.6392283390705386,"{""very negative"": 0.49440306425094604, ""neutral"": 0.08719932287931442, ""positive"": 0.01936017908155918, ""very positive"": 0.01936017908155918}",sadness,"{""sadness"": 0.39730533957481384}","[{""label"": ""sadness"", ""score"": 0.39730533957481384}, {""label"": ""fear"", ""score"": 0.2838751971721649}, {""label"": ""disappointment"", ""score"": 0.2159164994955063}, {""label"": ""nervousness"", ""score"": 0.041859596967697144}, {""label"": ""annoyance"", ""score"": 0.027089202776551247}]",non_irony,0.8665359616279602,False,non-offensive,0.810444176197052,False
2024-10-07,RF-IND-008,4,"Durability is impressive, been using for 6 months with zero issues.",positive,0.8207300305366516,0.5,0.47055570951936276,"{""very negative"": 0.01670188084244728, ""neutral"": 0.05924329534173012, ""positive"": 0.8207300305366516, ""very positive"": 0.0840175449848175}",admiration,"{""admiration"": 0.901075005531311}","[{""label"": ""admiration"", ""score"": 0.901075005531311}, {""label"": ""approval"", ""score"": 0.09503141790628433}, {""label"": ""neutral"", ""score"": 0.046847887337207794}, {""label"": ""realization"", ""score"": 0.013351649045944214}, {""label"": ""gratitude"", ""score"": 0.0120680071413517}]",irony,0.8547757267951965,True,non-offensive,0.930757999420166,False
2025-01-28,WM-IND-004,4,The processor handles multitasking effortlessly. No lag whatsoever.,neutral,0.7597368359565735,0.0,0.00797338825580054,"{""very negative"": 0.045921143144369125, ""neutral"": 0.7597368359565735, ""positive"": 0.05292467027902603, ""very positive"": 0.05003025010228157}","admiration,approval,neutral","{""admiration"": 0.3868221342563629, ""approval"": 0.3720160722732544, ""neutral"": 0.3502216339111328}","[{""label"": ""admiration"", ""score"": 0.3868221342563629}, {""label"": ""approval"", ""score"": 0.3720160722732544}, {""label"": ""neutral"", ""score"": 0.3502216339111328}, {""label"": ""realization"", ""score"": 0.014902401715517044}, {""label"": ""pride"", ""score"": 0.008550484664738178}]",irony,0.5463454127311707,True,non-offensive,0.8667475581169128,False
2024-11-30,TV-IND-001,1,Terrible experience. Product stopped working within a week of purchase.,very negative,0.49440306425094604,-1.0,-0.6392283390705386,"{""very negative"": 0.49440306425094604, ""neutral"": 0.08719932287931442, ""positive"": 0.01936017908155918, ""very positive"": 0.01936017908155918}",sadness,"{""sadness"": 0.39730533957481384}","[{""label"": ""sadness"", ""score"": 0.39730533957481384}, {""label"": ""fear"", ""score"": 0.2838751971721649}, {""label"": ""disappointment"", ""score"": 0.2159164994955063}, {""label"": ""nervousness"", ""score"": 0.041859596967697144}, {""label"": ""annoyance"", ""score"": 0.027089202776551247}]",non_irony,0.8665359616279602,False,non-offensive,0.810444176197052,False
2025-01-01,TV-IND-001,2,The promised features do not work as advertised. False marketing.,very negative,0.11003702878952026,-1.0,-0.4876406735014096,"{""very negative"": 0.11003702878952026, ""neutral"": 0.03954793140292168, ""positive"": 0.016627198085188866, ""very positive"": 0.014809762127697468}",disapproval,"{""disapproval"": 0.7108097076416016}","[{""label"": ""disapproval"", ""score"": 0.7108097076416016}, {""label"": ""disappointment"", ""score"": 0.235524520277977}, {""label"": ""annoyance"", ""score"": 0.2101682424545288}, {""label"": ""neutral"", ""score"": 0.11439910531044006}, {""label"": ""anger"", ""score"": 0.018257828429341316}]",irony,0.5804412961006165,True,non-offensive,0.8188140392303467,False
2024-10-24,RF-IND-008,4,Absolutely love this product! The build quality is exceptional and performance exceeds expectations.,positive,0.7471796870231628,0.5,0.7025448596220167,"{""very negative"": 0.015530555509030819, ""neutral"": 0.036719899624586105, ""positive"": 0.7471796870231628, ""very positive"": 0.7471796870231628}","admiration,love","{""admiration"": 0.8205865025520325, ""love"": 0.7115253806114197}","[{""label"": ""admiration"", ""score"": 0.8205865025520325}, {""label"": ""love"", ""score"": 0.7115253806114197}, {""label"": ""approval"", ""score"": 0.04455780237913132}, {""label"": ""gratitude"", ""score"": 0.016261670738458633}, {""label"": ""optimism"", ""score"": 0.009366675280034542}]",non_irony,0.8729540109634399,False,non-offensive,0.9555073380470276,False
2024-10-29,MB-IND-002,4,Energy efficient and very quiet operation. Highly recommend!,positive,0.7586772441864014,0.5,0.5307734316802475,"{""very negative"": 0.016845209524035454, ""neutral"": 0.03081432357430458, ""positive"": 0.7586772441864014, ""very positive"": 0.17657209932804108}",admiration,"{""admiration"": 0.8203734159469604}","[{""label"": ""admiration"", ""score"": 0.8203734159469604}, {""label"": ""approval"", ""score"": 0.24129898846149445}, {""label"": ""gratitude"", ""score"": 0.08020996302366257}, {""label"": ""neutral"", ""score"": 0.031993474811315536}, {""label"": ""optimism"", ""score"": 0.015411066822707653}]",non_irony,0.5187515020370483,False,non-offensive,0.9350569248199463,False
2025-01-23,MB-IND-002,3,Product is fine for basic use but power users might find it limiting.,neutral,0.2278260439634323,0.0,0.13598060049171318,"{""very negative"": 0.017182493582367897, ""neutral"": 0.2278260439634323, ""positive"": 0.11778126657009125, ""very positive"": 0.021471703425049782}","neutral,approval","{""neutral"": 0.6480686068534851, ""approval"": 0.39360511302948}","[{""label"": ""neutral"", ""score"": 0.6480686068534851}, {""label"": ""approval"", ""score"": 0.39360511302948}, {""label"": ""realization"", ""score"": 0.027473531663417816}, {""label"": ""optimism"", ""score"": 0.021502286195755005}, {""label"": ""disapproval"", ""score"": 0.013942357152700424}]",non_irony,0.6216647624969482,False,non-offensive,0.8438470363616943,False
2024-10-28,LP-IND-003,3,It is okay. Works as expected but nothing special compared to competitors.,positive,0.4286438226699829,0.5,0.3626781987528287,"{""very negative"": 0.015589638613164425, ""neutral"": 0.0978032648563385, ""positive"": 0.4286438226699829, ""very positive"": 0.017732756212353706}",approval,"{""approval"": 0.8651418089866638}","[{""label"": ""approval"", ""score"": 0.8651418089866638}, {""label"": ""neutral"", ""score"": 0.11388786137104034}, {""label"": ""realization"", ""score"": 0.024218831211328506}, {""label"": ""optimism"", ""score"": 0.014182043261826038}, {""label"": ""annoyance"", ""score"": 0.013593513518571854}]",non_irony,0.8429244756698608,False,non-offensive,0.9375155568122864,False
2024-10-22,WM-IND-004,2,Build quality is cheap and flimsy. Does not feel worth the price at all.,very negative,0.14990851283073425,-1.0,-0.560529625903086,"{""very negative"": 0.14990851283073425, ""neutral"": 0.028574587777256966, ""positive"": 0.015562235377728939, ""very positive"": 0.015562235377728939}",disapproval,"{""disapproval"": 0.5688949823379517}","[{""label"": ""disapproval"", ""score"": 0.5688949823379517}, {""label"": ""annoyance"", ""score"": 0.26531776785850525}, {""label"": ""disappointment"", ""score"": 0.19667105376720428}, {""label"": ""neutral"", ""score"": 0.17501303553581238}, {""label"": ""approval"", ""score"": 0.019899286329746246}]",non_irony,0.9473848938941956,False,non-offensive,0.6788666248321533,False
2024-10-28,RF-IND-008,2,"Excellent sound quality and comfortable fit, but the ANC could be much stronger for the price.",positive,0.15356729924678802,0.5,0.3086620512949099,"{""very negative"": 0.012060086242854595, ""neutral"": 0.07317974418401718, ""positive"": 0.15356729924678802, ""very positive"": 0.027106380090117455}",admiration,"{""admiration"": 0.9374375939369202}","[{""label"": ""admiration"", ""score"": 0.9374375939369202}, {""label"": ""approval"", ""score"": 0.089204341173172}, {""label"": ""neutral"", ""score"": 0.03402496129274368}, {""label"": ""optimism"", ""score"": 0.025380540639162064}, {""label"": ""gratitude"", ""score"": 0.018238363787531853}]",non_irony,0.9199045896530151,False,non-offensive,0.8908013105392456,False
2025-02-20,AC-IND-005,2,Overheats constantly during normal usage. Had to return it.,neutral,0.11558523774147034,0.0,-0.36611235721466906,"{""very negative"": 0.10191556066274643, ""neutral"": 0.11558523774147034, ""positive"": 0.016096526756882668, ""very positive"": 0.016096526756882668}",neutral,"{""neutral"": 0.9388406872749329}","[{""label"": ""neutral"", ""score"": 0.9388406872749329}, {""label"": ""approval"", ""score"": 0.02460838295519352}, {""label"": ""annoyance"", ""score"": 0.019031492993235588}, {""label"": ""realization"", ""score"": 0.016972018405795097}, {""label"": ""disappointment"", ""score"": 0.011426879093050957}]",non_irony,0.9186547994613647,False,non-offensive,0.881855309009552,False
2024-10-17,MB-IND-002,4,Photo quality rivals phones twice the price. Very happy with the camera.,positive,0.9200547933578491,0.5,0.4818561179793535,"{""very negative"": 0.009893827140331268, ""neutral"": 0.01960623636841774, ""positive"": 0.9200547933578491, ""very positive"": 0.03305947035551071}",joy,"{""joy"": 0.8326600790023804}","[{""label"": ""joy"", ""score"": 0.8326600790023804}, {""label"": ""admiration"", ""score"": 0.12147273868322372}, {""label"": ""approval"", ""score"": 0.08454403281211853}, {""label"": ""neutral"", ""score"": 0.041709545999765396}, {""label"": ""relief"", ""score"": 0.027668539434671402}]",non_irony,0.5060417652130127,False,non-offensive,0.9031765460968018,False
2025-01-19,TV-IND-001,5,"Noise cancellation is top-notch, blocks out everything around you.",positive,0.6977988481521606,0.5,0.5301263708619881,"{""very negative"": 0.018256666138768196, ""neutral"": 0.04996884986758232, ""positive"": 0.6977988481521606, ""very positive"": 0.20059357583522797}",neutral,"{""neutral"": 0.8535012602806091}","[{""label"": ""neutral"", ""score"": 0.8535012602806091}, {""label"": ""approval"", ""score"": 0.07272456586360931}, {""label"": ""annoyance"", ""score"": 0.035694435238838196}, {""label"": ""admiration"", ""score"": 0.030761508271098137}, {""label"": ""disapproval"", ""score"": 0.014540402218699455}]",irony,0.8790774345397949,True,non-offensive,0.7939949035644531,False
2024-11-08,HP-IND-006,1,"Oh great, another product that breaks right after warranty expires. How convenient!",very negative,0.13526460528373718,-1.0,-0.5038809908315215,"{""very negative"": 0.13526460528373718, ""neutral"": 0.01894294284284115, ""positive"": 0.02767418511211872, ""very positive"": 0.019453536719083786}",admiration,"{""admiration"": 0.8009824156761169}","[{""label"": ""admiration"", ""score"": 0.8009824156761169}, {""label"": ""approval"", ""score"": 0.10055772960186005}, {""label"": ""disappointment"", ""score"": 0.08632303029298782}, {""label"": ""realization"", ""score"": 0.04643560200929642}, {""label"": ""neutral"", ""score"": 0.027577385306358337}]",irony,0.9890222549438477,True,non-offensive,0.8594326972961426,False
2024-10-28,HP-IND-006,1,"Sehr gutes Produkt, schnelle Lieferung und tolle Qualitat. Empfehlenswert!",positive,0.5607585906982422,0.5,0.63179622013243,"{""very negative"": 0.019466347992420197, ""neutral"": 0.01999477855861187, ""positive"": 0.5607585906982422, ""very positive"": 0.3811355233192444}",neutral,"{""neutral"": 0.9314554929733276}","[{""label"": ""neutral"", ""score"": 0.9314554929733276}, {""label"": ""approval"", ""score"": 0.03372388705611229}, {""label"": ""annoyance"", ""score"": 0.009257086552679539}, {""label"": ""admiration"", ""score"": 0.006478950381278992}, {""label"": ""realization"", ""score"": 0.0048216269351542}]",non_irony,0.9127270579338074,False,non-offensive,0.7963050007820129,False
2024-11-08,MB-IND-002,2,Customer service is non-existent. Been waiting 3 weeks for a response.,very negative,0.4578317105770111,-1.0,-0.579201002717572,"{""very negative"": 0.4578317105770111, ""neutral"": 0.15317650139331818, ""positive"": 0.025456801056861877, ""very positive"": 0.025456801056861877}","disappointment,annoyance","{""disappointment"": 0.5341309905052185, ""annoyance"": 0.31432658433914185}","[{""label"": ""disappointment"", ""score"": 0.5341309905052185}, {""label"": ""annoyance"", ""score"": 0.31432658433914185}, {""label"": ""neutral"", ""score"": 0.20545412600040436}, {""label"": ""disapproval"", ""score"": 0.15114009380340576}, {""label"": ""sadness"", ""score"": 0.023914506658911705}]",non_irony,0.6569333672523499,False,non-offensive,0.8544687032699585,False
2025-03-03,WM-IND-004,5,"Produit de mauvaise qualite, je suis tres decu. Ne recommande pas.",very negative,0.376915842294693,-1.0,-0.6515037909879426,"{""very negative"": 0.376915842294693, ""neutral"": 0.02833167091012001, ""positive"": 0.024450555443763733, ""very positive"": 0.01673412136733532}",neutral,"{""neutral"": 0.9460828304290771}","[{""label"": ""neutral"", ""score"": 0.9460828304290771}, {""label"": ""approval"", ""score"": 0.029701441526412964}, {""label"": ""disapproval"", ""score"": 0.009891659021377563}, {""label"": ""realization"", ""score"": 0.00757063552737236}, {""label"": ""annoyance"", ""score"": 0.006734327878803015}]",non_irony,0.8884108662605286,False,non-offensive,0.8112044930458069,False
2025-03-13,HP-IND-006,3,"Produit de mauvaise qualite, je suis tres decu. Ne recommande pas.",very negative,0.376915842294693,-1.0,-0.6515037909879426,"{""very negative"": 0.376915842294693, ""neutral"": 0.02833167091012001, ""positive"": 0.024450555443763733, ""very positive"": 0.01673412136733532}",neutral,"{""neutral"": 0.9460828304290771}","[{""label"": ""neutral"", ""score"": 0.9460828304290771}, {""label"": ""approval"", ""score"": 0.029701441526412964}, {""label"": ""disapproval"", ""score"": 0.009891659021377563}, {""label"": ""realization"", ""score"": 0.00757063552737236}, {""label"": ""annoyance"", ""score"": 0.006734327878803015}]",non_irony,0.8884108662605286,False,non-offensive,0.8112044930458069,False
2024-11-17,WM-IND-004,4,"Durability is impressive, been using for 6 months with zero issues.",positive,0.8207300305366516,0.5,0.47055570951936276,"{""very negative"": 0.01670188084244728, ""neutral"": 0.05924329534173012, ""positive"": 0.8207300305366516, ""very positive"": 0.0840175449848175}",admiration,"{""admiration"": 0.901075005531311}","[{""label"": ""admiration"", ""score"": 0.901075005531311}, {""label"": ""approval"", ""score"": 0.09503141790628433}, {""label"": ""neutral"", ""score"": 0.046847887337207794}, {""label"": ""realization"", ""score"": 0.013351649045944214}, {""label"": ""gratitude"", ""score"": 0.0120680071413517}]",irony,0.8547757267951965,True,non-offensive,0.930757999420166,False
2024-11-30,HP-IND-006,3,"Produit de mauvaise qualite, je suis tres decu. Ne recommande pas.",very negative,0.376915842294693,-1.0,-0.6515037909879426,"{""very negative"": 0.376915842294693, ""neutral"": 0.02833167091012001, ""positive"": 0.024450555443763733, ""very positive"": 0.01673412136733532}",neutral,"{""neutral"": 0.9460828304290771}","[{""label"": ""neutral"", ""score"": 0.9460828304290771}, {""label"": ""approval"", ""score"": 0.029701441526412964}, {""label"": ""disapproval"", ""score"": 0.009891659021377563}, {""label"": ""realization"", ""score"": 0.00757063552737236}, {""label"": ""annoyance"", ""score"": 0.006734327878803015}]",non_irony,0.8884108662605286,False,non-offensive,0.8112044930458069,False
2024-10-15,RF-IND-008,5,"Produit de mauvaise qualite, je suis tres decu. Ne recommande pas.",very negative,0.376915842294693,-1.0,-0.6515037909879426,"{""very negative"": 0.376915842294693, ""neutral"": 0.02833167091012001, ""positive"": 0.024450555443763733, ""very positive"": 0.01673412136733532}",neutral,"{""neutral"": 0.9460828304290771}","[{""label"": ""neutral"", ""score"": 0.9460828304290771}, {""label"": ""approval"", ""score"": 0.029701441526412964}, {""label"": ""disapproval"", ""score"": 0.009891659021377563}, {""label"": ""realization"", ""score"": 0.00757063552737236}, {""label"": ""annoyance"", ""score"": 0.006734327878803015}]",non_irony,0.8884108662605286,False,non-offensive,0.8112044930458069,False
2025-03-06,AC-IND-005,1,Bluetooth connectivity drops every few minutes. Extremely frustrating.,very negative,0.6028462648391724,-1.0,-0.6743283178692285,"{""very negative"": 0.6028462648391724, ""neutral"": 0.050933293998241425, ""positive"": 0.02046809531748295, ""very positive"": 0.019622648134827614}",annoyance,"{""annoyance"": 0.755325436592102}","[{""label"": ""annoyance"", ""score"": 0.755325436592102}, {""label"": ""anger"", ""score"": 0.23799586296081543}, {""label"": ""neutral"", ""score"": 0.06979986280202866}, {""label"": ""disappointment"", ""score"": 0.05000713840126991}, {""label"": ""disapproval"", ""score"": 0.037070609629154205}]",irony,0.6903656721115112,True,non-offensive,0.7488885521888733,False
2025-01-10,WM-IND-004,3,Some features work well but others feel half-baked and unfinished.,neutral,0.11231619864702225,0.0,-0.017368461427197737,"{""very negative"": 0.024700509384274483, ""neutral"": 0.11231619864702225, ""positive"": 0.031947653740644455, ""very positive"": 0.017410876229405403}",neutral,"{""neutral"": 0.42452213168144226}","[{""label"": ""neutral"", ""score"": 0.42452213168144226}, {""label"": ""approval"", ""score"": 0.262663334608078}, {""label"": ""disapproval"", ""score"": 0.08497705310583115}, {""label"": ""disappointment"", ""score"": 0.07289377599954605}, {""label"": ""annoyance"", ""score"": 0.06537593901157379}]",non_irony,0.7920966744422913,False,non-offensive,0.8468405604362488,False
2024-10-18,MB-IND-002,3,Storage capacity is generous but the app crashes frequently when transferring large files.,neutral,0.21944527328014374,0.0,-0.016317923227209753,"{""very negative"": 0.026355694979429245, ""neutral"": 0.21944527328014374, ""positive"": 0.028247667476534843, ""very positive"": 0.02017846331000328}","neutral,disappointment","{""neutral"": 0.565437376499176, ""disappointment"": 0.34233924746513367}","[{""label"": ""neutral"", ""score"": 0.565437376499176}, {""label"": ""disappointment"", ""score"": 0.34233924746513367}, {""label"": ""disapproval"", ""score"": 0.0853864774107933}, {""label"": ""annoyance"", ""score"": 0.07664201408624649}, {""label"": ""approval"", ""score"": 0.055152952671051025}]",non_irony,0.8343307971954346,False,non-offensive,0.7884221076965332,False
2025-02-15,TV-IND-001,1,Sound quality is tinny and distorted at higher volumes. Not acceptable.,very negative,0.12479760497808456,-1.0,-0.493778516965209,"{""very negative"": 0.12479760497808456, ""neutral"": 0.04836035519838333, ""positive"": 0.01610911823809147, ""very positive"": 0.01610911823809147}",disapproval,"{""disapproval"": 0.7381646633148193}","[{""label"": ""disapproval"", ""score"": 0.7381646633148193}, {""label"": ""annoyance"", ""score"": 0.21084058284759521}, {""label"": ""neutral"", ""score"": 0.112130306661129}, {""label"": ""disappointment"", ""score"": 0.06412441283464432}, {""label"": ""approval"", ""score"": 0.023751674219965935}]",non_irony,0.9257212281227112,False,non-offensive,0.7237016558647156,False
2025-03-07,HP-IND-006,4,Photo quality rivals phones twice the price. Very happy with the camera.,positive,0.9200547933578491,0.5,0.4818561179793535,"{""very negative"": 0.009893827140331268, ""neutral"": 0.01960623636841774, ""positive"": 0.9200547933578491, ""very positive"": 0.03305947035551071}",joy,"{""joy"": 0.8326600790023804}","[{""label"": ""joy"", ""score"": 0.8326600790023804}, {""label"": ""admiration"", ""score"": 0.12147273868322372}, {""label"": ""approval"", ""score"": 0.08454403281211853}, {""label"": ""neutral"", ""score"": 0.041709545999765396}, {""label"": ""relief"", ""score"": 0.027668539434671402}]",non_irony,0.5060417652130127,False,non-offensive,0.9031765460968018,False
2024-12-20,TV-IND-001,5,Excellent cooling performance even during peak summer. Very satisfied.,positive,0.7707273960113525,0.5,0.5362639801740339,"{""very negative"": 0.014967979863286018, ""neutral"": 0.02442777529358864, ""positive"": 0.7707273960113525, ""very positive"": 0.17155218124389648}",admiration,"{""admiration"": 0.9331638216972351}","[{""label"": ""admiration"", ""score"": 0.9331638216972351}, {""label"": ""approval"", ""score"": 0.07154010981321335}, {""label"": ""gratitude"", ""score"": 0.04528460651636124}, {""label"": ""neutral"", ""score"": 0.019264668226242065}, {""label"": ""joy"", ""score"": 0.010110114701092243}]",non_irony,0.602388322353363,False,non-offensive,0.9177484512329102,False
2024-12-24,TB-IND-007,1,"Installation was a nightmare, instructions were completely wrong.",very negative,0.7697422504425049,-1.0,-0.6977894863586905,"{""very negative"": 0.7697422504425049, ""neutral"": 0.036633219569921494, ""positive"": 0.020193949341773987, ""very positive"": 0.01803928054869175}",disapproval,"{""disapproval"": 0.3163321614265442}","[{""label"": ""disapproval"", ""score"": 0.3163321614265442}, {""label"": ""annoyance"", ""score"": 0.24686093628406525}, {""label"": ""disappointment"", ""score"": 0.15440554916858673}, {""label"": ""neutral"", ""score"": 0.06965956091880798}, {""label"": ""fear"", ""score"": 0.04962696135044098}]",non_irony,0.7851060032844543,False,non-offensive,0.6006593704223633,False
2025-02-22,HP-IND-006,2,"Sure, who needs customer service anyway? Waiting 4 weeks builds character!",neutral,0.7354669570922852,0.0,0.08089343274446564,"{""very negative"": 0.022473178803920746, ""neutral"": 0.7354669570922852, ""positive"": 0.13158436119556427, ""very positive"": 0.04536167159676552}","approval,neutral","{""approval"": 0.39447733759880066, ""neutral"": 0.3930034935474396}","[{""label"": ""approval"", ""score"": 0.39447733759880066}, {""label"": ""neutral"", ""score"": 0.3930034935474396}, {""label"": ""curiosity"", ""score"": 0.25203585624694824}, {""label"": ""confusion"", ""score"": 0.058140382170677185}, {""label"": ""realization"", ""score"": 0.018022604286670685}]",irony,0.8940737843513489,True,non-offensive,0.8660460114479065,False
2024-11-13,WM-IND-004,2,"Installation was a nightmare, instructions were completely wrong.",very negative,0.7697422504425049,-1.0,-0.6977894863586905,"{""very negative"": 0.7697422504425049, ""neutral"": 0.036633219569921494, ""positive"": 0.020193949341773987, ""very positive"": 0.01803928054869175}",disapproval,"{""disapproval"": 0.3163321614265442}","[{""label"": ""disapproval"", ""score"": 0.3163321614265442}, {""label"": ""annoyance"", ""score"": 0.24686093628406525}, {""label"": ""disappointment"", ""score"": 0.15440554916858673}, {""label"": ""neutral"", ""score"": 0.06965956091880798}, {""label"": ""fear"", ""score"": 0.04962696135044098}]",non_irony,0.7851060032844543,False,non-offensive,0.6006593704223633,False
2024-12-30,WM-IND-004,2,Amazing how they managed to make something this expensive feel this cheap. Truly impressive engineering.,positive,0.4396990239620209,0.5,0.31582474380543,"{""very negative"": 0.1261758953332901, ""neutral"": 0.04508422315120697, ""positive"": 0.4396990239620209, ""very positive"": 0.29556727409362793}",admiration,"{""admiration"": 0.9478908181190491}","[{""label"": ""admiration"", ""score"": 0.9478908181190491}, {""label"": ""approval"", ""score"": 0.02901063673198223}, {""label"": ""neutral"", ""score"": 0.022152459248900414}, {""label"": ""excitement"", ""score"": 0.01925773359835148}, {""label"": ""surprise"", ""score"": 0.016320671886205673}]",irony,0.9598375558853149,True,non-offensive,0.8323938250541687,False
2025-02-26,LP-IND-003,2,"The processor handles everything I throw at it, but RAM management needs improvement.",positive,0.23391316831111908,0.5,0.22180404858284788,"{""very negative"": 0.017129547894001007, ""neutral"": 0.20354090631008148, ""positive"": 0.23391316831111908, ""very positive"": 0.01717514544725418}","neutral,approval","{""neutral"": 0.46721941232681274, ""approval"": 0.32108038663864136}","[{""label"": ""neutral"", ""score"": 0.46721941232681274}, {""label"": ""approval"", ""score"": 0.32108038663864136}, {""label"": ""optimism"", ""score"": 0.11606177687644958}, {""label"": ""realization"", ""score"": 0.05067124590277672}, {""label"": ""desire"", ""score"": 0.04620461165904999}]",non_irony,0.9052064418792725,False,non-offensive,0.8036984205245972,False
2025-03-15,TV-IND-001,4,Customer service was amazing. They resolved my query within minutes.,positive,0.6071091294288635,0.5,0.5974647468222958,"{""very negative"": 0.017765464261174202, ""neutral"": 0.03513293340802193, ""positive"": 0.6071091294288635, ""very positive"": 0.31808170676231384}",admiration,"{""admiration"": 0.9301038980484009}","[{""label"": ""admiration"", ""score"": 0.9301038980484009}, {""label"": ""approval"", ""score"": 0.06624912470579147}, {""label"": ""neutral"", ""score"": 0.026406768709421158}, {""label"": ""excitement"", ""score"": 0.022681886330246925}, {""label"": ""joy"", ""score"": 0.018670279532670975}]",irony,0.8352649807929993,True,non-offensive,0.9490030407905579,False
2024-12-22,MB-IND-002,3,It is okay. Works as expected but nothing special compared to competitors.,positive,0.4286438226699829,0.5,0.3626781987528287,"{""very negative"": 0.015589638613164425, ""neutral"": 0.0978032648563385, ""positive"": 0.4286438226699829, ""very positive"": 0.017732756212353706}",approval,"{""approval"": 0.8651418089866638}","[{""label"": ""approval"", ""score"": 0.8651418089866638}, {""label"": ""neutral"", ""score"": 0.11388786137104034}, {""label"": ""realization"", ""score"": 0.024218831211328506}, {""label"": ""optimism"", ""score"": 0.014182043261826038}, {""label"": ""annoyance"", ""score"": 0.013593513518571854}]",non_irony,0.8429244756698608,False,non-offensive,0.9375155568122864,False
2025-02-19,MB-IND-002,3,It is an acceptable product. Neither great nor terrible overall.,neutral,0.6794472932815552,0.0,0.11969010975899572,"{""very negative"": 0.021728726103901863, ""neutral"": 0.6794472932815552, ""positive"": 0.24736584722995758, ""very positive"": 0.028446754440665245}",approval,"{""approval"": 0.8612683415412903}","[{""label"": ""approval"", ""score"": 0.8612683415412903}, {""label"": ""admiration"", ""score"": 0.13370481133460999}, {""label"": ""neutral"", ""score"": 0.05180679261684418}, {""label"": ""disapproval"", ""score"": 0.02096419222652912}, {""label"": ""realization"", ""score"": 0.014821445569396019}]",non_irony,0.9514107704162598,False,non-offensive,0.8791451454162598,False
2025-01-16,HP-IND-006,2,"Sure, who needs customer service anyway? Waiting 4 weeks builds character!",neutral,0.7354669570922852,0.0,0.08089343274446564,"{""very negative"": 0.022473178803920746, ""neutral"": 0.7354669570922852, ""positive"": 0.13158436119556427, ""very positive"": 0.04536167159676552}","approval,neutral","{""approval"": 0.39447733759880066, ""neutral"": 0.3930034935474396}","[{""label"": ""approval"", ""score"": 0.39447733759880066}, {""label"": ""neutral"", ""score"": 0.3930034935474396}, {""label"": ""curiosity"", ""score"": 0.25203585624694824}, {""label"": ""confusion"", ""score"": 0.058140382170677185}, {""label"": ""realization"", ""score"": 0.018022604286670685}]",irony,0.8940737843513489,True,non-offensive,0.8660460114479065,False
2025-01-15,RF-IND-008,5,Customer service was amazing. They resolved my query within minutes.,positive,0.6071091294288635,0.5,0.5974647468222958,"{""very negative"": 0.017765464261174202, ""neutral"": 0.03513293340802193, ""positive"": 0.6071091294288635, ""very positive"": 0.31808170676231384}",admiration,"{""admiration"": 0.9301038980484009}","[{""label"": ""admiration"", ""score"": 0.9301038980484009}, {""label"": ""approval"", ""score"": 0.06624912470579147}, {""label"": ""neutral"", ""score"": 0.026406768709421158}, {""label"": ""excitement"", ""score"": 0.022681886330246925}, {""label"": ""joy"", ""score"": 0.018670279532670975}]",irony,0.8352649807929993,True,non-offensive,0.9490030407905579,False
2024-10-03,LP-IND-003,3,Product is fine for basic use but power users might find it limiting.,neutral,0.2278260439634323,0.0,0.13598060049171318,"{""very negative"": 0.017182493582367897, ""neutral"": 0.2278260439634323, ""positive"": 0.11778126657009125, ""very positive"": 0.021471703425049782}","neutral,approval","{""neutral"": 0.6480686068534851, ""approval"": 0.39360511302948}","[{""label"": ""neutral"", ""score"": 0.6480686068534851}, {""label"": ""approval"", ""score"": 0.39360511302948}, {""label"": ""realization"", ""score"": 0.027473531663417816}, {""label"": ""optimism"", ""score"": 0.021502286195755005}, {""label"": ""disapproval"", ""score"": 0.013942357152700424}]",non_irony,0.6216647624969482,False,non-offensive,0.8438470363616943,False
2025-01-06,TV-IND-001,4,"Lightweight and portable, perfect for travel and daily commute.",positive,0.5174983143806458,0.5,0.5698038134424869,"{""very negative"": 0.023364251479506493, ""neutral"": 0.08838778734207153, ""positive"": 0.5174983143806458, ""very positive"": 0.3443998694419861}","approval,neutral","{""approval"": 0.5351202487945557, ""neutral"": 0.32617780566215515}","[{""label"": ""approval"", ""score"": 0.5351202487945557}, {""label"": ""neutral"", ""score"": 0.32617780566215515}, {""label"": ""admiration"", ""score"": 0.16927553713321686}, {""label"": ""optimism"", ""score"": 0.009668011218309402}, {""label"": ""realization"", ""score"": 0.009552353993058205}]",non_irony,0.8543041348457336,False,non-offensive,0.9002076983451843,False
2025-01-27,TB-IND-007,5,Setup was a breeze. Works perfectly right out of the box.,positive,0.7648035287857056,0.5,0.47922752030908433,"{""very negative"": 0.018615633249282837, ""neutral"": 0.0714670941233635, ""positive"": 0.7648035287857056, ""very positive"": 0.12313982099294662}",approval,"{""approval"": 0.4734435975551605}","[{""label"": ""approval"", ""score"": 0.4734435975551605}, {""label"": ""neutral"", ""score"": 0.22926150262355804}, {""label"": ""admiration"", ""score"": 0.15972226858139038}, {""label"": ""joy"", ""score"": 0.12473662942647934}, {""label"": ""realization"", ""score"": 0.03085273876786232}]",non_irony,0.7767495512962341,False,non-offensive,0.8942966461181641,False
2024-12-31,HP-IND-006,3,It is okay. Works as expected but nothing special compared to competitors.,positive,0.4286438226699829,0.5,0.3626781987528287,"{""very negative"": 0.015589638613164425, ""neutral"": 0.0978032648563385, ""positive"": 0.4286438226699829, ""very positive"": 0.017732756212353706}",approval,"{""approval"": 0.8651418089866638}","[{""label"": ""approval"", ""score"": 0.8651418089866638}, {""label"": ""neutral"", ""score"": 0.11388786137104034}, {""label"": ""realization"", ""score"": 0.024218831211328506}, {""label"": ""optimism"", ""score"": 0.014182043261826038}, {""label"": ""annoyance"", ""score"": 0.013593513518571854}]",non_irony,0.8429244756698608,False,non-offensive,0.9375155568122864,False
2025-03-09,HP-IND-006,2,The camera is absolutely stunning but the battery life is a real letdown. Screen quality is decent though.,very negative,0.10432986915111542,-1.0,-0.45428586728316794,"{""very negative"": 0.10432986915111542, ""neutral"": 0.04633806273341179, ""positive"": 0.020227625966072083, ""very positive"": 0.014680723659694195}","admiration,disappointment","{""admiration"": 0.7581881284713745, ""disappointment"": 0.40491002798080444}","[{""label"": ""admiration"", ""score"": 0.7581881284713745}, {""label"": ""disappointment"", ""score"": 0.40491002798080444}, {""label"": ""disapproval"", ""score"": 0.04816196858882904}, {""label"": ""annoyance"", ""score"": 0.04007705673575401}, {""label"": ""sadness"", ""score"": 0.03249528631567955}]",non_irony,0.7837050557136536,False,non-offensive,0.8634015321731567,False
2024-11-30,RF-IND-008,5,"Durability is impressive, been using for 6 months with zero issues.",positive,0.8207300305366516,0.5,0.47055570951936276,"{""very negative"": 0.01670188084244728, ""neutral"": 0.05924329534173012, ""positive"": 0.8207300305366516, ""very positive"": 0.0840175449848175}",admiration,"{""admiration"": 0.901075005531311}","[{""label"": ""admiration"", ""score"": 0.901075005531311}, {""label"": ""approval"", ""score"": 0.09503141790628433}, {""label"": ""neutral"", ""score"": 0.046847887337207794}, {""label"": ""realization"", ""score"": 0.013351649045944214}, {""label"": ""gratitude"", ""score"": 0.0120680071413517}]",irony,0.8547757267951965,True,non-offensive,0.930757999420166,False
2024-10-14,HP-IND-006,2,The camera is absolutely stunning but the battery life is a real letdown. Screen quality is decent though.,very negative,0.10432986915111542,-1.0,-0.45428586728316794,"{""very negative"": 0.10432986915111542, ""neutral"": 0.04633806273341179, ""positive"": 0.020227625966072083, ""very positive"": 0.014680723659694195}","admiration,disappointment","{""admiration"": 0.7581881284713745, ""disappointment"": 0.40491002798080444}","[{""label"": ""admiration"", ""score"": 0.7581881284713745}, {""label"": ""disappointment"", ""score"": 0.40491002798080444}, {""label"": ""disapproval"", ""score"": 0.04816196858882904}, {""label"": ""annoyance"", ""score"": 0.04007705673575401}, {""label"": ""sadness"", ""score"": 0.03249528631567955}]",non_irony,0.7837050557136536,False,non-offensive,0.8634015321731567,False
2024-10-26,RF-IND-008,2,"Battery drains extremely fast, barely lasts 4 hours. Very disappointed.",very negative,0.6408287286758423,-1.0,-0.693952186917115,"{""very negative"": 0.6408287286758423, ""neutral"": 0.027352793142199516, ""positive"": 0.018346326425671577, ""very positive"": 0.01826965995132923}",disappointment,"{""disappointment"": 0.8434377312660217}","[{""label"": ""disappointment"", ""score"": 0.8434377312660217}, {""label"": ""annoyance"", ""score"": 0.10580381751060486}, {""label"": ""neutral"", ""score"": 0.10369166731834412}, {""label"": ""disapproval"", ""score"": 0.08525507897138596}, {""label"": ""sadness"", ""score"": 0.06935909390449524}]",non_irony,0.9296731352806091,False,non-offensive,0.7599592208862305,False
2024-11-01,AC-IND-005,5,Photo quality rivals phones twice the price. Very happy with the camera.,positive,0.9200547933578491,0.5,0.4818561179793535,"{""very negative"": 0.009893827140331268, ""neutral"": 0.01960623636841774, ""positive"": 0.9200547933578491, ""very positive"": 0.03305947035551071}",joy,"{""joy"": 0.8326600790023804}","[{""label"": ""joy"", ""score"": 0.8326600790023804}, {""label"": ""admiration"", ""score"": 0.12147273868322372}, {""label"": ""approval"", ""score"": 0.08454403281211853}, {""label"": ""neutral"", ""score"": 0.041709545999765396}, {""label"": ""relief"", ""score"": 0.027668539434671402}]",non_irony,0.5060417652130127,False,non-offensive,0.9031765460968018,False
2024-11-11,RF-IND-008,4,"Screen resolution is crystal clear, perfect for streaming and gaming.",positive,0.392398476600647,0.5,0.542207413406494,"{""very negative"": 0.025593694299459457, ""neutral"": 0.16940507292747498, ""positive"": 0.392398476600647, ""very positive"": 0.38130703568458557}",approval,"{""approval"": 0.5070986747741699}","[{""label"": ""approval"", ""score"": 0.5070986747741699}, {""label"": ""neutral"", ""score"": 0.2965473234653473}, {""label"": ""admiration"", ""score"": 0.2750425338745117}, {""label"": ""realization"", ""score"": 0.009711122140288353}, {""label"": ""optimism"", ""score"": 0.009128984063863754}]",irony,0.6862936615943909,True,non-offensive,0.9093480110168457,False
2025-02-14,MB-IND-002,3,Product is fine for basic use but power users might find it limiting.,neutral,0.2278260439634323,0.0,0.13598060049171318,"{""very negative"": 0.017182493582367897, ""neutral"": 0.2278260439634323, ""positive"": 0.11778126657009125, ""very positive"": 0.021471703425049782}","neutral,approval","{""neutral"": 0.6480686068534851, ""approval"": 0.39360511302948}","[{""label"": ""neutral"", ""score"": 0.6480686068534851}, {""label"": ""approval"", ""score"": 0.39360511302948}, {""label"": ""realization"", ""score"": 0.027473531663417816}, {""label"": ""optimism"", ""score"": 0.021502286195755005}, {""label"": ""disapproval"", ""score"": 0.013942357152700424}]",non_irony,0.6216647624969482,False,non-offensive,0.8438470363616943,False
2025-01-04,TB-IND-007,1,Software is buggy and crashes frequently. Needs serious updates.,very negative,0.16292156279087067,-1.0,-0.549398270482279,"{""very negative"": 0.16292156279087067, ""neutral"": 0.038247622549533844, ""positive"": 0.017066175118088722, ""very positive"": 0.017066175118088722}",annoyance,"{""annoyance"": 0.35407698154449463}","[{""label"": ""annoyance"", ""score"": 0.35407698154449463}, {""label"": ""disappointment"", ""score"": 0.2594839036464691}, {""label"": ""neutral"", ""score"": 0.24903368949890137}, {""label"": ""disapproval"", ""score"": 0.0876527801156044}, {""label"": ""approval"", ""score"": 0.08709853142499924}]",non_irony,0.9079406261444092,False,non-offensive,0.7005749940872192,False
2024-11-26,LP-IND-003,4,The smart features are intuitive and the app integration works seamlessly.,positive,0.8389089703559875,0.5,0.49421363552263087,"{""very negative"": 0.015078968368470669, ""neutral"": 0.0321933850646019, ""positive"": 0.8389089703559875, ""very positive"": 0.09604666382074356}",approval,"{""approval"": 0.7188327312469482}","[{""label"": ""approval"", ""score"": 0.7188327312469482}, {""label"": ""neutral"", ""score"": 0.23967300355434418}, {""label"": ""admiration"", ""score"": 0.1221417710185051}, {""label"": ""realization"", ""score"": 0.02103411592543125}, {""label"": ""optimism"", ""score"": 0.010465051047503948}]",irony,0.6668115258216858,True,non-offensive,0.9256442189216614,False
2024-12-09,MB-IND-002,5,Photo quality rivals phones twice the price. Very happy with the camera.,positive,0.9200547933578491,0.5,0.4818561179793535,"{""very negative"": 0.009893827140331268, ""neutral"": 0.01960623636841774, ""positive"": 0.9200547933578491, ""very positive"": 0.03305947035551071}",joy,"{""joy"": 0.8326600790023804}","[{""label"": ""joy"", ""score"": 0.8326600790023804}, {""label"": ""admiration"", ""score"": 0.12147273868322372}, {""label"": ""approval"", ""score"": 0.08454403281211853}, {""label"": ""neutral"", ""score"": 0.041709545999765396}, {""label"": ""relief"", ""score"": 0.027668539434671402}]",non_irony,0.5060417652130127,False,non-offensive,0.9031765460968018,False
2024-10-03,TB-IND-007,1,"Battery drains extremely fast, barely lasts 4 hours. Very disappointed.",very negative,0.6408287286758423,-1.0,-0.693952186917115,"{""very negative"": 0.6408287286758423, ""neutral"": 0.027352793142199516, ""positive"": 0.018346326425671577, ""very positive"": 0.01826965995132923}",disappointment,"{""disappointment"": 0.8434377312660217}","[{""label"": ""disappointment"", ""score"": 0.8434377312660217}, {""label"": ""annoyance"", ""score"": 0.10580381751060486}, {""label"": ""neutral"", ""score"": 0.10369166731834412}, {""label"": ""disapproval"", ""score"": 0.08525507897138596}, {""label"": ""sadness"", ""score"": 0.06935909390449524}]",non_irony,0.9296731352806091,False,non-offensive,0.7599592208862305,False
2024-11-14,HP-IND-006,1,After 3 months the motor started making grinding noises. Poor quality.,very negative,0.21506524085998535,-1.0,-0.5608611558829494,"{""very negative"": 0.21506524085998535, ""neutral"": 0.06599922478199005, ""positive"": 0.018860796466469765, ""very positive"": 0.0155870970338583}","disappointment,neutral","{""disappointment"": 0.5225762724876404, ""neutral"": 0.32229286432266235}","[{""label"": ""disappointment"", ""score"": 0.5225762724876404}, {""label"": ""neutral"", ""score"": 0.32229286432266235}, {""label"": ""annoyance"", ""score"": 0.204111248254776}, {""label"": ""sadness"", ""score"": 0.08719734847545624}, {""label"": ""disapproval"", ""score"": 0.04562728479504585}]",non_irony,0.6407272219657898,False,non-offensive,0.7529452443122864,False
2025-02-17,MB-IND-002,4,"Produit de mauvaise qualite, je suis tres decu. Ne recommande pas.",very negative,0.376915842294693,-1.0,-0.6515037909879426,"{""very negative"": 0.376915842294693, ""neutral"": 0.02833167091012001, ""positive"": 0.024450555443763733, ""very positive"": 0.01673412136733532}",neutral,"{""neutral"": 0.9460828304290771}","[{""label"": ""neutral"", ""score"": 0.9460828304290771}, {""label"": ""approval"", ""score"": 0.029701441526412964}, {""label"": ""disapproval"", ""score"": 0.009891659021377563}, {""label"": ""realization"", ""score"": 0.00757063552737236}, {""label"": ""annoyance"", ""score"": 0.006734327878803015}]",non_irony,0.8884108662605286,False,non-offensive,0.8112044930458069,False
2025-01-26,HP-IND-006,2,"Bahut achha product hai, value for money. Camera bhi bahut accha hai.",positive,0.5882152915000916,0.5,0.4220367277463888,"{""very negative"": 0.0290150735527277, ""neutral"": 0.18226198852062225, ""positive"": 0.5882152915000916, ""very positive"": 0.1714218407869339}",neutral,"{""neutral"": 0.7110043168067932}","[{""label"": ""neutral"", ""score"": 0.7110043168067932}, {""label"": ""approval"", ""score"": 0.15353593230247498}, {""label"": ""admiration"", ""score"": 0.0266432985663414}, {""label"": ""amusement"", ""score"": 0.018048683181405067}, {""label"": ""joy"", ""score"": 0.013174094259738922}]",non_irony,0.8170913457870483,False,non-offensive,0.7812522053718567,False
2024-12-23,TB-IND-007,3,Packaging was good but product is just average in terms of quality.,neutral,0.22643636167049408,0.0,0.02154465263355148,"{""very negative"": 0.020769914612174034, ""neutral"": 0.22643636167049408, ""positive"": 0.03994236886501312, ""very positive"": 0.018210014328360558}","disappointment,admiration","{""disappointment"": 0.35051408410072327, ""admiration"": 0.31660306453704834}","[{""label"": ""disappointment"", ""score"": 0.35051408410072327}, {""label"": ""admiration"", ""score"": 0.31660306453704834}, {""label"": ""disapproval"", ""score"": 0.20833034813404083}, {""label"": ""approval"", ""score"": 0.14557017385959625}, {""label"": ""neutral"", ""score"": 0.10623263567686081}]",non_irony,0.5526584982872009,False,non-offensive,0.8434349298477173,False
2024-12-23,MB-IND-002,3,Some features work well but others feel half-baked and unfinished.,neutral,0.11231619864702225,0.0,-0.017368461427197737,"{""very negative"": 0.024700509384274483, ""neutral"": 0.11231619864702225, ""positive"": 0.031947653740644455, ""very positive"": 0.017410876229405403}",neutral,"{""neutral"": 0.42452213168144226}","[{""label"": ""neutral"", ""score"": 0.42452213168144226}, {""label"": ""approval"", ""score"": 0.262663334608078}, {""label"": ""disapproval"", ""score"": 0.08497705310583115}, {""label"": ""disappointment"", ""score"": 0.07289377599954605}, {""label"": ""annoyance"", ""score"": 0.06537593901157379}]",non_irony,0.7920966744422913,False,non-offensive,0.8468405604362488,False
2025-01-10,HP-IND-006,1,What a fantastic feature - random shutdowns keep life exciting and unpredictable!,positive,0.5706542134284973,0.5,0.649035807029748,"{""very negative"": 0.027282441034913063, ""neutral"": 0.05992436781525612, ""positive"": 0.5706542134284973, ""very positive"": 0.5706542134284973}","excitement,admiration","{""excitement"": 0.6452254056930542, ""admiration"": 0.5212389230728149}","[{""label"": ""excitement"", ""score"": 0.6452254056930542}, {""label"": ""admiration"", ""score"": 0.5212389230728149}, {""label"": ""joy"", ""score"": 0.09005238115787506}, {""label"": ""curiosity"", ""score"": 0.03715738654136658}, {""label"": ""approval"", ""score"": 0.03235604241490364}]",irony,0.9249007105827332,True,non-offensive,0.9284485578536987,False
2025-01-13,TB-IND-007,5,"Bahut achha product hai, value for money. Camera bhi bahut accha hai.",positive,0.5882152915000916,0.5,0.4220367277463888,"{""very negative"": 0.0290150735527277, ""neutral"": 0.18226198852062225, ""positive"": 0.5882152915000916, ""very positive"": 0.1714218407869339}",neutral,"{""neutral"": 0.7110043168067932}","[{""label"": ""neutral"", ""score"": 0.7110043168067932}, {""label"": ""approval"", ""score"": 0.15353593230247498}, {""label"": ""admiration"", ""score"": 0.0266432985663414}, {""label"": ""amusement"", ""score"": 0.018048683181405067}, {""label"": ""joy"", ""score"": 0.013174094259738922}]",non_irony,0.8170913457870483,False,non-offensive,0.7812522053718567,False
2024-12-11,TV-IND-001,4,Energy efficient and very quiet operation. Highly recommend!,positive,0.7586772441864014,0.5,0.5307734316802475,"{""very negative"": 0.016845209524035454, ""neutral"": 0.03081432357430458, ""positive"": 0.7586772441864014, ""very positive"": 0.17657209932804108}",admiration,"{""admiration"": 0.8203734159469604}","[{""label"": ""admiration"", ""score"": 0.8203734159469604}, {""label"": ""approval"", ""score"": 0.24129898846149445}, {""label"": ""gratitude"", ""score"": 0.08020996302366257}, {""label"": ""neutral"", ""score"": 0.031993474811315536}, {""label"": ""optimism"", ""score"": 0.015411066822707653}]",non_irony,0.5187515020370483,False,non-offensive,0.9350569248199463,False
2025-01-03,TV-IND-001,4,Excellent cooling performance even during peak summer. Very satisfied.,positive,0.7707273960113525,0.5,0.5362639801740339,"{""very negative"": 0.014967979863286018, ""neutral"": 0.02442777529358864, ""positive"": 0.7707273960113525, ""very positive"": 0.17155218124389648}",admiration,"{""admiration"": 0.9331638216972351}","[{""label"": ""admiration"", ""score"": 0.9331638216972351}, {""label"": ""approval"", ""score"": 0.07154010981321335}, {""label"": ""gratitude"", ""score"": 0.04528460651636124}, {""label"": ""neutral"", ""score"": 0.019264668226242065}, {""label"": ""joy"", ""score"": 0.010110114701092243}]",non_irony,0.602388322353363,False,non-offensive,0.9177484512329102,False
2024-10-05,AC-IND-005,1,The display has dead pixels and color accuracy is way off.,very negative,0.25316378474235535,-1.0,-0.5860613671830489,"{""very negative"": 0.25316378474235535, ""neutral"": 0.05497826635837555, ""positive"": 0.019282788038253784, ""very positive"": 0.01881624571979046}","disapproval,disappointment","{""disapproval"": 0.385021835565567, ""disappointment"": 0.37208980321884155}","[{""label"": ""disapproval"", ""score"": 0.385021835565567}, {""label"": ""disappointment"", ""score"": 0.37208980321884155}, {""label"": ""neutral"", ""score"": 0.2807086706161499}, {""label"": ""annoyance"", ""score"": 0.21509088575839996}, {""label"": ""realization"", ""score"": 0.022136112675070763}]",non_irony,0.8182896375656128,False,non-offensive,0.7423754334449768,False
2024-11-03,TV-IND-001,5,Display is gorgeous with vibrant colors and deep blacks. Very impressed!,positive,0.6351503133773804,0.5,0.581952468814245,"{""very negative"": 0.017654336988925934, ""neutral"": 0.037703920155763626, ""positive"": 0.6351503133773804, ""very positive"": 0.2894969880580902}",admiration,"{""admiration"": 0.9594106674194336}","[{""label"": ""admiration"", ""score"": 0.9594106674194336}, {""label"": ""approval"", ""score"": 0.028953349217772484}, {""label"": ""neutral"", ""score"": 0.013620489276945591}, {""label"": ""excitement"", ""score"": 0.008283348754048347}, {""label"": ""gratitude"", ""score"": 0.008044804446399212}]",non_irony,0.8086977601051331,False,non-offensive,0.9492805600166321,False
2025-01-23,HP-IND-006,2,Delivery was delayed by 2 weeks and the product arrived damaged.,very negative,0.2179221659898758,-1.0,-0.5323195026573361,"{""very negative"": 0.2179221659898758, ""neutral"": 0.07148028910160065, ""positive"": 0.02215690352022648, ""very positive"": 0.02215690352022648}",disappointment,"{""disappointment"": 0.6985851526260376}","[{""label"": ""disappointment"", ""score"": 0.6985851526260376}, {""label"": ""neutral"", ""score"": 0.26860493421554565}, {""label"": ""annoyance"", ""score"": 0.10525964200496674}, {""label"": ""sadness"", ""score"": 0.09905389696359634}, {""label"": ""disapproval"", ""score"": 0.036296263337135315}]",non_irony,0.7698453068733215,False,non-offensive,0.8377794027328491,False
2025-01-25,LP-IND-003,3,It is an acceptable product. Neither great nor terrible overall.,neutral,0.6794472932815552,0.0,0.11969010975899572,"{""very negative"": 0.021728726103901863, ""neutral"": 0.6794472932815552, ""positive"": 0.24736584722995758, ""very positive"": 0.028446754440665245}",approval,"{""approval"": 0.8612683415412903}","[{""label"": ""approval"", ""score"": 0.8612683415412903}, {""label"": ""admiration"", ""score"": 0.13370481133460999}, {""label"": ""neutral"", ""score"": 0.05180679261684418}, {""label"": ""disapproval"", ""score"": 0.02096419222652912}, {""label"": ""realization"", ""score"": 0.014821445569396019}]",non_irony,0.9514107704162598,False,non-offensive,0.8791451454162598,False
2025-01-22,LP-IND-003,2,"Performance is blazing fast and battery lasts all day, but the camera struggles in low light.",neutral,0.22503750026226044,0.0,0.04969891873383892,"{""very negative"": 0.02442760020494461, ""neutral"": 0.22503750026226044, ""positive"": 0.07423778623342514, ""very positive"": 0.017704090103507042}","neutral,admiration","{""neutral"": 0.5054706335067749, ""admiration"": 0.3082411289215088}","[{""label"": ""neutral"", ""score"": 0.5054706335067749}, {""label"": ""admiration"", ""score"": 0.3082411289215088}, {""label"": ""approval"", ""score"": 0.08437317609786987}, {""label"": ""disappointment"", ""score"": 0.061942923814058304}, {""label"": ""realization"", ""score"": 0.027526095509529114}]",non_irony,0.705230712890625,False,non-offensive,0.8822543025016785,False
2024-10-18,TB-IND-007,5,"Battery life is incredible, easily lasts two full days with heavy usage.",positive,0.5513941645622253,0.5,0.65847089364473,"{""very negative"": 0.022336257621645927, ""neutral"": 0.05773572251200676, ""positive"": 0.5513941645622253, ""very positive"": 0.5513941645622253}",admiration,"{""admiration"": 0.9398247599601746}","[{""label"": ""admiration"", ""score"": 0.9398247599601746}, {""label"": ""approval"", ""score"": 0.055740565061569214}, {""label"": ""neutral"", ""score"": 0.025282323360443115}, {""label"": ""excitement"", ""score"": 0.016244882717728615}, {""label"": ""optimism"", ""score"": 0.009911395609378815}]",irony,0.7044013738632202,True,non-offensive,0.8911383748054504,False
2024-11-21,AC-IND-005,4,"Bahut achha product hai, value for money. Camera bhi bahut accha hai.",positive,0.5882152915000916,0.5,0.4220367277463888,"{""very negative"": 0.0290150735527277, ""neutral"": 0.18226198852062225, ""positive"": 0.5882152915000916, ""very positive"": 0.1714218407869339}",neutral,"{""neutral"": 0.7110043168067932}","[{""label"": ""neutral"", ""score"": 0.7110043168067932}, {""label"": ""approval"", ""score"": 0.15353593230247498}, {""label"": ""admiration"", ""score"": 0.0266432985663414}, {""label"": ""amusement"", ""score"": 0.018048683181405067}, {""label"": ""joy"", ""score"": 0.013174094259738922}]",non_irony,0.8170913457870483,False,non-offensive,0.7812522053718567,False
2024-11-13,HP-IND-006,3,The camera is absolutely stunning but the battery life is a real letdown. Screen quality is decent though.,very negative,0.10432986915111542,-1.0,-0.45428586728316794,"{""very negative"": 0.10432986915111542, ""neutral"": 0.04633806273341179, ""positive"": 0.020227625966072083, ""very positive"": 0.014680723659694195}","admiration,disappointment","{""admiration"": 0.7581881284713745, ""disappointment"": 0.40491002798080444}","[{""label"": ""admiration"", ""score"": 0.7581881284713745}, {""label"": ""disappointment"", ""score"": 0.40491002798080444}, {""label"": ""disapproval"", ""score"": 0.04816196858882904}, {""label"": ""annoyance"", ""score"": 0.04007705673575401}, {""label"": ""sadness"", ""score"": 0.03249528631567955}]",non_irony,0.7837050557136536,False,non-offensive,0.8634015321731567,False
2024-12-17,TV-IND-001,2,"Produit de mauvaise qualite, je suis tres decu. Ne recommande pas.",very negative,0.376915842294693,-1.0,-0.6515037909879426,"{""very negative"": 0.376915842294693, ""neutral"": 0.02833167091012001, ""positive"": 0.024450555443763733, ""very positive"": 0.01673412136733532}",neutral,"{""neutral"": 0.9460828304290771}","[{""label"": ""neutral"", ""score"": 0.9460828304290771}, {""label"": ""approval"", ""score"": 0.029701441526412964}, {""label"": ""disapproval"", ""score"": 0.009891659021377563}, {""label"": ""realization"", ""score"": 0.00757063552737236}, {""label"": ""annoyance"", ""score"": 0.006734327878803015}]",non_irony,0.8884108662605286,False,non-offensive,0.8112044930458069,False
2024-12-24,TV-IND-001,5,"Produit moyen, rien de special. Correct pour le prix.",neutral,0.5150242447853088,0.0,-0.05506495812182074,"{""very negative"": 0.06442885845899582, ""neutral"": 0.5150242447853088, ""positive"": 0.053058139979839325, ""very positive"": 0.03008083999156952}","neutral,approval","{""neutral"": 0.7311878800392151, ""approval"": 0.37109485268592834}","[{""label"": ""neutral"", ""score"": 0.7311878800392151}, {""label"": ""approval"", ""score"": 0.37109485268592834}, {""label"": ""realization"", ""score"": 0.009801529347896576}, {""label"": ""disapproval"", ""score"": 0.0073822857812047005}, {""label"": ""optimism"", ""score"": 0.0072937230579555035}]",non_irony,0.9293095469474792,False,non-offensive,0.8186534643173218,False
2025-03-12,WM-IND-004,2,After 3 months the motor started making grinding noises. Poor quality.,very negative,0.21506524085998535,-1.0,-0.5608611558829494,"{""very negative"": 0.21506524085998535, ""neutral"": 0.06599922478199005, ""positive"": 0.018860796466469765, ""very positive"": 0.0155870970338583}","disappointment,neutral","{""disappointment"": 0.5225762724876404, ""neutral"": 0.32229286432266235}","[{""label"": ""disappointment"", ""score"": 0.5225762724876404}, {""label"": ""neutral"", ""score"": 0.32229286432266235}, {""label"": ""annoyance"", ""score"": 0.204111248254776}, {""label"": ""sadness"", ""score"": 0.08719734847545624}, {""label"": ""disapproval"", ""score"": 0.04562728479504585}]",non_irony,0.6407272219657898,False,non-offensive,0.7529452443122864,False
2024-12-22,TV-IND-001,2,"Installation was a nightmare, instructions were completely wrong.",very negative,0.7697422504425049,-1.0,-0.6977894863586905,"{""very negative"": 0.7697422504425049, ""neutral"": 0.036633219569921494, ""positive"": 0.020193949341773987, ""very positive"": 0.01803928054869175}",disapproval,"{""disapproval"": 0.3163321614265442}","[{""label"": ""disapproval"", ""score"": 0.3163321614265442}, {""label"": ""annoyance"", ""score"": 0.24686093628406525}, {""label"": ""disappointment"", ""score"": 0.15440554916858673}, {""label"": ""neutral"", ""score"": 0.06965956091880798}, {""label"": ""fear"", ""score"": 0.04962696135044098}]",non_irony,0.7851060032844543,False,non-offensive,0.6006593704223633,False
2025-02-03,LP-IND-003,3,It is okay. Works as expected but nothing special compared to competitors.,positive,0.4286438226699829,0.5,0.3626781987528287,"{""very negative"": 0.015589638613164425, ""neutral"": 0.0978032648563385, ""positive"": 0.4286438226699829, ""very positive"": 0.017732756212353706}",approval,"{""approval"": 0.8651418089866638}","[{""label"": ""approval"", ""score"": 0.8651418089866638}, {""label"": ""neutral"", ""score"": 0.11388786137104034}, {""label"": ""realization"", ""score"": 0.024218831211328506}, {""label"": ""optimism"", ""score"": 0.014182043261826038}, {""label"": ""annoyance"", ""score"": 0.013593513518571854}]",non_irony,0.8429244756698608,False,non-offensive,0.9375155568122864,False
2025-01-30,AC-IND-005,2,Terrible experience. Product stopped working within a week of purchase.,very negative,0.49440306425094604,-1.0,-0.6392283390705386,"{""very negative"": 0.49440306425094604, ""neutral"": 0.08719932287931442, ""positive"": 0.01936017908155918, ""very positive"": 0.01936017908155918}",sadness,"{""sadness"": 0.39730533957481384}","[{""label"": ""sadness"", ""score"": 0.39730533957481384}, {""label"": ""fear"", ""score"": 0.2838751971721649}, {""label"": ""disappointment"", ""score"": 0.2159164994955063}, {""label"": ""nervousness"", ""score"": 0.041859596967697144}, {""label"": ""annoyance"", ""score"": 0.027089202776551247}]",non_irony,0.8665359616279602,False,non-offensive,0.810444176197052,False
2025-01-09,TB-IND-007,4,Energy efficient and very quiet operation. Highly recommend!,positive,0.7586772441864014,0.5,0.5307734316802475,"{""very negative"": 0.016845209524035454, ""neutral"": 0.03081432357430458, ""positive"": 0.7586772441864014, ""very positive"": 0.17657209932804108}",admiration,"{""admiration"": 0.8203734159469604}","[{""label"": ""admiration"", ""score"": 0.8203734159469604}, {""label"": ""approval"", ""score"": 0.24129898846149445}, {""label"": ""gratitude"", ""score"": 0.08020996302366257}, {""label"": ""neutral"", ""score"": 0.031993474811315536}, {""label"": ""optimism"", ""score"": 0.015411066822707653}]",non_irony,0.5187515020370483,False,non-offensive,0.9350569248199463,False
2025-01-13,LP-IND-003,3,Product is fine for basic use but power users might find it limiting.,neutral,0.2278260439634323,0.0,0.13598060049171318,"{""very negative"": 0.017182493582367897, ""neutral"": 0.2278260439634323, ""positive"": 0.11778126657009125, ""very positive"": 0.021471703425049782}","neutral,approval","{""neutral"": 0.6480686068534851, ""approval"": 0.39360511302948}","[{""label"": ""neutral"", ""score"": 0.6480686068534851}, {""label"": ""approval"", ""score"": 0.39360511302948}, {""label"": ""realization"", ""score"": 0.027473531663417816}, {""label"": ""optimism"", ""score"": 0.021502286195755005}, {""label"": ""disapproval"", ""score"": 0.013942357152700424}]",non_irony,0.6216647624969482,False,non-offensive,0.8438470363616943,False
2024-11-24,AC-IND-005,3,"Sehr gutes Produkt, schnelle Lieferung und tolle Qualitat. Empfehlenswert!",positive,0.5607585906982422,0.5,0.63179622013243,"{""very negative"": 0.019466347992420197, ""neutral"": 0.01999477855861187, ""positive"": 0.5607585906982422, ""very positive"": 0.3811355233192444}",neutral,"{""neutral"": 0.9314554929733276}","[{""label"": ""neutral"", ""score"": 0.9314554929733276}, {""label"": ""approval"", ""score"": 0.03372388705611229}, {""label"": ""annoyance"", ""score"": 0.009257086552679539}, {""label"": ""admiration"", ""score"": 0.006478950381278992}, {""label"": ""realization"", ""score"": 0.0048216269351542}]",non_irony,0.9127270579338074,False,non-offensive,0.7963050007820129,False
2024-12-21,RF-IND-008,4,Excellent cooling performance even during peak summer. Very satisfied.,positive,0.7707273960113525,0.5,0.5362639801740339,"{""very negative"": 0.014967979863286018, ""neutral"": 0.02442777529358864, ""positive"": 0.7707273960113525, ""very positive"": 0.17155218124389648}",admiration,"{""admiration"": 0.9331638216972351}","[{""label"": ""admiration"", ""score"": 0.9331638216972351}, {""label"": ""approval"", ""score"": 0.07154010981321335}, {""label"": ""gratitude"", ""score"": 0.04528460651636124}, {""label"": ""neutral"", ""score"": 0.019264668226242065}, {""label"": ""joy"", ""score"": 0.010110114701092243}]",non_irony,0.602388322353363,False,non-offensive,0.9177484512329102,False
2024-12-12,LP-IND-003,4,"Noise cancellation is top-notch, blocks out everything around you.",positive,0.6977988481521606,0.5,0.5301263708619881,"{""very negative"": 0.018256666138768196, ""neutral"": 0.04996884986758232, ""positive"": 0.6977988481521606, ""very positive"": 0.20059357583522797}",neutral,"{""neutral"": 0.8535012602806091}","[{""label"": ""neutral"", ""score"": 0.8535012602806091}, {""label"": ""approval"", ""score"": 0.07272456586360931}, {""label"": ""annoyance"", ""score"": 0.035694435238838196}, {""label"": ""admiration"", ""score"": 0.030761508271098137}, {""label"": ""disapproval"", ""score"": 0.014540402218699455}]",irony,0.8790774345397949,True,non-offensive,0.7939949035644531,False
2025-03-13,TB-IND-007,4,Energy efficient and very quiet operation. Highly recommend!,positive,0.7586772441864014,0.5,0.5307734316802475,"{""very negative"": 0.016845209524035454, ""neutral"": 0.03081432357430458, ""positive"": 0.7586772441864014, ""very positive"": 0.17657209932804108}",admiration,"{""admiration"": 0.8203734159469604}","[{""label"": ""admiration"", ""score"": 0.8203734159469604}, {""label"": ""approval"", ""score"": 0.24129898846149445}, {""label"": ""gratitude"", ""score"": 0.08020996302366257}, {""label"": ""neutral"", ""score"": 0.031993474811315536}, {""label"": ""optimism"", ""score"": 0.015411066822707653}]",non_irony,0.5187515020370483,False,non-offensive,0.9350569248199463,False
2024-12-17,AC-IND-005,2,Sound quality is tinny and distorted at higher volumes. Not acceptable.,very negative,0.12479760497808456,-1.0,-0.493778516965209,"{""very negative"": 0.12479760497808456, ""neutral"": 0.04836035519838333, ""positive"": 0.01610911823809147, ""very positive"": 0.01610911823809147}",disapproval,"{""disapproval"": 0.7381646633148193}","[{""label"": ""disapproval"", ""score"": 0.7381646633148193}, {""label"": ""annoyance"", ""score"": 0.21084058284759521}, {""label"": ""neutral"", ""score"": 0.112130306661129}, {""label"": ""disappointment"", ""score"": 0.06412441283464432}, {""label"": ""approval"", ""score"": 0.023751674219965935}]",non_irony,0.9257212281227112,False,non-offensive,0.7237016558647156,False
2024-12-17,TB-IND-007,4,"Excelente producto, muy buena calidad y buen precio. Totalmente recomendado.",positive,0.5041067004203796,0.5,0.6816197815857253,"{""very negative"": 0.020635204389691353, ""neutral"": 0.014463076367974281, ""positive"": 0.5041067004203796, ""very positive"": 0.5041067004203796}",neutral,"{""neutral"": 0.6544529795646667}","[{""label"": ""neutral"", ""score"": 0.6544529795646667}, {""label"": ""admiration"", ""score"": 0.23028439283370972}, {""label"": ""approval"", ""score"": 0.12289128452539444}, {""label"": ""disapproval"", ""score"": 0.007028191816061735}, {""label"": ""realization"", ""score"": 0.0057449983432888985}]",non_irony,0.9285407662391663,False,non-offensive,0.7380510568618774,False
2025-01-13,TV-IND-001,2,"Excelente producto, muy buena calidad y buen precio. Totalmente recomendado.",positive,0.5041067004203796,0.5,0.6816197815857253,"{""very negative"": 0.020635204389691353, ""neutral"": 0.014463076367974281, ""positive"": 0.5041067004203796, ""very positive"": 0.5041067004203796}",neutral,"{""neutral"": 0.6544529795646667}","[{""label"": ""neutral"", ""score"": 0.6544529795646667}, {""label"": ""admiration"", ""score"": 0.23028439283370972}, {""label"": ""approval"", ""score"": 0.12289128452539444}, {""label"": ""disapproval"", ""score"": 0.007028191816061735}, {""label"": ""realization"", ""score"": 0.0057449983432888985}]",non_irony,0.9285407662391663,False,non-offensive,0.7380510568618774,False
2025-01-20,WM-IND-004,5,Photo quality rivals phones twice the price. Very happy with the camera.,positive,0.9200547933578491,0.5,0.4818561179793535,"{""very negative"": 0.009893827140331268, ""neutral"": 0.01960623636841774, ""positive"": 0.9200547933578491, ""very positive"": 0.03305947035551071}",joy,"{""joy"": 0.8326600790023804}","[{""label"": ""joy"", ""score"": 0.8326600790023804}, {""label"": ""admiration"", ""score"": 0.12147273868322372}, {""label"": ""approval"", ""score"": 0.08454403281211853}, {""label"": ""neutral"", ""score"": 0.041709545999765396}, {""label"": ""relief"", ""score"": 0.027668539434671402}]",non_irony,0.5060417652130127,False,non-offensive,0.9031765460968018,False
2025-02-27,TB-IND-007,2,What a fantastic feature - random shutdowns keep life exciting and unpredictable!,positive,0.5706542134284973,0.5,0.649035807029748,"{""very negative"": 0.027282441034913063, ""neutral"": 0.05992436781525612, ""positive"": 0.5706542134284973, ""very positive"": 0.5706542134284973}","excitement,admiration","{""excitement"": 0.6452254056930542, ""admiration"": 0.5212389230728149}","[{""label"": ""excitement"", ""score"": 0.6452254056930542}, {""label"": ""admiration"", ""score"": 0.5212389230728149}, {""label"": ""joy"", ""score"": 0.09005238115787506}, {""label"": ""curiosity"", ""score"": 0.03715738654136658}, {""label"": ""approval"", ""score"": 0.03235604241490364}]",irony,0.9249007105827332,True,non-offensive,0.9284485578536987,False
2024-12-15,AC-IND-005,2,"Bahut achha product hai, value for money. Camera bhi bahut accha hai.",positive,0.5882152915000916,0.5,0.4220367277463888,"{""very negative"": 0.0290150735527277, ""neutral"": 0.18226198852062225, ""positive"": 0.5882152915000916, ""very positive"": 0.1714218407869339}",neutral,"{""neutral"": 0.7110043168067932}","[{""label"": ""neutral"", ""score"": 0.7110043168067932}, {""label"": ""approval"", ""score"": 0.15353593230247498}, {""label"": ""admiration"", ""score"": 0.0266432985663414}, {""label"": ""amusement"", ""score"": 0.018048683181405067}, {""label"": ""joy"", ""score"": 0.013174094259738922}]",non_irony,0.8170913457870483,False,non-offensive,0.7812522053718567,False
2024-12-02,TV-IND-001,5,Best purchase I have made this year. Great value for money and excellent features.,positive,0.44873490929603577,0.5,0.5963910590069607,"{""very negative"": 0.028467901051044464, ""neutral"": 0.07443559914827347, ""positive"": 0.44873490929603577, ""very positive"": 0.40708863735198975}",admiration,"{""admiration"": 0.947281539440155}","[{""label"": ""admiration"", ""score"": 0.947281539440155}, {""label"": ""approval"", ""score"": 0.04991918429732323}, {""label"": ""gratitude"", ""score"": 0.017717011272907257}, {""label"": ""neutral"", ""score"": 0.016094906255602837}, {""label"": ""realization"", ""score"": 0.006029242649674416}]",non_irony,0.6735737919807434,False,non-offensive,0.953192949295044,False
2025-01-24,MB-IND-002,4,Customer service was amazing. They resolved my query within minutes.,positive,0.6071091294288635,0.5,0.5974647468222958,"{""very negative"": 0.017765464261174202, ""neutral"": 0.03513293340802193, ""positive"": 0.6071091294288635, ""very positive"": 0.31808170676231384}",admiration,"{""admiration"": 0.9301038980484009}","[{""label"": ""admiration"", ""score"": 0.9301038980484009}, {""label"": ""approval"", ""score"": 0.06624912470579147}, {""label"": ""neutral"", ""score"": 0.026406768709421158}, {""label"": ""excitement"", ""score"": 0.022681886330246925}, {""label"": ""joy"", ""score"": 0.018670279532670975}]",irony,0.8352649807929993,True,non-offensive,0.9490030407905579,False
2025-02-21,AC-IND-005,5,"Great design, sleek and modern. Fits perfectly in my living room.",positive,0.5736238956451416,0.5,0.6753709677943955,"{""very negative"": 0.01719159446656704, ""neutral"": 0.05420605093240738, ""positive"": 0.5736238956451416, ""very positive"": 0.5736238956451416}",admiration,"{""admiration"": 0.9285853505134583}","[{""label"": ""admiration"", ""score"": 0.9285853505134583}, {""label"": ""approval"", ""score"": 0.09943830966949463}, {""label"": ""neutral"", ""score"": 0.02816888317465782}, {""label"": ""gratitude"", ""score"": 0.008972597308456898}, {""label"": ""realization"", ""score"": 0.006490301340818405}]",non_irony,0.6408451795578003,False,non-offensive,0.9143792986869812,False
2024-12-12,MB-IND-002,5,"Screen resolution is crystal clear, perfect for streaming and gaming.",positive,0.392398476600647,0.5,0.542207413406494,"{""very negative"": 0.025593694299459457, ""neutral"": 0.16940507292747498, ""positive"": 0.392398476600647, ""very positive"": 0.38130703568458557}",approval,"{""approval"": 0.5070986747741699}","[{""label"": ""approval"", ""score"": 0.5070986747741699}, {""label"": ""neutral"", ""score"": 0.2965473234653473}, {""label"": ""admiration"", ""score"": 0.2750425338745117}, {""label"": ""realization"", ""score"": 0.009711122140288353}, {""label"": ""optimism"", ""score"": 0.009128984063863754}]",irony,0.6862936615943909,True,non-offensive,0.9093480110168457,False
2024-11-27,MB-IND-002,4,"Screen resolution is crystal clear, perfect for streaming and gaming.",positive,0.392398476600647,0.5,0.542207413406494,"{""very negative"": 0.025593694299459457, ""neutral"": 0.16940507292747498, ""positive"": 0.392398476600647, ""very positive"": 0.38130703568458557}",approval,"{""approval"": 0.5070986747741699}","[{""label"": ""approval"", ""score"": 0.5070986747741699}, {""label"": ""neutral"", ""score"": 0.2965473234653473}, {""label"": ""admiration"", ""score"": 0.2750425338745117}, {""label"": ""realization"", ""score"": 0.009711122140288353}, {""label"": ""optimism"", ""score"": 0.009128984063863754}]",irony,0.6862936615943909,True,non-offensive,0.9093480110168457,False
2025-02-23,TV-IND-001,4,"Fast delivery, great packaging, and the product works flawlessly.",positive,0.6741796135902405,0.5,0.5512896068214521,"{""very negative"": 0.01956154778599739, ""neutral"": 0.04252088442444801, ""positive"": 0.6741796135902405, ""very positive"": 0.24276283383369446}",admiration,"{""admiration"": 0.9123939275741577}","[{""label"": ""admiration"", ""score"": 0.9123939275741577}, {""label"": ""approval"", ""score"": 0.11531123518943787}, {""label"": ""neutral"", ""score"": 0.05167611688375473}, {""label"": ""gratitude"", ""score"": 0.016645468771457672}, {""label"": ""realization"", ""score"": 0.009102078154683113}]",irony,0.6614562273025513,True,non-offensive,0.9098259210586548,False
2024-12-18,RF-IND-008,5,"Lightweight and portable, perfect for travel and daily commute.",positive,0.5174983143806458,0.5,0.5698038134424869,"{""very negative"": 0.023364251479506493, ""neutral"": 0.08838778734207153, ""positive"": 0.5174983143806458, ""very positive"": 0.3443998694419861}","approval,neutral","{""approval"": 0.5351202487945557, ""neutral"": 0.32617780566215515}","[{""label"": ""approval"", ""score"": 0.5351202487945557}, {""label"": ""neutral"", ""score"": 0.32617780566215515}, {""label"": ""admiration"", ""score"": 0.16927553713321686}, {""label"": ""optimism"", ""score"": 0.009668011218309402}, {""label"": ""realization"", ""score"": 0.009552353993058205}]",non_irony,0.8543041348457336,False,non-offensive,0.9002076983451843,False
2024-11-11,LP-IND-003,5,"Battery life is incredible, easily lasts two full days with heavy usage.",positive,0.5513941645622253,0.5,0.65847089364473,"{""very negative"": 0.022336257621645927, ""neutral"": 0.05773572251200676, ""positive"": 0.5513941645622253, ""very positive"": 0.5513941645622253}",admiration,"{""admiration"": 0.9398247599601746}","[{""label"": ""admiration"", ""score"": 0.9398247599601746}, {""label"": ""approval"", ""score"": 0.055740565061569214}, {""label"": ""neutral"", ""score"": 0.025282323360443115}, {""label"": ""excitement"", ""score"": 0.016244882717728615}, {""label"": ""optimism"", ""score"": 0.009911395609378815}]",irony,0.7044013738632202,True,non-offensive,0.8911383748054504,False
2025-01-27,TV-IND-001,5,Best purchase I have made this year. Great value for money and excellent features.,positive,0.44873490929603577,0.5,0.5963910590069607,"{""very negative"": 0.028467901051044464, ""neutral"": 0.07443559914827347, ""positive"": 0.44873490929603577, ""very positive"": 0.40708863735198975}",admiration,"{""admiration"": 0.947281539440155}","[{""label"": ""admiration"", ""score"": 0.947281539440155}, {""label"": ""approval"", ""score"": 0.04991918429732323}, {""label"": ""gratitude"", ""score"": 0.017717011272907257}, {""label"": ""neutral"", ""score"": 0.016094906255602837}, {""label"": ""realization"", ""score"": 0.006029242649674416}]",non_irony,0.6735737919807434,False,non-offensive,0.953192949295044,False
2025-03-10,HP-IND-006,4,"Screen resolution is crystal clear, perfect for streaming and gaming.",positive,0.392398476600647,0.5,0.542207413406494,"{""very negative"": 0.025593694299459457, ""neutral"": 0.16940507292747498, ""positive"": 0.392398476600647, ""very positive"": 0.38130703568458557}",approval,"{""approval"": 0.5070986747741699}","[{""label"": ""approval"", ""score"": 0.5070986747741699}, {""label"": ""neutral"", ""score"": 0.2965473234653473}, {""label"": ""admiration"", ""score"": 0.2750425338745117}, {""label"": ""realization"", ""score"": 0.009711122140288353}, {""label"": ""optimism"", ""score"": 0.009128984063863754}]",irony,0.6862936615943909,True,non-offensive,0.9093480110168457,False
2024-12-24,MB-IND-002,5,Absolutely love this product! The build quality is exceptional and performance exceeds expectations.,positive,0.7471796870231628,0.5,0.7025448596220167,"{""very negative"": 0.015530555509030819, ""neutral"": 0.036719899624586105, ""positive"": 0.7471796870231628, ""very positive"": 0.7471796870231628}","admiration,love","{""admiration"": 0.8205865025520325, ""love"": 0.7115253806114197}","[{""label"": ""admiration"", ""score"": 0.8205865025520325}, {""label"": ""love"", ""score"": 0.7115253806114197}, {""label"": ""approval"", ""score"": 0.04455780237913132}, {""label"": ""gratitude"", ""score"": 0.016261670738458633}, {""label"": ""optimism"", ""score"": 0.009366675280034542}]",non_irony,0.8729540109634399,False,non-offensive,0.9555073380470276,False
2025-01-26,RF-IND-008,1,Customer service is non-existent. Been waiting 3 weeks for a response.,very negative,0.4578317105770111,-1.0,-0.579201002717572,"{""very negative"": 0.4578317105770111, ""neutral"": 0.15317650139331818, ""positive"": 0.025456801056861877, ""very positive"": 0.025456801056861877}","disappointment,annoyance","{""disappointment"": 0.5341309905052185, ""annoyance"": 0.31432658433914185}","[{""label"": ""disappointment"", ""score"": 0.5341309905052185}, {""label"": ""annoyance"", ""score"": 0.31432658433914185}, {""label"": ""neutral"", ""score"": 0.20545412600040436}, {""label"": ""disapproval"", ""score"": 0.15114009380340576}, {""label"": ""sadness"", ""score"": 0.023914506658911705}]",non_irony,0.6569333672523499,False,non-offensive,0.8544687032699585,False
2024-10-10,TV-IND-001,5,"Sound quality is phenomenal, crisp highs and deep bass. Worth every penny.",positive,0.49539729952812195,0.5,0.6590491162612364,"{""very negative"": 0.019894424825906754, ""neutral"": 0.05166413262486458, ""positive"": 0.49539729952812195, ""very positive"": 0.49539729952812195}",admiration,"{""admiration"": 0.9490026235580444}","[{""label"": ""admiration"", ""score"": 0.9490026235580444}, {""label"": ""approval"", ""score"": 0.04883971065282822}, {""label"": ""neutral"", ""score"": 0.030404893681406975}, {""label"": ""gratitude"", ""score"": 0.010029646568000317}, {""label"": ""disapproval"", ""score"": 0.006704993546009064}]",non_irony,0.7751739025115967,False,non-offensive,0.8951526284217834,False
2025-01-26,LP-IND-003,4,"Great design, sleek and modern. Fits perfectly in my living room.",positive,0.5736238956451416,0.5,0.6753709677943955,"{""very negative"": 0.01719159446656704, ""neutral"": 0.05420605093240738, ""positive"": 0.5736238956451416, ""very positive"": 0.5736238956451416}",admiration,"{""admiration"": 0.9285853505134583}","[{""label"": ""admiration"", ""score"": 0.9285853505134583}, {""label"": ""approval"", ""score"": 0.09943830966949463}, {""label"": ""neutral"", ""score"": 0.02816888317465782}, {""label"": ""gratitude"", ""score"": 0.008972597308456898}, {""label"": ""realization"", ""score"": 0.006490301340818405}]",non_irony,0.6408451795578003,False,non-offensive,0.9143792986869812,False
2024-12-29,MB-IND-002,4,Best purchase I have made this year. Great value for money and excellent features.,positive,0.44873490929603577,0.5,0.5963910590069607,"{""very negative"": 0.028467901051044464, ""neutral"": 0.07443559914827347, ""positive"": 0.44873490929603577, ""very positive"": 0.40708863735198975}",admiration,"{""admiration"": 0.947281539440155}","[{""label"": ""admiration"", ""score"": 0.947281539440155}, {""label"": ""approval"", ""score"": 0.04991918429732323}, {""label"": ""gratitude"", ""score"": 0.017717011272907257}, {""label"": ""neutral"", ""score"": 0.016094906255602837}, {""label"": ""realization"", ""score"": 0.006029242649674416}]",non_irony,0.6735737919807434,False,non-offensive,0.953192949295044,False
2025-01-04,WM-IND-004,2,Software is buggy and crashes frequently. Needs serious updates.,very negative,0.16292156279087067,-1.0,-0.549398270482279,"{""very negative"": 0.16292156279087067, ""neutral"": 0.038247622549533844, ""positive"": 0.017066175118088722, ""very positive"": 0.017066175118088722}",annoyance,"{""annoyance"": 0.35407698154449463}","[{""label"": ""annoyance"", ""score"": 0.35407698154449463}, {""label"": ""disappointment"", ""score"": 0.2594839036464691}, {""label"": ""neutral"", ""score"": 0.24903368949890137}, {""label"": ""disapproval"", ""score"": 0.0876527801156044}, {""label"": ""approval"", ""score"": 0.08709853142499924}]",non_irony,0.9079406261444092,False,non-offensive,0.7005749940872192,False
2024-11-27,LP-IND-003,2,Customer service is non-existent. Been waiting 3 weeks for a response.,very negative,0.4578317105770111,-1.0,-0.579201002717572,"{""very negative"": 0.4578317105770111, ""neutral"": 0.15317650139331818, ""positive"": 0.025456801056861877, ""very positive"": 0.025456801056861877}","disappointment,annoyance","{""disappointment"": 0.5341309905052185, ""annoyance"": 0.31432658433914185}","[{""label"": ""disappointment"", ""score"": 0.5341309905052185}, {""label"": ""annoyance"", ""score"": 0.31432658433914185}, {""label"": ""neutral"", ""score"": 0.20545412600040436}, {""label"": ""disapproval"", ""score"": 0.15114009380340576}, {""label"": ""sadness"", ""score"": 0.023914506658911705}]",non_irony,0.6569333672523499,False,non-offensive,0.8544687032699585,False
2025-01-07,AC-IND-005,3,Cooling is incredibly efficient but the noise level at full blast is quite loud. Energy savings are good.,positive,0.24520593881607056,0.5,0.32884720066623113,"{""very negative"": 0.01764993742108345, ""neutral"": 0.06515862047672272, ""positive"": 0.24520593881607056, ""very positive"": 0.0261381883174181}","admiration,approval","{""admiration"": 0.7278497815132141, ""approval"": 0.4586583375930786}","[{""label"": ""admiration"", ""score"": 0.7278497815132141}, {""label"": ""approval"", ""score"": 0.4586583375930786}, {""label"": ""neutral"", ""score"": 0.07261066138744354}, {""label"": ""realization"", ""score"": 0.01878446526825428}, {""label"": ""gratitude"", ""score"": 0.01715177297592163}]",irony,0.8304233551025391,True,non-offensive,0.8526865839958191,False
2024-12-12,TB-IND-007,2,The promised features do not work as advertised. False marketing.,very negative,0.11003702878952026,-1.0,-0.4876406735014096,"{""very negative"": 0.11003702878952026, ""neutral"": 0.03954793140292168, ""positive"": 0.016627198085188866, ""very positive"": 0.014809762127697468}",disapproval,"{""disapproval"": 0.7108097076416016}","[{""label"": ""disapproval"", ""score"": 0.7108097076416016}, {""label"": ""disappointment"", ""score"": 0.235524520277977}, {""label"": ""annoyance"", ""score"": 0.2101682424545288}, {""label"": ""neutral"", ""score"": 0.11439910531044006}, {""label"": ""anger"", ""score"": 0.018257828429341316}]",irony,0.5804412961006165,True,non-offensive,0.8188140392303467,False
2024-11-29,WM-IND-004,1,Amazing how they managed to make something this expensive feel this cheap. Truly impressive engineering.,positive,0.4396990239620209,0.5,0.31582474380543,"{""very negative"": 0.1261758953332901, ""neutral"": 0.04508422315120697, ""positive"": 0.4396990239620209, ""very positive"": 0.29556727409362793}",admiration,"{""admiration"": 0.9478908181190491}","[{""label"": ""admiration"", ""score"": 0.9478908181190491}, {""label"": ""approval"", ""score"": 0.02901063673198223}, {""label"": ""neutral"", ""score"": 0.022152459248900414}, {""label"": ""excitement"", ""score"": 0.01925773359835148}, {""label"": ""surprise"", ""score"": 0.016320671886205673}]",irony,0.9598375558853149,True,non-offensive,0.8323938250541687,False
2025-02-06,LP-IND-003,5,Best purchase I have made this year. Great value for money and excellent features.,positive,0.44873490929603577,0.5,0.5963910590069607,"{""very negative"": 0.028467901051044464, ""neutral"": 0.07443559914827347, ""positive"": 0.44873490929603577, ""very positive"": 0.40708863735198975}",admiration,"{""admiration"": 0.947281539440155}","[{""label"": ""admiration"", ""score"": 0.947281539440155}, {""label"": ""approval"", ""score"": 0.04991918429732323}, {""label"": ""gratitude"", ""score"": 0.017717011272907257}, {""label"": ""neutral"", ""score"": 0.016094906255602837}, {""label"": ""realization"", ""score"": 0.006029242649674416}]",non_irony,0.6735737919807434,False,non-offensive,0.953192949295044,False
2024-12-02,RF-IND-008,2,Amazing how they managed to make something this expensive feel this cheap. Truly impressive engineering.,positive,0.4396990239620209,0.5,0.31582474380543,"{""very negative"": 0.1261758953332901, ""neutral"": 0.04508422315120697, ""positive"": 0.4396990239620209, ""very positive"": 0.29556727409362793}",admiration,"{""admiration"": 0.9478908181190491}","[{""label"": ""admiration"", ""score"": 0.9478908181190491}, {""label"": ""approval"", ""score"": 0.02901063673198223}, {""label"": ""neutral"", ""score"": 0.022152459248900414}, {""label"": ""excitement"", ""score"": 0.01925773359835148}, {""label"": ""surprise"", ""score"": 0.016320671886205673}]",irony,0.9598375558853149,True,non-offensive,0.8323938250541687,False
2025-02-22,TV-IND-001,2,"Very noisy operation, you can hear it from across the room.",very negative,0.2273368090391159,-1.0,-0.5590371333032957,"{""very negative"": 0.2273368090391159, ""neutral"": 0.040130890905857086, ""positive"": 0.03464279696345329, ""very positive"": 0.01776937209069729}","neutral,annoyance,disgust","{""neutral"": 0.20088286697864532, ""annoyance"": 0.18471433222293854, ""disgust"": 0.029139941558241844}","[{""label"": ""neutral"", ""score"": 0.20088286697864532}, {""label"": ""annoyance"", ""score"": 0.18471433222293854}, {""label"": ""disgust"", ""score"": 0.029139941558241844}, {""label"": ""approval"", ""score"": 0.024515606462955475}, {""label"": ""anger"", ""score"": 0.023660719394683838}]",irony,0.5849149227142334,True,non-offensive,0.7706944346427917,False
2024-10-04,WM-IND-004,4,Photo quality rivals phones twice the price. Very happy with the camera.,positive,0.9200547933578491,0.5,0.4818561179793535,"{""very negative"": 0.009893827140331268, ""neutral"": 0.01960623636841774, ""positive"": 0.9200547933578491, ""very positive"": 0.03305947035551071}",joy,"{""joy"": 0.8326600790023804}","[{""label"": ""joy"", ""score"": 0.8326600790023804}, {""label"": ""admiration"", ""score"": 0.12147273868322372}, {""label"": ""approval"", ""score"": 0.08454403281211853}, {""label"": ""neutral"", ""score"": 0.041709545999765396}, {""label"": ""relief"", ""score"": 0.027668539434671402}]",non_irony,0.5060417652130127,False,non-offensive,0.9031765460968018,False
2024-12-05,RF-IND-008,5,"Screen resolution is crystal clear, perfect for streaming and gaming.",positive,0.392398476600647,0.5,0.542207413406494,"{""very negative"": 0.025593694299459457, ""neutral"": 0.16940507292747498, ""positive"": 0.392398476600647, ""very positive"": 0.38130703568458557}",approval,"{""approval"": 0.5070986747741699}","[{""label"": ""approval"", ""score"": 0.5070986747741699}, {""label"": ""neutral"", ""score"": 0.2965473234653473}, {""label"": ""admiration"", ""score"": 0.2750425338745117}, {""label"": ""realization"", ""score"": 0.009711122140288353}, {""label"": ""optimism"", ""score"": 0.009128984063863754}]",irony,0.6862936615943909,True,non-offensive,0.9093480110168457,False
2024-11-11,WM-IND-004,3,"Average performance. Some features are good, others need improvement.",positive,0.61644446849823,0.5,0.34826672452702356,"{""very negative"": 0.025447191670536995, ""neutral"": 0.1476220041513443, ""positive"": 0.61644446849823, ""very positive"": 0.021131806075572968}","approval,admiration","{""approval"": 0.6711743474006653, ""admiration"": 0.3304252624511719}","[{""label"": ""approval"", ""score"": 0.6711743474006653}, {""label"": ""admiration"", ""score"": 0.3304252624511719}, {""label"": ""neutral"", ""score"": 0.1314345896244049}, {""label"": ""optimism"", ""score"": 0.0660710483789444}, {""label"": ""realization"", ""score"": 0.028510229662060738}]",non_irony,0.9071303606033325,False,non-offensive,0.930716335773468,False
2024-10-12,MB-IND-002,2,Love the display and design but the speaker quality is terrible and overheats during gaming.,very negative,0.3773541748523712,-1.0,-0.6110164372537351,"{""very negative"": 0.3773541748523712, ""neutral"": 0.08313998579978943, ""positive"": 0.019871970638632774, ""very positive"": 0.019871970638632774}","love,disgust","{""love"": 0.410555899143219, ""disgust"": 0.3163873255252838}","[{""label"": ""love"", ""score"": 0.410555899143219}, {""label"": ""disgust"", ""score"": 0.3163873255252838}, {""label"": ""admiration"", ""score"": 0.14251857995986938}, {""label"": ""disappointment"", ""score"": 0.14123332500457764}, {""label"": ""annoyance"", ""score"": 0.09878356009721756}]",non_irony,0.6289689540863037,False,non-offensive,0.7254443764686584,False
2025-01-28,RF-IND-008,4,Best purchase I have made this year. Great value for money and excellent features.,positive,0.44873490929603577,0.5,0.5963910590069607,"{""very negative"": 0.028467901051044464, ""neutral"": 0.07443559914827347, ""positive"": 0.44873490929603577, ""very positive"": 0.40708863735198975}",admiration,"{""admiration"": 0.947281539440155}","[{""label"": ""admiration"", ""score"": 0.947281539440155}, {""label"": ""approval"", ""score"": 0.04991918429732323}, {""label"": ""gratitude"", ""score"": 0.017717011272907257}, {""label"": ""neutral"", ""score"": 0.016094906255602837}, {""label"": ""realization"", ""score"": 0.006029242649674416}]",non_irony,0.6735737919807434,False,non-offensive,0.953192949295044,False
2025-02-18,RF-IND-008,3,"Bahut achha product hai, value for money. Camera bhi bahut accha hai.",positive,0.5882152915000916,0.5,0.4220367277463888,"{""very negative"": 0.0290150735527277, ""neutral"": 0.18226198852062225, ""positive"": 0.5882152915000916, ""very positive"": 0.1714218407869339}",neutral,"{""neutral"": 0.7110043168067932}","[{""label"": ""neutral"", ""score"": 0.7110043168067932}, {""label"": ""approval"", ""score"": 0.15353593230247498}, {""label"": ""admiration"", ""score"": 0.0266432985663414}, {""label"": ""amusement"", ""score"": 0.018048683181405067}, {""label"": ""joy"", ""score"": 0.013174094259738922}]",non_irony,0.8170913457870483,False,non-offensive,0.7812522053718567,False
2024-10-26,HP-IND-006,4,Customer service was amazing. They resolved my query within minutes.,positive,0.6071091294288635,0.5,0.5974647468222958,"{""very negative"": 0.017765464261174202, ""neutral"": 0.03513293340802193, ""positive"": 0.6071091294288635, ""very positive"": 0.31808170676231384}",admiration,"{""admiration"": 0.9301038980484009}","[{""label"": ""admiration"", ""score"": 0.9301038980484009}, {""label"": ""approval"", ""score"": 0.06624912470579147}, {""label"": ""neutral"", ""score"": 0.026406768709421158}, {""label"": ""excitement"", ""score"": 0.022681886330246925}, {""label"": ""joy"", ""score"": 0.018670279532670975}]",irony,0.8352649807929993,True,non-offensive,0.9490030407905579,False
2025-03-10,TB-IND-007,3,"Average performance. Some features are good, others need improvement.",positive,0.61644446849823,0.5,0.34826672452702356,"{""very negative"": 0.025447191670536995, ""neutral"": 0.1476220041513443, ""positive"": 0.61644446849823, ""very positive"": 0.021131806075572968}","approval,admiration","{""approval"": 0.6711743474006653, ""admiration"": 0.3304252624511719}","[{""label"": ""approval"", ""score"": 0.6711743474006653}, {""label"": ""admiration"", ""score"": 0.3304252624511719}, {""label"": ""neutral"", ""score"": 0.1314345896244049}, {""label"": ""optimism"", ""score"": 0.0660710483789444}, {""label"": ""realization"", ""score"": 0.028510229662060738}]",non_irony,0.9071303606033325,False,non-offensive,0.930716335773468,False
2025-03-09,RF-IND-008,3,Product is fine for basic use but power users might find it limiting.,neutral,0.2278260439634323,0.0,0.13598060049171318,"{""very negative"": 0.017182493582367897, ""neutral"": 0.2278260439634323, ""positive"": 0.11778126657009125, ""very positive"": 0.021471703425049782}","neutral,approval","{""neutral"": 0.6480686068534851, ""approval"": 0.39360511302948}","[{""label"": ""neutral"", ""score"": 0.6480686068534851}, {""label"": ""approval"", ""score"": 0.39360511302948}, {""label"": ""realization"", ""score"": 0.027473531663417816}, {""label"": ""optimism"", ""score"": 0.021502286195755005}, {""label"": ""disapproval"", ""score"": 0.013942357152700424}]",non_irony,0.6216647624969482,False,non-offensive,0.8438470363616943,False
2024-10-08,TV-IND-001,1,"Oh great, another product that breaks right after warranty expires. How convenient!",very negative,0.13526460528373718,-1.0,-0.5038809908315215,"{""very negative"": 0.13526460528373718, ""neutral"": 0.01894294284284115, ""positive"": 0.02767418511211872, ""very positive"": 0.019453536719083786}",admiration,"{""admiration"": 0.8009824156761169}","[{""label"": ""admiration"", ""score"": 0.8009824156761169}, {""label"": ""approval"", ""score"": 0.10055772960186005}, {""label"": ""disappointment"", ""score"": 0.08632303029298782}, {""label"": ""realization"", ""score"": 0.04643560200929642}, {""label"": ""neutral"", ""score"": 0.027577385306358337}]",irony,0.9890222549438477,True,non-offensive,0.8594326972961426,False
2024-10-06,TB-IND-007,4,Energy efficient and very quiet operation. Highly recommend!,positive,0.7586772441864014,0.5,0.5307734316802475,"{""very negative"": 0.016845209524035454, ""neutral"": 0.03081432357430458, ""positive"": 0.7586772441864014, ""very positive"": 0.17657209932804108}",admiration,"{""admiration"": 0.8203734159469604}","[{""label"": ""admiration"", ""score"": 0.8203734159469604}, {""label"": ""approval"", ""score"": 0.24129898846149445}, {""label"": ""gratitude"", ""score"": 0.08020996302366257}, {""label"": ""neutral"", ""score"": 0.031993474811315536}, {""label"": ""optimism"", ""score"": 0.015411066822707653}]",non_irony,0.5187515020370483,False,non-offensive,0.9350569248199463,False
2024-10-04,AC-IND-005,5,Energy efficient and very quiet operation. Highly recommend!,positive,0.7586772441864014,0.5,0.5307734316802475,"{""very negative"": 0.016845209524035454, ""neutral"": 0.03081432357430458, ""positive"": 0.7586772441864014, ""very positive"": 0.17657209932804108}",admiration,"{""admiration"": 0.8203734159469604}","[{""label"": ""admiration"", ""score"": 0.8203734159469604}, {""label"": ""approval"", ""score"": 0.24129898846149445}, {""label"": ""gratitude"", ""score"": 0.08020996302366257}, {""label"": ""neutral"", ""score"": 0.031993474811315536}, {""label"": ""optimism"", ""score"": 0.015411066822707653}]",non_irony,0.5187515020370483,False,non-offensive,0.9350569248199463,False
2024-11-09,TB-IND-007,4,"Fast delivery, great packaging, and the product works flawlessly.",positive,0.6741796135902405,0.5,0.5512896068214521,"{""very negative"": 0.01956154778599739, ""neutral"": 0.04252088442444801, ""positive"": 0.6741796135902405, ""very positive"": 0.24276283383369446}",admiration,"{""admiration"": 0.9123939275741577}","[{""label"": ""admiration"", ""score"": 0.9123939275741577}, {""label"": ""approval"", ""score"": 0.11531123518943787}, {""label"": ""neutral"", ""score"": 0.05167611688375473}, {""label"": ""gratitude"", ""score"": 0.016645468771457672}, {""label"": ""realization"", ""score"": 0.009102078154683113}]",irony,0.6614562273025513,True,non-offensive,0.9098259210586548,False
2024-10-26,LP-IND-003,3,Packaging was good but product is just average in terms of quality.,neutral,0.22643636167049408,0.0,0.02154465263355148,"{""very negative"": 0.020769914612174034, ""neutral"": 0.22643636167049408, ""positive"": 0.03994236886501312, ""very positive"": 0.018210014328360558}","disappointment,admiration","{""disappointment"": 0.35051408410072327, ""admiration"": 0.31660306453704834}","[{""label"": ""disappointment"", ""score"": 0.35051408410072327}, {""label"": ""admiration"", ""score"": 0.31660306453704834}, {""label"": ""disapproval"", ""score"": 0.20833034813404083}, {""label"": ""approval"", ""score"": 0.14557017385959625}, {""label"": ""neutral"", ""score"": 0.10623263567686081}]",non_irony,0.5526584982872009,False,non-offensive,0.8434349298477173,False
2025-03-13,MB-IND-002,3,It is an acceptable product. Neither great nor terrible overall.,neutral,0.6794472932815552,0.0,0.11969010975899572,"{""very negative"": 0.021728726103901863, ""neutral"": 0.6794472932815552, ""positive"": 0.24736584722995758, ""very positive"": 0.028446754440665245}",approval,"{""approval"": 0.8612683415412903}","[{""label"": ""approval"", ""score"": 0.8612683415412903}, {""label"": ""admiration"", ""score"": 0.13370481133460999}, {""label"": ""neutral"", ""score"": 0.05180679261684418}, {""label"": ""disapproval"", ""score"": 0.02096419222652912}, {""label"": ""realization"", ""score"": 0.014821445569396019}]",non_irony,0.9514107704162598,False,non-offensive,0.8791451454162598,False
2024-11-04,HP-IND-006,3,It is okay. Works as expected but nothing special compared to competitors.,positive,0.4286438226699829,0.5,0.3626781987528287,"{""very negative"": 0.015589638613164425, ""neutral"": 0.0978032648563385, ""positive"": 0.4286438226699829, ""very positive"": 0.017732756212353706}",approval,"{""approval"": 0.8651418089866638}","[{""label"": ""approval"", ""score"": 0.8651418089866638}, {""label"": ""neutral"", ""score"": 0.11388786137104034}, {""label"": ""realization"", ""score"": 0.024218831211328506}, {""label"": ""optimism"", ""score"": 0.014182043261826038}, {""label"": ""annoyance"", ""score"": 0.013593513518571854}]",non_irony,0.8429244756698608,False,non-offensive,0.9375155568122864,False
2024-10-27,TB-IND-007,3,Mixed feelings about this. Good hardware but software needs work.,neutral,0.3529156744480133,0.0,-0.0007012398408806531,"{""very negative"": 0.02983071096241474, ""neutral"": 0.3529156744480133, ""positive"": 0.04370034858584404, ""very positive"": 0.022560112178325653}","approval,admiration","{""approval"": 0.6612764596939087, ""admiration"": 0.3483160436153412}","[{""label"": ""approval"", ""score"": 0.6612764596939087}, {""label"": ""admiration"", ""score"": 0.3483160436153412}, {""label"": ""love"", ""score"": 0.05935299023985863}, {""label"": ""neutral"", ""score"": 0.03666551783680916}, {""label"": ""confusion"", ""score"": 0.03289495036005974}]",non_irony,0.8888905644416809,False,non-offensive,0.8927906155586243,False
2025-01-09,HP-IND-006,4,"The camera quality is outstanding, perfect for everyday photography.",positive,0.4490591287612915,0.5,0.6009954280279384,"{""very negative"": 0.025144625455141068, ""neutral"": 0.08400725573301315, ""positive"": 0.4490591287612915, ""very positive"": 0.41047510504722595}",admiration,"{""admiration"": 0.9424173831939697}","[{""label"": ""admiration"", ""score"": 0.9424173831939697}, {""label"": ""approval"", ""score"": 0.058339230716228485}, {""label"": ""neutral"", ""score"": 0.0315530002117157}, {""label"": ""gratitude"", ""score"": 0.010911427438259125}, {""label"": ""realization"", ""score"": 0.006474080961197615}]",irony,0.561927080154419,True,non-offensive,0.924063503742218,False
2025-01-01,MB-IND-002,1,Software is buggy and crashes frequently. Needs serious updates.,very negative,0.16292156279087067,-1.0,-0.549398270482279,"{""very negative"": 0.16292156279087067, ""neutral"": 0.038247622549533844, ""positive"": 0.017066175118088722, ""very positive"": 0.017066175118088722}",annoyance,"{""annoyance"": 0.35407698154449463}","[{""label"": ""annoyance"", ""score"": 0.35407698154449463}, {""label"": ""disappointment"", ""score"": 0.2594839036464691}, {""label"": ""neutral"", ""score"": 0.24903368949890137}, {""label"": ""disapproval"", ""score"": 0.0876527801156044}, {""label"": ""approval"", ""score"": 0.08709853142499924}]",non_irony,0.9079406261444092,False,non-offensive,0.7005749940872192,False
2024-11-22,TB-IND-007,4,Photo quality rivals phones twice the price. Very happy with the camera.,positive,0.9200547933578491,0.5,0.4818561179793535,"{""very negative"": 0.009893827140331268, ""neutral"": 0.01960623636841774, ""positive"": 0.9200547933578491, ""very positive"": 0.03305947035551071}",joy,"{""joy"": 0.8326600790023804}","[{""label"": ""joy"", ""score"": 0.8326600790023804}, {""label"": ""admiration"", ""score"": 0.12147273868322372}, {""label"": ""approval"", ""score"": 0.08454403281211853}, {""label"": ""neutral"", ""score"": 0.041709545999765396}, {""label"": ""relief"", ""score"": 0.027668539434671402}]",non_irony,0.5060417652130127,False,non-offensive,0.9031765460968018,False
2024-11-10,LP-IND-003,4,Excellent cooling performance even during peak summer. Very satisfied.,positive,0.7707273960113525,0.5,0.5362639801740339,"{""very negative"": 0.014967979863286018, ""neutral"": 0.02442777529358864, ""positive"": 0.7707273960113525, ""very positive"": 0.17155218124389648}",admiration,"{""admiration"": 0.9331638216972351}","[{""label"": ""admiration"", ""score"": 0.9331638216972351}, {""label"": ""approval"", ""score"": 0.07154010981321335}, {""label"": ""gratitude"", ""score"": 0.04528460651636124}, {""label"": ""neutral"", ""score"": 0.019264668226242065}, {""label"": ""joy"", ""score"": 0.010110114701092243}]",non_irony,0.602388322353363,False,non-offensive,0.9177484512329102,False
2025-01-31,HP-IND-006,2,I just love paying premium prices for something that works half the time. Wonderful!,positive,0.4681796431541443,0.5,0.3093943984333868,"{""very negative"": 0.08025987446308136, ""neutral"": 0.054569948464632034, ""positive"": 0.4681796431541443, ""very positive"": 0.14146959781646729}","love,admiration","{""love"": 0.9180864095687866, ""admiration"": 0.30730876326560974}","[{""label"": ""love"", ""score"": 0.9180864095687866}, {""label"": ""admiration"", ""score"": 0.30730876326560974}, {""label"": ""joy"", ""score"": 0.07236479967832565}, {""label"": ""approval"", ""score"": 0.03508445620536804}, {""label"": ""excitement"", ""score"": 0.01018813531845808}]",irony,0.9883338212966919,True,non-offensive,0.9597514867782593,False
2025-03-02,AC-IND-005,5,"Durability is impressive, been using for 6 months with zero issues.",positive,0.8207300305366516,0.5,0.47055570951936276,"{""very negative"": 0.01670188084244728, ""neutral"": 0.05924329534173012, ""positive"": 0.8207300305366516, ""very positive"": 0.0840175449848175}",admiration,"{""admiration"": 0.901075005531311}","[{""label"": ""admiration"", ""score"": 0.901075005531311}, {""label"": ""approval"", ""score"": 0.09503141790628433}, {""label"": ""neutral"", ""score"": 0.046847887337207794}, {""label"": ""realization"", ""score"": 0.013351649045944214}, {""label"": ""gratitude"", ""score"": 0.0120680071413517}]",irony,0.8547757267951965,True,non-offensive,0.930757999420166,False
2025-02-06,RF-IND-008,3,It is an acceptable product. Neither great nor terrible overall.,neutral,0.6794472932815552,0.0,0.11969010975899572,"{""very negative"": 0.021728726103901863, ""neutral"": 0.6794472932815552, ""positive"": 0.24736584722995758, ""very positive"": 0.028446754440665245}",approval,"{""approval"": 0.8612683415412903}","[{""label"": ""approval"", ""score"": 0.8612683415412903}, {""label"": ""admiration"", ""score"": 0.13370481133460999}, {""label"": ""neutral"", ""score"": 0.05180679261684418}, {""label"": ""disapproval"", ""score"": 0.02096419222652912}, {""label"": ""realization"", ""score"": 0.014821445569396019}]",non_irony,0.9514107704162598,False,non-offensive,0.8791451454162598,False
2024-10-28,WM-IND-004,4,The camera is absolutely stunning but the battery life is a real letdown. Screen quality is decent though.,very negative,0.10432986915111542,-1.0,-0.45428586728316794,"{""very negative"": 0.10432986915111542, ""neutral"": 0.04633806273341179, ""positive"": 0.020227625966072083, ""very positive"": 0.014680723659694195}","admiration,disappointment","{""admiration"": 0.7581881284713745, ""disappointment"": 0.40491002798080444}","[{""label"": ""admiration"", ""score"": 0.7581881284713745}, {""label"": ""disappointment"", ""score"": 0.40491002798080444}, {""label"": ""disapproval"", ""score"": 0.04816196858882904}, {""label"": ""annoyance"", ""score"": 0.04007705673575401}, {""label"": ""sadness"", ""score"": 0.03249528631567955}]",non_irony,0.7837050557136536,False,non-offensive,0.8634015321731567,False
2024-10-08,TB-IND-007,2,Customer service is non-existent. Been waiting 3 weeks for a response.,very negative,0.4578317105770111,-1.0,-0.579201002717572,"{""very negative"": 0.4578317105770111, ""neutral"": 0.15317650139331818, ""positive"": 0.025456801056861877, ""very positive"": 0.025456801056861877}","disappointment,annoyance","{""disappointment"": 0.5341309905052185, ""annoyance"": 0.31432658433914185}","[{""label"": ""disappointment"", ""score"": 0.5341309905052185}, {""label"": ""annoyance"", ""score"": 0.31432658433914185}, {""label"": ""neutral"", ""score"": 0.20545412600040436}, {""label"": ""disapproval"", ""score"": 0.15114009380340576}, {""label"": ""sadness"", ""score"": 0.023914506658911705}]",non_irony,0.6569333672523499,False,non-offensive,0.8544687032699585,False
2025-02-17,AC-IND-005,2,"Produit moyen, rien de special. Correct pour le prix.",neutral,0.5150242447853088,0.0,-0.05506495812182074,"{""very negative"": 0.06442885845899582, ""neutral"": 0.5150242447853088, ""positive"": 0.053058139979839325, ""very positive"": 0.03008083999156952}","neutral,approval","{""neutral"": 0.7311878800392151, ""approval"": 0.37109485268592834}","[{""label"": ""neutral"", ""score"": 0.7311878800392151}, {""label"": ""approval"", ""score"": 0.37109485268592834}, {""label"": ""realization"", ""score"": 0.009801529347896576}, {""label"": ""disapproval"", ""score"": 0.0073822857812047005}, {""label"": ""optimism"", ""score"": 0.0072937230579555035}]",non_irony,0.9293095469474792,False,non-offensive,0.8186534643173218,False
2025-01-02,HP-IND-006,5,Setup was a breeze. Works perfectly right out of the box.,positive,0.7648035287857056,0.5,0.47922752030908433,"{""very negative"": 0.018615633249282837, ""neutral"": 0.0714670941233635, ""positive"": 0.7648035287857056, ""very positive"": 0.12313982099294662}",approval,"{""approval"": 0.4734435975551605}","[{""label"": ""approval"", ""score"": 0.4734435975551605}, {""label"": ""neutral"", ""score"": 0.22926150262355804}, {""label"": ""admiration"", ""score"": 0.15972226858139038}, {""label"": ""joy"", ""score"": 0.12473662942647934}, {""label"": ""realization"", ""score"": 0.03085273876786232}]",non_irony,0.7767495512962341,False,non-offensive,0.8942966461181641,False
2025-01-10,RF-IND-008,3,It is okay. Works as expected but nothing special compared to competitors.,positive,0.4286438226699829,0.5,0.3626781987528287,"{""very negative"": 0.015589638613164425, ""neutral"": 0.0978032648563385, ""positive"": 0.4286438226699829, ""very positive"": 0.017732756212353706}",approval,"{""approval"": 0.8651418089866638}","[{""label"": ""approval"", ""score"": 0.8651418089866638}, {""label"": ""neutral"", ""score"": 0.11388786137104034}, {""label"": ""realization"", ""score"": 0.024218831211328506}, {""label"": ""optimism"", ""score"": 0.014182043261826038}, {""label"": ""annoyance"", ""score"": 0.013593513518571854}]",non_irony,0.8429244756698608,False,non-offensive,0.9375155568122864,False
2025-01-17,LP-IND-003,4,Absolutely love this product! The build quality is exceptional and performance exceeds expectations.,positive,0.7471796870231628,0.5,0.7025448596220167,"{""very negative"": 0.015530555509030819, ""neutral"": 0.036719899624586105, ""positive"": 0.7471796870231628, ""very positive"": 0.7471796870231628}","admiration,love","{""admiration"": 0.8205865025520325, ""love"": 0.7115253806114197}","[{""label"": ""admiration"", ""score"": 0.8205865025520325}, {""label"": ""love"", ""score"": 0.7115253806114197}, {""label"": ""approval"", ""score"": 0.04455780237913132}, {""label"": ""gratitude"", ""score"": 0.016261670738458633}, {""label"": ""optimism"", ""score"": 0.009366675280034542}]",non_irony,0.8729540109634399,False,non-offensive,0.9555073380470276,False
2024-11-03,WM-IND-004,1,Amazing how they managed to make something this expensive feel this cheap. Truly impressive engineering.,positive,0.4396990239620209,0.5,0.31582474380543,"{""very negative"": 0.1261758953332901, ""neutral"": 0.04508422315120697, ""positive"": 0.4396990239620209, ""very positive"": 0.29556727409362793}",admiration,"{""admiration"": 0.9478908181190491}","[{""label"": ""admiration"", ""score"": 0.9478908181190491}, {""label"": ""approval"", ""score"": 0.02901063673198223}, {""label"": ""neutral"", ""score"": 0.022152459248900414}, {""label"": ""excitement"", ""score"": 0.01925773359835148}, {""label"": ""surprise"", ""score"": 0.016320671886205673}]",irony,0.9598375558853149,True,non-offensive,0.8323938250541687,False
2025-01-23,RF-IND-008,5,Photo quality rivals phones twice the price. Very happy with the camera.,positive,0.9200547933578491,0.5,0.4818561179793535,"{""very negative"": 0.009893827140331268, ""neutral"": 0.01960623636841774, ""positive"": 0.9200547933578491, ""very positive"": 0.03305947035551071}",joy,"{""joy"": 0.8326600790023804}","[{""label"": ""joy"", ""score"": 0.8326600790023804}, {""label"": ""admiration"", ""score"": 0.12147273868322372}, {""label"": ""approval"", ""score"": 0.08454403281211853}, {""label"": ""neutral"", ""score"": 0.041709545999765396}, {""label"": ""relief"", ""score"": 0.027668539434671402}]",non_irony,0.5060417652130127,False,non-offensive,0.9031765460968018,False
2024-11-30,MB-IND-002,5,"Sound quality is phenomenal, crisp highs and deep bass. Worth every penny.",positive,0.49539729952812195,0.5,0.6590491162612364,"{""very negative"": 0.019894424825906754, ""neutral"": 0.05166413262486458, ""positive"": 0.49539729952812195, ""very positive"": 0.49539729952812195}",admiration,"{""admiration"": 0.9490026235580444}","[{""label"": ""admiration"", ""score"": 0.9490026235580444}, {""label"": ""approval"", ""score"": 0.04883971065282822}, {""label"": ""neutral"", ""score"": 0.030404893681406975}, {""label"": ""gratitude"", ""score"": 0.010029646568000317}, {""label"": ""disapproval"", ""score"": 0.006704993546009064}]",non_irony,0.7751739025115967,False,non-offensive,0.8951526284217834,False
2024-12-13,HP-IND-006,2,After 3 months the motor started making grinding noises. Poor quality.,very negative,0.21506524085998535,-1.0,-0.5608611558829494,"{""very negative"": 0.21506524085998535, ""neutral"": 0.06599922478199005, ""positive"": 0.018860796466469765, ""very positive"": 0.0155870970338583}","disappointment,neutral","{""disappointment"": 0.5225762724876404, ""neutral"": 0.32229286432266235}","[{""label"": ""disappointment"", ""score"": 0.5225762724876404}, {""label"": ""neutral"", ""score"": 0.32229286432266235}, {""label"": ""annoyance"", ""score"": 0.204111248254776}, {""label"": ""sadness"", ""score"": 0.08719734847545624}, {""label"": ""disapproval"", ""score"": 0.04562728479504585}]",non_irony,0.6407272219657898,False,non-offensive,0.7529452443122864,False
2024-12-02,MB-IND-002,4,"Excellent sound quality and comfortable fit, but the ANC could be much stronger for the price.",positive,0.15356729924678802,0.5,0.3086620512949099,"{""very negative"": 0.012060086242854595, ""neutral"": 0.07317974418401718, ""positive"": 0.15356729924678802, ""very positive"": 0.027106380090117455}",admiration,"{""admiration"": 0.9374375939369202}","[{""label"": ""admiration"", ""score"": 0.9374375939369202}, {""label"": ""approval"", ""score"": 0.089204341173172}, {""label"": ""neutral"", ""score"": 0.03402496129274368}, {""label"": ""optimism"", ""score"": 0.025380540639162064}, {""label"": ""gratitude"", ""score"": 0.018238363787531853}]",non_irony,0.9199045896530151,False,non-offensive,0.8908013105392456,False
2025-03-12,TB-IND-007,3,Mixed feelings about this. Good hardware but software needs work.,neutral,0.3529156744480133,0.0,-0.0007012398408806531,"{""very negative"": 0.02983071096241474, ""neutral"": 0.3529156744480133, ""positive"": 0.04370034858584404, ""very positive"": 0.022560112178325653}","approval,admiration","{""approval"": 0.6612764596939087, ""admiration"": 0.3483160436153412}","[{""label"": ""approval"", ""score"": 0.6612764596939087}, {""label"": ""admiration"", ""score"": 0.3483160436153412}, {""label"": ""love"", ""score"": 0.05935299023985863}, {""label"": ""neutral"", ""score"": 0.03666551783680916}, {""label"": ""confusion"", ""score"": 0.03289495036005974}]",non_irony,0.8888905644416809,False,non-offensive,0.8927906155586243,False
2024-11-16,MB-IND-002,4,"Fast delivery, great packaging, and the product works flawlessly.",positive,0.6741796135902405,0.5,0.5512896068214521,"{""very negative"": 0.01956154778599739, ""neutral"": 0.04252088442444801, ""positive"": 0.6741796135902405, ""very positive"": 0.24276283383369446}",admiration,"{""admiration"": 0.9123939275741577}","[{""label"": ""admiration"", ""score"": 0.9123939275741577}, {""label"": ""approval"", ""score"": 0.11531123518943787}, {""label"": ""neutral"", ""score"": 0.05167611688375473}, {""label"": ""gratitude"", ""score"": 0.016645468771457672}, {""label"": ""realization"", ""score"": 0.009102078154683113}]",irony,0.6614562273025513,True,non-offensive,0.9098259210586548,False
2024-12-19,TV-IND-001,2,The camera is absolutely stunning but the battery life is a real letdown. Screen quality is decent though.,very negative,0.10432986915111542,-1.0,-0.45428586728316794,"{""very negative"": 0.10432986915111542, ""neutral"": 0.04633806273341179, ""positive"": 0.020227625966072083, ""very positive"": 0.014680723659694195}","admiration,disappointment","{""admiration"": 0.7581881284713745, ""disappointment"": 0.40491002798080444}","[{""label"": ""admiration"", ""score"": 0.7581881284713745}, {""label"": ""disappointment"", ""score"": 0.40491002798080444}, {""label"": ""disapproval"", ""score"": 0.04816196858882904}, {""label"": ""annoyance"", ""score"": 0.04007705673575401}, {""label"": ""sadness"", ""score"": 0.03249528631567955}]",non_irony,0.7837050557136536,False,non-offensive,0.8634015321731567,False
2025-02-26,TV-IND-001,1,Bluetooth connectivity drops every few minutes. Extremely frustrating.,very negative,0.6028462648391724,-1.0,-0.6743283178692285,"{""very negative"": 0.6028462648391724, ""neutral"": 0.050933293998241425, ""positive"": 0.02046809531748295, ""very positive"": 0.019622648134827614}",annoyance,"{""annoyance"": 0.755325436592102}","[{""label"": ""annoyance"", ""score"": 0.755325436592102}, {""label"": ""anger"", ""score"": 0.23799586296081543}, {""label"": ""neutral"", ""score"": 0.06979986280202866}, {""label"": ""disappointment"", ""score"": 0.05000713840126991}, {""label"": ""disapproval"", ""score"": 0.037070609629154205}]",irony,0.6903656721115112,True,non-offensive,0.7488885521888733,False
2024-11-30,AC-IND-005,3,Product is fine for basic use but power users might find it limiting.,neutral,0.2278260439634323,0.0,0.13598060049171318,"{""very negative"": 0.017182493582367897, ""neutral"": 0.2278260439634323, ""positive"": 0.11778126657009125, ""very positive"": 0.021471703425049782}","neutral,approval","{""neutral"": 0.6480686068534851, ""approval"": 0.39360511302948}","[{""label"": ""neutral"", ""score"": 0.6480686068534851}, {""label"": ""approval"", ""score"": 0.39360511302948}, {""label"": ""realization"", ""score"": 0.027473531663417816}, {""label"": ""optimism"", ""score"": 0.021502286195755005}, {""label"": ""disapproval"", ""score"": 0.013942357152700424}]",non_irony,0.6216647624969482,False,non-offensive,0.8438470363616943,False
2024-10-08,AC-IND-005,2,Sound quality is tinny and distorted at higher volumes. Not acceptable.,very negative,0.12479760497808456,-1.0,-0.493778516965209,"{""very negative"": 0.12479760497808456, ""neutral"": 0.04836035519838333, ""positive"": 0.01610911823809147, ""very positive"": 0.01610911823809147}",disapproval,"{""disapproval"": 0.7381646633148193}","[{""label"": ""disapproval"", ""score"": 0.7381646633148193}, {""label"": ""annoyance"", ""score"": 0.21084058284759521}, {""label"": ""neutral"", ""score"": 0.112130306661129}, {""label"": ""disappointment"", ""score"": 0.06412441283464432}, {""label"": ""approval"", ""score"": 0.023751674219965935}]",non_irony,0.9257212281227112,False,non-offensive,0.7237016558647156,False
2024-11-04,TB-IND-007,2,Terrible experience. Product stopped working within a week of purchase.,very negative,0.49440306425094604,-1.0,-0.6392283390705386,"{""very negative"": 0.49440306425094604, ""neutral"": 0.08719932287931442, ""positive"": 0.01936017908155918, ""very positive"": 0.01936017908155918}",sadness,"{""sadness"": 0.39730533957481384}","[{""label"": ""sadness"", ""score"": 0.39730533957481384}, {""label"": ""fear"", ""score"": 0.2838751971721649}, {""label"": ""disappointment"", ""score"": 0.2159164994955063}, {""label"": ""nervousness"", ""score"": 0.041859596967697144}, {""label"": ""annoyance"", ""score"": 0.027089202776551247}]",non_irony,0.8665359616279602,False,non-offensive,0.810444176197052,False
2024-11-07,HP-IND-006,3,"Bahut achha product hai, value for money. Camera bhi bahut accha hai.",positive,0.5882152915000916,0.5,0.4220367277463888,"{""very negative"": 0.0290150735527277, ""neutral"": 0.18226198852062225, ""positive"": 0.5882152915000916, ""very positive"": 0.1714218407869339}",neutral,"{""neutral"": 0.7110043168067932}","[{""label"": ""neutral"", ""score"": 0.7110043168067932}, {""label"": ""approval"", ""score"": 0.15353593230247498}, {""label"": ""admiration"", ""score"": 0.0266432985663414}, {""label"": ""amusement"", ""score"": 0.018048683181405067}, {""label"": ""joy"", ""score"": 0.013174094259738922}]",non_irony,0.8170913457870483,False,non-offensive,0.7812522053718567,False
2024-11-26,AC-IND-005,4,"Performance is blazing fast and battery lasts all day, but the camera struggles in low light.",neutral,0.22503750026226044,0.0,0.04969891873383892,"{""very negative"": 0.02442760020494461, ""neutral"": 0.22503750026226044, ""positive"": 0.07423778623342514, ""very positive"": 0.017704090103507042}","neutral,admiration","{""neutral"": 0.5054706335067749, ""admiration"": 0.3082411289215088}","[{""label"": ""neutral"", ""score"": 0.5054706335067749}, {""label"": ""admiration"", ""score"": 0.3082411289215088}, {""label"": ""approval"", ""score"": 0.08437317609786987}, {""label"": ""disappointment"", ""score"": 0.061942923814058304}, {""label"": ""realization"", ""score"": 0.027526095509529114}]",non_irony,0.705230712890625,False,non-offensive,0.8822543025016785,False
2025-02-11,TV-IND-001,3,"Excelente producto, muy buena calidad y buen precio. Totalmente recomendado.",positive,0.5041067004203796,0.5,0.6816197815857253,"{""very negative"": 0.020635204389691353, ""neutral"": 0.014463076367974281, ""positive"": 0.5041067004203796, ""very positive"": 0.5041067004203796}",neutral,"{""neutral"": 0.6544529795646667}","[{""label"": ""neutral"", ""score"": 0.6544529795646667}, {""label"": ""admiration"", ""score"": 0.23028439283370972}, {""label"": ""approval"", ""score"": 0.12289128452539444}, {""label"": ""disapproval"", ""score"": 0.007028191816061735}, {""label"": ""realization"", ""score"": 0.0057449983432888985}]",non_irony,0.9285407662391663,False,non-offensive,0.7380510568618774,False
2024-11-17,TB-IND-007,5,The smart features are intuitive and the app integration works seamlessly.,positive,0.8389089703559875,0.5,0.49421363552263087,"{""very negative"": 0.015078968368470669, ""neutral"": 0.0321933850646019, ""positive"": 0.8389089703559875, ""very positive"": 0.09604666382074356}",approval,"{""approval"": 0.7188327312469482}","[{""label"": ""approval"", ""score"": 0.7188327312469482}, {""label"": ""neutral"", ""score"": 0.23967300355434418}, {""label"": ""admiration"", ""score"": 0.1221417710185051}, {""label"": ""realization"", ""score"": 0.02103411592543125}, {""label"": ""optimism"", ""score"": 0.010465051047503948}]",irony,0.6668115258216858,True,non-offensive,0.9256442189216614,False
2024-12-16,LP-IND-003,3,Product is fine for basic use but power users might find it limiting.,neutral,0.2278260439634323,0.0,0.13598060049171318,"{""very negative"": 0.017182493582367897, ""neutral"": 0.2278260439634323, ""positive"": 0.11778126657009125, ""very positive"": 0.021471703425049782}","neutral,approval","{""neutral"": 0.6480686068534851, ""approval"": 0.39360511302948}","[{""label"": ""neutral"", ""score"": 0.6480686068534851}, {""label"": ""approval"", ""score"": 0.39360511302948}, {""label"": ""realization"", ""score"": 0.027473531663417816}, {""label"": ""optimism"", ""score"": 0.021502286195755005}, {""label"": ""disapproval"", ""score"": 0.013942357152700424}]",non_irony,0.6216647624969482,False,non-offensive,0.8438470363616943,False
2025-01-10,TB-IND-007,5,Customer service was amazing. They resolved my query within minutes.,positive,0.6071091294288635,0.5,0.5974647468222958,"{""very negative"": 0.017765464261174202, ""neutral"": 0.03513293340802193, ""positive"": 0.6071091294288635, ""very positive"": 0.31808170676231384}",admiration,"{""admiration"": 0.9301038980484009}","[{""label"": ""admiration"", ""score"": 0.9301038980484009}, {""label"": ""approval"", ""score"": 0.06624912470579147}, {""label"": ""neutral"", ""score"": 0.026406768709421158}, {""label"": ""excitement"", ""score"": 0.022681886330246925}, {""label"": ""joy"", ""score"": 0.018670279532670975}]",irony,0.8352649807929993,True,non-offensive,0.9490030407905579,False
2024-10-10,WM-IND-004,2,Terrible experience. Product stopped working within a week of purchase.,very negative,0.49440306425094604,-1.0,-0.6392283390705386,"{""very negative"": 0.49440306425094604, ""neutral"": 0.08719932287931442, ""positive"": 0.01936017908155918, ""very positive"": 0.01936017908155918}",sadness,"{""sadness"": 0.39730533957481384}","[{""label"": ""sadness"", ""score"": 0.39730533957481384}, {""label"": ""fear"", ""score"": 0.2838751971721649}, {""label"": ""disappointment"", ""score"": 0.2159164994955063}, {""label"": ""nervousness"", ""score"": 0.041859596967697144}, {""label"": ""annoyance"", ""score"": 0.027089202776551247}]",non_irony,0.8665359616279602,False,non-offensive,0.810444176197052,False
2024-11-28,TB-IND-007,4,Absolutely love this product! The build quality is exceptional and performance exceeds expectations.,positive,0.7471796870231628,0.5,0.7025448596220167,"{""very negative"": 0.015530555509030819, ""neutral"": 0.036719899624586105, ""positive"": 0.7471796870231628, ""very positive"": 0.7471796870231628}","admiration,love","{""admiration"": 0.8205865025520325, ""love"": 0.7115253806114197}","[{""label"": ""admiration"", ""score"": 0.8205865025520325}, {""label"": ""love"", ""score"": 0.7115253806114197}, {""label"": ""approval"", ""score"": 0.04455780237913132}, {""label"": ""gratitude"", ""score"": 0.016261670738458633}, {""label"": ""optimism"", ""score"": 0.009366675280034542}]",non_irony,0.8729540109634399,False,non-offensive,0.9555073380470276,False
2024-10-07,WM-IND-004,2,"Very noisy operation, you can hear it from across the room.",very negative,0.2273368090391159,-1.0,-0.5590371333032957,"{""very negative"": 0.2273368090391159, ""neutral"": 0.040130890905857086, ""positive"": 0.03464279696345329, ""very positive"": 0.01776937209069729}","neutral,annoyance,disgust","{""neutral"": 0.20088286697864532, ""annoyance"": 0.18471433222293854, ""disgust"": 0.029139941558241844}","[{""label"": ""neutral"", ""score"": 0.20088286697864532}, {""label"": ""annoyance"", ""score"": 0.18471433222293854}, {""label"": ""disgust"", ""score"": 0.029139941558241844}, {""label"": ""approval"", ""score"": 0.024515606462955475}, {""label"": ""anger"", ""score"": 0.023660719394683838}]",irony,0.5849149227142334,True,non-offensive,0.7706944346427917,False
2024-10-18,HP-IND-006,4,Energy efficient and very quiet operation. Highly recommend!,positive,0.7586772441864014,0.5,0.5307734316802475,"{""very negative"": 0.016845209524035454, ""neutral"": 0.03081432357430458, ""positive"": 0.7586772441864014, ""very positive"": 0.17657209932804108}",admiration,"{""admiration"": 0.8203734159469604}","[{""label"": ""admiration"", ""score"": 0.8203734159469604}, {""label"": ""approval"", ""score"": 0.24129898846149445}, {""label"": ""gratitude"", ""score"": 0.08020996302366257}, {""label"": ""neutral"", ""score"": 0.031993474811315536}, {""label"": ""optimism"", ""score"": 0.015411066822707653}]",non_irony,0.5187515020370483,False,non-offensive,0.9350569248199463,False
2024-10-16,LP-IND-003,5,The smart features are intuitive and the app integration works seamlessly.,positive,0.8389089703559875,0.5,0.49421363552263087,"{""very negative"": 0.015078968368470669, ""neutral"": 0.0321933850646019, ""positive"": 0.8389089703559875, ""very positive"": 0.09604666382074356}",approval,"{""approval"": 0.7188327312469482}","[{""label"": ""approval"", ""score"": 0.7188327312469482}, {""label"": ""neutral"", ""score"": 0.23967300355434418}, {""label"": ""admiration"", ""score"": 0.1221417710185051}, {""label"": ""realization"", ""score"": 0.02103411592543125}, {""label"": ""optimism"", ""score"": 0.010465051047503948}]",irony,0.6668115258216858,True,non-offensive,0.9256442189216614,False
2024-11-24,LP-IND-003,3,Love the display and design but the speaker quality is terrible and overheats during gaming.,very negative,0.3773541748523712,-1.0,-0.6110164372537351,"{""very negative"": 0.3773541748523712, ""neutral"": 0.08313998579978943, ""positive"": 0.019871970638632774, ""very positive"": 0.019871970638632774}","love,disgust","{""love"": 0.410555899143219, ""disgust"": 0.3163873255252838}","[{""label"": ""love"", ""score"": 0.410555899143219}, {""label"": ""disgust"", ""score"": 0.3163873255252838}, {""label"": ""admiration"", ""score"": 0.14251857995986938}, {""label"": ""disappointment"", ""score"": 0.14123332500457764}, {""label"": ""annoyance"", ""score"": 0.09878356009721756}]",non_irony,0.6289689540863037,False,non-offensive,0.7254443764686584,False
2024-10-01,TV-IND-001,3,Decent product for the price. Nothing extraordinary but gets the job done.,positive,0.9262930154800415,0.5,0.4699002944402194,"{""very negative"": 0.008937007747590542, ""neutral"": 0.029806025326251984, ""positive"": 0.9262930154800415, ""very positive"": 0.014957997016608715}",admiration,"{""admiration"": 0.8266987204551697}","[{""label"": ""admiration"", ""score"": 0.8266987204551697}, {""label"": ""approval"", ""score"": 0.24115855991840363}, {""label"": ""neutral"", ""score"": 0.08824765682220459}, {""label"": ""realization"", ""score"": 0.015828154981136322}, {""label"": ""gratitude"", ""score"": 0.015294903889298439}]",non_irony,0.8037245869636536,False,non-offensive,0.9300389289855957,False
2024-10-29,LP-IND-003,3,Decent product for the price. Nothing extraordinary but gets the job done.,positive,0.9262930154800415,0.5,0.4699002944402194,"{""very negative"": 0.008937007747590542, ""neutral"": 0.029806025326251984, ""positive"": 0.9262930154800415, ""very positive"": 0.014957997016608715}",admiration,"{""admiration"": 0.8266987204551697}","[{""label"": ""admiration"", ""score"": 0.8266987204551697}, {""label"": ""approval"", ""score"": 0.24115855991840363}, {""label"": ""neutral"", ""score"": 0.08824765682220459}, {""label"": ""realization"", ""score"": 0.015828154981136322}, {""label"": ""gratitude"", ""score"": 0.015294903889298439}]",non_irony,0.8037245869636536,False,non-offensive,0.9300389289855957,False
2025-01-03,RF-IND-008,2,The promised features do not work as advertised. False marketing.,very negative,0.11003702878952026,-1.0,-0.4876406735014096,"{""very negative"": 0.11003702878952026, ""neutral"": 0.03954793140292168, ""positive"": 0.016627198085188866, ""very positive"": 0.014809762127697468}",disapproval,"{""disapproval"": 0.7108097076416016}","[{""label"": ""disapproval"", ""score"": 0.7108097076416016}, {""label"": ""disappointment"", ""score"": 0.235524520277977}, {""label"": ""annoyance"", ""score"": 0.2101682424545288}, {""label"": ""neutral"", ""score"": 0.11439910531044006}, {""label"": ""anger"", ""score"": 0.018257828429341316}]",irony,0.5804412961006165,True,non-offensive,0.8188140392303467,False
2025-02-21,LP-IND-003,4,"Lightweight and portable, perfect for travel and daily commute.",positive,0.5174983143806458,0.5,0.5698038134424869,"{""very negative"": 0.023364251479506493, ""neutral"": 0.08838778734207153, ""positive"": 0.5174983143806458, ""very positive"": 0.3443998694419861}","approval,neutral","{""approval"": 0.5351202487945557, ""neutral"": 0.32617780566215515}","[{""label"": ""approval"", ""score"": 0.5351202487945557}, {""label"": ""neutral"", ""score"": 0.32617780566215515}, {""label"": ""admiration"", ""score"": 0.16927553713321686}, {""label"": ""optimism"", ""score"": 0.009668011218309402}, {""label"": ""realization"", ""score"": 0.009552353993058205}]",non_irony,0.8543041348457336,False,non-offensive,0.9002076983451843,False
2025-02-21,TB-IND-007,4,Best purchase I have made this year. Great value for money and excellent features.,positive,0.44873490929603577,0.5,0.5963910590069607,"{""very negative"": 0.028467901051044464, ""neutral"": 0.07443559914827347, ""positive"": 0.44873490929603577, ""very positive"": 0.40708863735198975}",admiration,"{""admiration"": 0.947281539440155}","[{""label"": ""admiration"", ""score"": 0.947281539440155}, {""label"": ""approval"", ""score"": 0.04991918429732323}, {""label"": ""gratitude"", ""score"": 0.017717011272907257}, {""label"": ""neutral"", ""score"": 0.016094906255602837}, {""label"": ""realization"", ""score"": 0.006029242649674416}]",non_irony,0.6735737919807434,False,non-offensive,0.953192949295044,False
2024-12-14,RF-IND-008,3,"Produit de mauvaise qualite, je suis tres decu. Ne recommande pas.",very negative,0.376915842294693,-1.0,-0.6515037909879426,"{""very negative"": 0.376915842294693, ""neutral"": 0.02833167091012001, ""positive"": 0.024450555443763733, ""very positive"": 0.01673412136733532}",neutral,"{""neutral"": 0.9460828304290771}","[{""label"": ""neutral"", ""score"": 0.9460828304290771}, {""label"": ""approval"", ""score"": 0.029701441526412964}, {""label"": ""disapproval"", ""score"": 0.009891659021377563}, {""label"": ""realization"", ""score"": 0.00757063552737236}, {""label"": ""annoyance"", ""score"": 0.006734327878803015}]",non_irony,0.8884108662605286,False,non-offensive,0.8112044930458069,False
2025-01-27,HP-IND-006,5,Excellent cooling performance even during peak summer. Very satisfied.,positive,0.7707273960113525,0.5,0.5362639801740339,"{""very negative"": 0.014967979863286018, ""neutral"": 0.02442777529358864, ""positive"": 0.7707273960113525, ""very positive"": 0.17155218124389648}",admiration,"{""admiration"": 0.9331638216972351}","[{""label"": ""admiration"", ""score"": 0.9331638216972351}, {""label"": ""approval"", ""score"": 0.07154010981321335}, {""label"": ""gratitude"", ""score"": 0.04528460651636124}, {""label"": ""neutral"", ""score"": 0.019264668226242065}, {""label"": ""joy"", ""score"": 0.010110114701092243}]",non_irony,0.602388322353363,False,non-offensive,0.9177484512329102,False
2025-01-04,HP-IND-006,1,"Sure, who needs customer service anyway? Waiting 4 weeks builds character!",neutral,0.7354669570922852,0.0,0.08089343274446564,"{""very negative"": 0.022473178803920746, ""neutral"": 0.7354669570922852, ""positive"": 0.13158436119556427, ""very positive"": 0.04536167159676552}","approval,neutral","{""approval"": 0.39447733759880066, ""neutral"": 0.3930034935474396}","[{""label"": ""approval"", ""score"": 0.39447733759880066}, {""label"": ""neutral"", ""score"": 0.3930034935474396}, {""label"": ""curiosity"", ""score"": 0.25203585624694824}, {""label"": ""confusion"", ""score"": 0.058140382170677185}, {""label"": ""realization"", ""score"": 0.018022604286670685}]",irony,0.8940737843513489,True,non-offensive,0.8660460114479065,False
2024-11-28,HP-IND-006,2,The display has dead pixels and color accuracy is way off.,very negative,0.25316378474235535,-1.0,-0.5860613671830489,"{""very negative"": 0.25316378474235535, ""neutral"": 0.05497826635837555, ""positive"": 0.019282788038253784, ""very positive"": 0.01881624571979046}","disapproval,disappointment","{""disapproval"": 0.385021835565567, ""disappointment"": 0.37208980321884155}","[{""label"": ""disapproval"", ""score"": 0.385021835565567}, {""label"": ""disappointment"", ""score"": 0.37208980321884155}, {""label"": ""neutral"", ""score"": 0.2807086706161499}, {""label"": ""annoyance"", ""score"": 0.21509088575839996}, {""label"": ""realization"", ""score"": 0.022136112675070763}]",non_irony,0.8182896375656128,False,non-offensive,0.7423754334449768,False
2024-10-07,MB-IND-002,5,Customer service was amazing. They resolved my query within minutes.,positive,0.6071091294288635,0.5,0.5974647468222958,"{""very negative"": 0.017765464261174202, ""neutral"": 0.03513293340802193, ""positive"": 0.6071091294288635, ""very positive"": 0.31808170676231384}",admiration,"{""admiration"": 0.9301038980484009}","[{""label"": ""admiration"", ""score"": 0.9301038980484009}, {""label"": ""approval"", ""score"": 0.06624912470579147}, {""label"": ""neutral"", ""score"": 0.026406768709421158}, {""label"": ""excitement"", ""score"": 0.022681886330246925}, {""label"": ""joy"", ""score"": 0.018670279532670975}]",irony,0.8352649807929993,True,non-offensive,0.9490030407905579,False
2025-01-27,LP-IND-003,5,"Battery life is incredible, easily lasts two full days with heavy usage.",positive,0.5513941645622253,0.5,0.65847089364473,"{""very negative"": 0.022336257621645927, ""neutral"": 0.05773572251200676, ""positive"": 0.5513941645622253, ""very positive"": 0.5513941645622253}",admiration,"{""admiration"": 0.9398247599601746}","[{""label"": ""admiration"", ""score"": 0.9398247599601746}, {""label"": ""approval"", ""score"": 0.055740565061569214}, {""label"": ""neutral"", ""score"": 0.025282323360443115}, {""label"": ""excitement"", ""score"": 0.016244882717728615}, {""label"": ""optimism"", ""score"": 0.009911395609378815}]",irony,0.7044013738632202,True,non-offensive,0.8911383748054504,False
2025-02-03,TV-IND-001,5,"Battery life is incredible, easily lasts two full days with heavy usage.",positive,0.5513941645622253,0.5,0.65847089364473,"{""very negative"": 0.022336257621645927, ""neutral"": 0.05773572251200676, ""positive"": 0.5513941645622253, ""very positive"": 0.5513941645622253}",admiration,"{""admiration"": 0.9398247599601746}","[{""label"": ""admiration"", ""score"": 0.9398247599601746}, {""label"": ""approval"", ""score"": 0.055740565061569214}, {""label"": ""neutral"", ""score"": 0.025282323360443115}, {""label"": ""excitement"", ""score"": 0.016244882717728615}, {""label"": ""optimism"", ""score"": 0.009911395609378815}]",irony,0.7044013738632202,True,non-offensive,0.8911383748054504,False
2025-01-26,AC-IND-005,4,Display is gorgeous with vibrant colors and deep blacks. Very impressed!,positive,0.6351503133773804,0.5,0.581952468814245,"{""very negative"": 0.017654336988925934, ""neutral"": 0.037703920155763626, ""positive"": 0.6351503133773804, ""very positive"": 0.2894969880580902}",admiration,"{""admiration"": 0.9594106674194336}","[{""label"": ""admiration"", ""score"": 0.9594106674194336}, {""label"": ""approval"", ""score"": 0.028953349217772484}, {""label"": ""neutral"", ""score"": 0.013620489276945591}, {""label"": ""excitement"", ""score"": 0.008283348754048347}, {""label"": ""gratitude"", ""score"": 0.008044804446399212}]",non_irony,0.8086977601051331,False,non-offensive,0.9492805600166321,False
2024-11-02,WM-IND-004,2,Love the display and design but the speaker quality is terrible and overheats during gaming.,very negative,0.3773541748523712,-1.0,-0.6110164372537351,"{""very negative"": 0.3773541748523712, ""neutral"": 0.08313998579978943, ""positive"": 0.019871970638632774, ""very positive"": 0.019871970638632774}","love,disgust","{""love"": 0.410555899143219, ""disgust"": 0.3163873255252838}","[{""label"": ""love"", ""score"": 0.410555899143219}, {""label"": ""disgust"", ""score"": 0.3163873255252838}, {""label"": ""admiration"", ""score"": 0.14251857995986938}, {""label"": ""disappointment"", ""score"": 0.14123332500457764}, {""label"": ""annoyance"", ""score"": 0.09878356009721756}]",non_irony,0.6289689540863037,False,non-offensive,0.7254443764686584,False
2024-11-19,AC-IND-005,4,"Produit de mauvaise qualite, je suis tres decu. Ne recommande pas.",very negative,0.376915842294693,-1.0,-0.6515037909879426,"{""very negative"": 0.376915842294693, ""neutral"": 0.02833167091012001, ""positive"": 0.024450555443763733, ""very positive"": 0.01673412136733532}",neutral,"{""neutral"": 0.9460828304290771}","[{""label"": ""neutral"", ""score"": 0.9460828304290771}, {""label"": ""approval"", ""score"": 0.029701441526412964}, {""label"": ""disapproval"", ""score"": 0.009891659021377563}, {""label"": ""realization"", ""score"": 0.00757063552737236}, {""label"": ""annoyance"", ""score"": 0.006734327878803015}]",non_irony,0.8884108662605286,False,non-offensive,0.8112044930458069,False
2024-12-30,TV-IND-001,4,Photo quality rivals phones twice the price. Very happy with the camera.,positive,0.9200547933578491,0.5,0.4818561179793535,"{""very negative"": 0.009893827140331268, ""neutral"": 0.01960623636841774, ""positive"": 0.9200547933578491, ""very positive"": 0.03305947035551071}",joy,"{""joy"": 0.8326600790023804}","[{""label"": ""joy"", ""score"": 0.8326600790023804}, {""label"": ""admiration"", ""score"": 0.12147273868322372}, {""label"": ""approval"", ""score"": 0.08454403281211853}, {""label"": ""neutral"", ""score"": 0.041709545999765396}, {""label"": ""relief"", ""score"": 0.027668539434671402}]",non_irony,0.5060417652130127,False,non-offensive,0.9031765460968018,False
2025-01-31,RF-IND-008,4,Setup was a breeze. Works perfectly right out of the box.,positive,0.7648035287857056,0.5,0.47922752030908433,"{""very negative"": 0.018615633249282837, ""neutral"": 0.0714670941233635, ""positive"": 0.7648035287857056, ""very positive"": 0.12313982099294662}",approval,"{""approval"": 0.4734435975551605}","[{""label"": ""approval"", ""score"": 0.4734435975551605}, {""label"": ""neutral"", ""score"": 0.22926150262355804}, {""label"": ""admiration"", ""score"": 0.15972226858139038}, {""label"": ""joy"", ""score"": 0.12473662942647934}, {""label"": ""realization"", ""score"": 0.03085273876786232}]",non_irony,0.7767495512962341,False,non-offensive,0.8942966461181641,False
2024-10-16,MB-IND-002,2,Customer service is non-existent. Been waiting 3 weeks for a response.,very negative,0.4578317105770111,-1.0,-0.579201002717572,"{""very negative"": 0.4578317105770111, ""neutral"": 0.15317650139331818, ""positive"": 0.025456801056861877, ""very positive"": 0.025456801056861877}","disappointment,annoyance","{""disappointment"": 0.5341309905052185, ""annoyance"": 0.31432658433914185}","[{""label"": ""disappointment"", ""score"": 0.5341309905052185}, {""label"": ""annoyance"", ""score"": 0.31432658433914185}, {""label"": ""neutral"", ""score"": 0.20545412600040436}, {""label"": ""disapproval"", ""score"": 0.15114009380340576}, {""label"": ""sadness"", ""score"": 0.023914506658911705}]",non_irony,0.6569333672523499,False,non-offensive,0.8544687032699585,False
2024-11-25,RF-IND-008,3,"Excellent sound quality and comfortable fit, but the ANC could be much stronger for the price.",positive,0.15356729924678802,0.5,0.3086620512949099,"{""very negative"": 0.012060086242854595, ""neutral"": 0.07317974418401718, ""positive"": 0.15356729924678802, ""very positive"": 0.027106380090117455}",admiration,"{""admiration"": 0.9374375939369202}","[{""label"": ""admiration"", ""score"": 0.9374375939369202}, {""label"": ""approval"", ""score"": 0.089204341173172}, {""label"": ""neutral"", ""score"": 0.03402496129274368}, {""label"": ""optimism"", ""score"": 0.025380540639162064}, {""label"": ""gratitude"", ""score"": 0.018238363787531853}]",non_irony,0.9199045896530151,False,non-offensive,0.8908013105392456,False
2024-12-22,LP-IND-003,3,"Average performance. Some features are good, others need improvement.",positive,0.61644446849823,0.5,0.34826672452702356,"{""very negative"": 0.025447191670536995, ""neutral"": 0.1476220041513443, ""positive"": 0.61644446849823, ""very positive"": 0.021131806075572968}","approval,admiration","{""approval"": 0.6711743474006653, ""admiration"": 0.3304252624511719}","[{""label"": ""approval"", ""score"": 0.6711743474006653}, {""label"": ""admiration"", ""score"": 0.3304252624511719}, {""label"": ""neutral"", ""score"": 0.1314345896244049}, {""label"": ""optimism"", ""score"": 0.0660710483789444}, {""label"": ""realization"", ""score"": 0.028510229662060738}]",non_irony,0.9071303606033325,False,non-offensive,0.930716335773468,False
2024-12-25,MB-IND-002,2,Delivery was delayed by 2 weeks and the product arrived damaged.,very negative,0.2179221659898758,-1.0,-0.5323195026573361,"{""very negative"": 0.2179221659898758, ""neutral"": 0.07148028910160065, ""positive"": 0.02215690352022648, ""very positive"": 0.02215690352022648}",disappointment,"{""disappointment"": 0.6985851526260376}","[{""label"": ""disappointment"", ""score"": 0.6985851526260376}, {""label"": ""neutral"", ""score"": 0.26860493421554565}, {""label"": ""annoyance"", ""score"": 0.10525964200496674}, {""label"": ""sadness"", ""score"": 0.09905389696359634}, {""label"": ""disapproval"", ""score"": 0.036296263337135315}]",non_irony,0.7698453068733215,False,non-offensive,0.8377794027328491,False
2024-12-09,TV-IND-001,4,The camera is absolutely stunning but the battery life is a real letdown. Screen quality is decent though.,very negative,0.10432986915111542,-1.0,-0.45428586728316794,"{""very negative"": 0.10432986915111542, ""neutral"": 0.04633806273341179, ""positive"": 0.020227625966072083, ""very positive"": 0.014680723659694195}","admiration,disappointment","{""admiration"": 0.7581881284713745, ""disappointment"": 0.40491002798080444}","[{""label"": ""admiration"", ""score"": 0.7581881284713745}, {""label"": ""disappointment"", ""score"": 0.40491002798080444}, {""label"": ""disapproval"", ""score"": 0.04816196858882904}, {""label"": ""annoyance"", ""score"": 0.04007705673575401}, {""label"": ""sadness"", ""score"": 0.03249528631567955}]",non_irony,0.7837050557136536,False,non-offensive,0.8634015321731567,False
2025-02-09,TV-IND-001,5,"Great design, sleek and modern. Fits perfectly in my living room.",positive,0.5736238956451416,0.5,0.6753709677943955,"{""very negative"": 0.01719159446656704, ""neutral"": 0.05420605093240738, ""positive"": 0.5736238956451416, ""very positive"": 0.5736238956451416}",admiration,"{""admiration"": 0.9285853505134583}","[{""label"": ""admiration"", ""score"": 0.9285853505134583}, {""label"": ""approval"", ""score"": 0.09943830966949463}, {""label"": ""neutral"", ""score"": 0.02816888317465782}, {""label"": ""gratitude"", ""score"": 0.008972597308456898}, {""label"": ""realization"", ""score"": 0.006490301340818405}]",non_irony,0.6408451795578003,False,non-offensive,0.9143792986869812,False
2025-02-12,MB-IND-002,4,"Bahut achha product hai, value for money. Camera bhi bahut accha hai.",positive,0.5882152915000916,0.5,0.4220367277463888,"{""very negative"": 0.0290150735527277, ""neutral"": 0.18226198852062225, ""positive"": 0.5882152915000916, ""very positive"": 0.1714218407869339}",neutral,"{""neutral"": 0.7110043168067932}","[{""label"": ""neutral"", ""score"": 0.7110043168067932}, {""label"": ""approval"", ""score"": 0.15353593230247498}, {""label"": ""admiration"", ""score"": 0.0266432985663414}, {""label"": ""amusement"", ""score"": 0.018048683181405067}, {""label"": ""joy"", ""score"": 0.013174094259738922}]",non_irony,0.8170913457870483,False,non-offensive,0.7812522053718567,False
2025-03-03,AC-IND-005,2,"Installation was a nightmare, instructions were completely wrong.",very negative,0.7697422504425049,-1.0,-0.6977894863586905,"{""very negative"": 0.7697422504425049, ""neutral"": 0.036633219569921494, ""positive"": 0.020193949341773987, ""very positive"": 0.01803928054869175}",disapproval,"{""disapproval"": 0.3163321614265442}","[{""label"": ""disapproval"", ""score"": 0.3163321614265442}, {""label"": ""annoyance"", ""score"": 0.24686093628406525}, {""label"": ""disappointment"", ""score"": 0.15440554916858673}, {""label"": ""neutral"", ""score"": 0.06965956091880798}, {""label"": ""fear"", ""score"": 0.04962696135044098}]",non_irony,0.7851060032844543,False,non-offensive,0.6006593704223633,False
2025-03-10,MB-IND-002,3,It is an acceptable product. Neither great nor terrible overall.,neutral,0.6794472932815552,0.0,0.11969010975899572,"{""very negative"": 0.021728726103901863, ""neutral"": 0.6794472932815552, ""positive"": 0.24736584722995758, ""very positive"": 0.028446754440665245}",approval,"{""approval"": 0.8612683415412903}","[{""label"": ""approval"", ""score"": 0.8612683415412903}, {""label"": ""admiration"", ""score"": 0.13370481133460999}, {""label"": ""neutral"", ""score"": 0.05180679261684418}, {""label"": ""disapproval"", ""score"": 0.02096419222652912}, {""label"": ""realization"", ""score"": 0.014821445569396019}]",non_irony,0.9514107704162598,False,non-offensive,0.8791451454162598,False
2025-02-14,RF-IND-008,5,Best purchase I have made this year. Great value for money and excellent features.,positive,0.44873490929603577,0.5,0.5963910590069607,"{""very negative"": 0.028467901051044464, ""neutral"": 0.07443559914827347, ""positive"": 0.44873490929603577, ""very positive"": 0.40708863735198975}",admiration,"{""admiration"": 0.947281539440155}","[{""label"": ""admiration"", ""score"": 0.947281539440155}, {""label"": ""approval"", ""score"": 0.04991918429732323}, {""label"": ""gratitude"", ""score"": 0.017717011272907257}, {""label"": ""neutral"", ""score"": 0.016094906255602837}, {""label"": ""realization"", ""score"": 0.006029242649674416}]",non_irony,0.6735737919807434,False,non-offensive,0.953192949295044,False
2024-10-29,TB-IND-007,1,The promised features do not work as advertised. False marketing.,very negative,0.11003702878952026,-1.0,-0.4876406735014096,"{""very negative"": 0.11003702878952026, ""neutral"": 0.03954793140292168, ""positive"": 0.016627198085188866, ""very positive"": 0.014809762127697468}",disapproval,"{""disapproval"": 0.7108097076416016}","[{""label"": ""disapproval"", ""score"": 0.7108097076416016}, {""label"": ""disappointment"", ""score"": 0.235524520277977}, {""label"": ""annoyance"", ""score"": 0.2101682424545288}, {""label"": ""neutral"", ""score"": 0.11439910531044006}, {""label"": ""anger"", ""score"": 0.018257828429341316}]",irony,0.5804412961006165,True,non-offensive,0.8188140392303467,False
2024-10-02,WM-IND-004,5,"Battery life is incredible, easily lasts two full days with heavy usage.",positive,0.5513941645622253,0.5,0.65847089364473,"{""very negative"": 0.022336257621645927, ""neutral"": 0.05773572251200676, ""positive"": 0.5513941645622253, ""very positive"": 0.5513941645622253}",admiration,"{""admiration"": 0.9398247599601746}","[{""label"": ""admiration"", ""score"": 0.9398247599601746}, {""label"": ""approval"", ""score"": 0.055740565061569214}, {""label"": ""neutral"", ""score"": 0.025282323360443115}, {""label"": ""excitement"", ""score"": 0.016244882717728615}, {""label"": ""optimism"", ""score"": 0.009911395609378815}]",irony,0.7044013738632202,True,non-offensive,0.8911383748054504,False
2025-02-25,AC-IND-005,1,Customer service is non-existent. Been waiting 3 weeks for a response.,very negative,0.4578317105770111,-1.0,-0.579201002717572,"{""very negative"": 0.4578317105770111, ""neutral"": 0.15317650139331818, ""positive"": 0.025456801056861877, ""very positive"": 0.025456801056861877}","disappointment,annoyance","{""disappointment"": 0.5341309905052185, ""annoyance"": 0.31432658433914185}","[{""label"": ""disappointment"", ""score"": 0.5341309905052185}, {""label"": ""annoyance"", ""score"": 0.31432658433914185}, {""label"": ""neutral"", ""score"": 0.20545412600040436}, {""label"": ""disapproval"", ""score"": 0.15114009380340576}, {""label"": ""sadness"", ""score"": 0.023914506658911705}]",non_irony,0.6569333672523499,False,non-offensive,0.8544687032699585,False
2024-11-02,LP-IND-003,3,It is okay. Works as expected but nothing special compared to competitors.,positive,0.4286438226699829,0.5,0.3626781987528287,"{""very negative"": 0.015589638613164425, ""neutral"": 0.0978032648563385, ""positive"": 0.4286438226699829, ""very positive"": 0.017732756212353706}",approval,"{""approval"": 0.8651418089866638}","[{""label"": ""approval"", ""score"": 0.8651418089866638}, {""label"": ""neutral"", ""score"": 0.11388786137104034}, {""label"": ""realization"", ""score"": 0.024218831211328506}, {""label"": ""optimism"", ""score"": 0.014182043261826038}, {""label"": ""annoyance"", ""score"": 0.013593513518571854}]",non_irony,0.8429244756698608,False,non-offensive,0.9375155568122864,False
2025-03-13,LP-IND-003,1,The promised features do not work as advertised. False marketing.,very negative,0.11003702878952026,-1.0,-0.4876406735014096,"{""very negative"": 0.11003702878952026, ""neutral"": 0.03954793140292168, ""positive"": 0.016627198085188866, ""very positive"": 0.014809762127697468}",disapproval,"{""disapproval"": 0.7108097076416016}","[{""label"": ""disapproval"", ""score"": 0.7108097076416016}, {""label"": ""disappointment"", ""score"": 0.235524520277977}, {""label"": ""annoyance"", ""score"": 0.2101682424545288}, {""label"": ""neutral"", ""score"": 0.11439910531044006}, {""label"": ""anger"", ""score"": 0.018257828429341316}]",irony,0.5804412961006165,True,non-offensive,0.8188140392303467,False
2024-12-15,RF-IND-008,5,"Screen resolution is crystal clear, perfect for streaming and gaming.",positive,0.392398476600647,0.5,0.542207413406494,"{""very negative"": 0.025593694299459457, ""neutral"": 0.16940507292747498, ""positive"": 0.392398476600647, ""very positive"": 0.38130703568458557}",approval,"{""approval"": 0.5070986747741699}","[{""label"": ""approval"", ""score"": 0.5070986747741699}, {""label"": ""neutral"", ""score"": 0.2965473234653473}, {""label"": ""admiration"", ""score"": 0.2750425338745117}, {""label"": ""realization"", ""score"": 0.009711122140288353}, {""label"": ""optimism"", ""score"": 0.009128984063863754}]",irony,0.6862936615943909,True,non-offensive,0.9093480110168457,False
2024-10-07,LP-IND-003,5,Best purchase I have made this year. Great value for money and excellent features.,positive,0.44873490929603577,0.5,0.5963910590069607,"{""very negative"": 0.028467901051044464, ""neutral"": 0.07443559914827347, ""positive"": 0.44873490929603577, ""very positive"": 0.40708863735198975}",admiration,"{""admiration"": 0.947281539440155}","[{""label"": ""admiration"", ""score"": 0.947281539440155}, {""label"": ""approval"", ""score"": 0.04991918429732323}, {""label"": ""gratitude"", ""score"": 0.017717011272907257}, {""label"": ""neutral"", ""score"": 0.016094906255602837}, {""label"": ""realization"", ""score"": 0.006029242649674416}]",non_irony,0.6735737919807434,False,non-offensive,0.953192949295044,False
2024-12-29,LP-IND-003,5,"Battery life is incredible, easily lasts two full days with heavy usage.",positive,0.5513941645622253,0.5,0.65847089364473,"{""very negative"": 0.022336257621645927, ""neutral"": 0.05773572251200676, ""positive"": 0.5513941645622253, ""very positive"": 0.5513941645622253}",admiration,"{""admiration"": 0.9398247599601746}","[{""label"": ""admiration"", ""score"": 0.9398247599601746}, {""label"": ""approval"", ""score"": 0.055740565061569214}, {""label"": ""neutral"", ""score"": 0.025282323360443115}, {""label"": ""excitement"", ""score"": 0.016244882717728615}, {""label"": ""optimism"", ""score"": 0.009911395609378815}]",irony,0.7044013738632202,True,non-offensive,0.8911383748054504,False
2025-03-14,TV-IND-001,5,"Great design, sleek and modern. Fits perfectly in my living room.",positive,0.5736238956451416,0.5,0.6753709677943955,"{""very negative"": 0.01719159446656704, ""neutral"": 0.05420605093240738, ""positive"": 0.5736238956451416, ""very positive"": 0.5736238956451416}",admiration,"{""admiration"": 0.9285853505134583}","[{""label"": ""admiration"", ""score"": 0.9285853505134583}, {""label"": ""approval"", ""score"": 0.09943830966949463}, {""label"": ""neutral"", ""score"": 0.02816888317465782}, {""label"": ""gratitude"", ""score"": 0.008972597308456898}, {""label"": ""realization"", ""score"": 0.006490301340818405}]",non_irony,0.6408451795578003,False,non-offensive,0.9143792986869812,False
2024-10-29,TV-IND-001,5,"Durability is impressive, been using for 6 months with zero issues.",positive,0.8207300305366516,0.5,0.47055570951936276,"{""very negative"": 0.01670188084244728, ""neutral"": 0.05924329534173012, ""positive"": 0.8207300305366516, ""very positive"": 0.0840175449848175}",admiration,"{""admiration"": 0.901075005531311}","[{""label"": ""admiration"", ""score"": 0.901075005531311}, {""label"": ""approval"", ""score"": 0.09503141790628433}, {""label"": ""neutral"", ""score"": 0.046847887337207794}, {""label"": ""realization"", ""score"": 0.013351649045944214}, {""label"": ""gratitude"", ""score"": 0.0120680071413517}]",irony,0.8547757267951965,True,non-offensive,0.930757999420166,False
2024-10-19,WM-IND-004,1,"Very noisy operation, you can hear it from across the room.",very negative,0.2273368090391159,-1.0,-0.5590371333032957,"{""very negative"": 0.2273368090391159, ""neutral"": 0.040130890905857086, ""positive"": 0.03464279696345329, ""very positive"": 0.01776937209069729}","neutral,annoyance,disgust","{""neutral"": 0.20088286697864532, ""annoyance"": 0.18471433222293854, ""disgust"": 0.029139941558241844}","[{""label"": ""neutral"", ""score"": 0.20088286697864532}, {""label"": ""annoyance"", ""score"": 0.18471433222293854}, {""label"": ""disgust"", ""score"": 0.029139941558241844}, {""label"": ""approval"", ""score"": 0.024515606462955475}, {""label"": ""anger"", ""score"": 0.023660719394683838}]",irony,0.5849149227142334,True,non-offensive,0.7706944346427917,False
2024-10-28,MB-IND-002,2,"Performance is blazing fast and battery lasts all day, but the camera struggles in low light.",neutral,0.22503750026226044,0.0,0.04969891873383892,"{""very negative"": 0.02442760020494461, ""neutral"": 0.22503750026226044, ""positive"": 0.07423778623342514, ""very positive"": 0.017704090103507042}","neutral,admiration","{""neutral"": 0.5054706335067749, ""admiration"": 0.3082411289215088}","[{""label"": ""neutral"", ""score"": 0.5054706335067749}, {""label"": ""admiration"", ""score"": 0.3082411289215088}, {""label"": ""approval"", ""score"": 0.08437317609786987}, {""label"": ""disappointment"", ""score"": 0.061942923814058304}, {""label"": ""realization"", ""score"": 0.027526095509529114}]",non_irony,0.705230712890625,False,non-offensive,0.8822543025016785,False
2025-01-19,AC-IND-005,1,Delivery was delayed by 2 weeks and the product arrived damaged.,very negative,0.2179221659898758,-1.0,-0.5323195026573361,"{""very negative"": 0.2179221659898758, ""neutral"": 0.07148028910160065, ""positive"": 0.02215690352022648, ""very positive"": 0.02215690352022648}",disappointment,"{""disappointment"": 0.6985851526260376}","[{""label"": ""disappointment"", ""score"": 0.6985851526260376}, {""label"": ""neutral"", ""score"": 0.26860493421554565}, {""label"": ""annoyance"", ""score"": 0.10525964200496674}, {""label"": ""sadness"", ""score"": 0.09905389696359634}, {""label"": ""disapproval"", ""score"": 0.036296263337135315}]",non_irony,0.7698453068733215,False,non-offensive,0.8377794027328491,False
2025-02-08,RF-IND-008,4,The processor handles multitasking effortlessly. No lag whatsoever.,neutral,0.7597368359565735,0.0,0.00797338825580054,"{""very negative"": 0.045921143144369125, ""neutral"": 0.7597368359565735, ""positive"": 0.05292467027902603, ""very positive"": 0.05003025010228157}","admiration,approval,neutral","{""admiration"": 0.3868221342563629, ""approval"": 0.3720160722732544, ""neutral"": 0.3502216339111328}","[{""label"": ""admiration"", ""score"": 0.3868221342563629}, {""label"": ""approval"", ""score"": 0.3720160722732544}, {""label"": ""neutral"", ""score"": 0.3502216339111328}, {""label"": ""realization"", ""score"": 0.014902401715517044}, {""label"": ""pride"", ""score"": 0.008550484664738178}]",irony,0.5463454127311707,True,non-offensive,0.8667475581169128,False
2024-10-04,MB-IND-002,2,What a fantastic feature - random shutdowns keep life exciting and unpredictable!,positive,0.5706542134284973,0.5,0.649035807029748,"{""very negative"": 0.027282441034913063, ""neutral"": 0.05992436781525612, ""positive"": 0.5706542134284973, ""very positive"": 0.5706542134284973}","excitement,admiration","{""excitement"": 0.6452254056930542, ""admiration"": 0.5212389230728149}","[{""label"": ""excitement"", ""score"": 0.6452254056930542}, {""label"": ""admiration"", ""score"": 0.5212389230728149}, {""label"": ""joy"", ""score"": 0.09005238115787506}, {""label"": ""curiosity"", ""score"": 0.03715738654136658}, {""label"": ""approval"", ""score"": 0.03235604241490364}]",irony,0.9249007105827332,True,non-offensive,0.9284485578536987,False
2024-11-14,RF-IND-008,2,"Very noisy operation, you can hear it from across the room.",very negative,0.2273368090391159,-1.0,-0.5590371333032957,"{""very negative"": 0.2273368090391159, ""neutral"": 0.040130890905857086, ""positive"": 0.03464279696345329, ""very positive"": 0.01776937209069729}","neutral,annoyance,disgust","{""neutral"": 0.20088286697864532, ""annoyance"": 0.18471433222293854, ""disgust"": 0.029139941558241844}","[{""label"": ""neutral"", ""score"": 0.20088286697864532}, {""label"": ""annoyance"", ""score"": 0.18471433222293854}, {""label"": ""disgust"", ""score"": 0.029139941558241844}, {""label"": ""approval"", ""score"": 0.024515606462955475}, {""label"": ""anger"", ""score"": 0.023660719394683838}]",irony,0.5849149227142334,True,non-offensive,0.7706944346427917,False
2025-03-04,WM-IND-004,5,Best purchase I have made this year. Great value for money and excellent features.,positive,0.44873490929603577,0.5,0.5963910590069607,"{""very negative"": 0.028467901051044464, ""neutral"": 0.07443559914827347, ""positive"": 0.44873490929603577, ""very positive"": 0.40708863735198975}",admiration,"{""admiration"": 0.947281539440155}","[{""label"": ""admiration"", ""score"": 0.947281539440155}, {""label"": ""approval"", ""score"": 0.04991918429732323}, {""label"": ""gratitude"", ""score"": 0.017717011272907257}, {""label"": ""neutral"", ""score"": 0.016094906255602837}, {""label"": ""realization"", ""score"": 0.006029242649674416}]",non_irony,0.6735737919807434,False,non-offensive,0.953192949295044,False
2024-10-08,MB-IND-002,2,What a fantastic feature - random shutdowns keep life exciting and unpredictable!,positive,0.5706542134284973,0.5,0.649035807029748,"{""very negative"": 0.027282441034913063, ""neutral"": 0.05992436781525612, ""positive"": 0.5706542134284973, ""very positive"": 0.5706542134284973}","excitement,admiration","{""excitement"": 0.6452254056930542, ""admiration"": 0.5212389230728149}","[{""label"": ""excitement"", ""score"": 0.6452254056930542}, {""label"": ""admiration"", ""score"": 0.5212389230728149}, {""label"": ""joy"", ""score"": 0.09005238115787506}, {""label"": ""curiosity"", ""score"": 0.03715738654136658}, {""label"": ""approval"", ""score"": 0.03235604241490364}]",irony,0.9249007105827332,True,non-offensive,0.9284485578536987,False
2024-10-21,WM-IND-004,1,The battery dies faster than my enthusiasm for this brand. Remarkable achievement!,positive,0.7221293449401855,0.5,0.7025799770686348,"{""very negative"": 0.0158077459782362, ""neutral"": 0.03211413696408272, ""positive"": 0.7221293449401855, ""very positive"": 0.7221293449401855}",admiration,"{""admiration"": 0.9155632853507996}","[{""label"": ""admiration"", ""score"": 0.9155632853507996}, {""label"": ""approval"", ""score"": 0.058518778532743454}, {""label"": ""excitement"", ""score"": 0.057543788105249405}, {""label"": ""neutral"", ""score"": 0.024362027645111084}, {""label"": ""surprise"", ""score"": 0.020907849073410034}]",irony,0.943659245967865,True,non-offensive,0.8459072709083557,False
2024-12-25,TB-IND-007,1,Sound quality is tinny and distorted at higher volumes. Not acceptable.,very negative,0.12479760497808456,-1.0,-0.493778516965209,"{""very negative"": 0.12479760497808456, ""neutral"": 0.04836035519838333, ""positive"": 0.01610911823809147, ""very positive"": 0.01610911823809147}",disapproval,"{""disapproval"": 0.7381646633148193}","[{""label"": ""disapproval"", ""score"": 0.7381646633148193}, {""label"": ""annoyance"", ""score"": 0.21084058284759521}, {""label"": ""neutral"", ""score"": 0.112130306661129}, {""label"": ""disappointment"", ""score"": 0.06412441283464432}, {""label"": ""approval"", ""score"": 0.023751674219965935}]",non_irony,0.9257212281227112,False,non-offensive,0.7237016558647156,False
2024-11-01,HP-IND-006,5,"Lightweight and portable, perfect for travel and daily commute.",positive,0.5174983143806458,0.5,0.5698038134424869,"{""very negative"": 0.023364251479506493, ""neutral"": 0.08838778734207153, ""positive"": 0.5174983143806458, ""very positive"": 0.3443998694419861}","approval,neutral","{""approval"": 0.5351202487945557, ""neutral"": 0.32617780566215515}","[{""label"": ""approval"", ""score"": 0.5351202487945557}, {""label"": ""neutral"", ""score"": 0.32617780566215515}, {""label"": ""admiration"", ""score"": 0.16927553713321686}, {""label"": ""optimism"", ""score"": 0.009668011218309402}, {""label"": ""realization"", ""score"": 0.009552353993058205}]",non_irony,0.8543041348457336,False,non-offensive,0.9002076983451843,False
2025-03-09,LP-IND-003,1,"Bahut achha product hai, value for money. Camera bhi bahut accha hai.",positive,0.5882152915000916,0.5,0.4220367277463888,"{""very negative"": 0.0290150735527277, ""neutral"": 0.18226198852062225, ""positive"": 0.5882152915000916, ""very positive"": 0.1714218407869339}",neutral,"{""neutral"": 0.7110043168067932}","[{""label"": ""neutral"", ""score"": 0.7110043168067932}, {""label"": ""approval"", ""score"": 0.15353593230247498}, {""label"": ""admiration"", ""score"": 0.0266432985663414}, {""label"": ""amusement"", ""score"": 0.018048683181405067}, {""label"": ""joy"", ""score"": 0.013174094259738922}]",non_irony,0.8170913457870483,False,non-offensive,0.7812522053718567,False
2024-12-13,TV-IND-001,5,Setup was a breeze. Works perfectly right out of the box.,positive,0.7648035287857056,0.5,0.47922752030908433,"{""very negative"": 0.018615633249282837, ""neutral"": 0.0714670941233635, ""positive"": 0.7648035287857056, ""very positive"": 0.12313982099294662}",approval,"{""approval"": 0.4734435975551605}","[{""label"": ""approval"", ""score"": 0.4734435975551605}, {""label"": ""neutral"", ""score"": 0.22926150262355804}, {""label"": ""admiration"", ""score"": 0.15972226858139038}, {""label"": ""joy"", ""score"": 0.12473662942647934}, {""label"": ""realization"", ""score"": 0.03085273876786232}]",non_irony,0.7767495512962341,False,non-offensive,0.8942966461181641,False
2025-01-26,TB-IND-007,4,"Noise cancellation is top-notch, blocks out everything around you.",positive,0.6977988481521606,0.5,0.5301263708619881,"{""very negative"": 0.018256666138768196, ""neutral"": 0.04996884986758232, ""positive"": 0.6977988481521606, ""very positive"": 0.20059357583522797}",neutral,"{""neutral"": 0.8535012602806091}","[{""label"": ""neutral"", ""score"": 0.8535012602806091}, {""label"": ""approval"", ""score"": 0.07272456586360931}, {""label"": ""annoyance"", ""score"": 0.035694435238838196}, {""label"": ""admiration"", ""score"": 0.030761508271098137}, {""label"": ""disapproval"", ""score"": 0.014540402218699455}]",irony,0.8790774345397949,True,non-offensive,0.7939949035644531,False
2024-12-29,WM-IND-004,4,"The camera quality is outstanding, perfect for everyday photography.",positive,0.4490591287612915,0.5,0.6009954280279384,"{""very negative"": 0.025144625455141068, ""neutral"": 0.08400725573301315, ""positive"": 0.4490591287612915, ""very positive"": 0.41047510504722595}",admiration,"{""admiration"": 0.9424173831939697}","[{""label"": ""admiration"", ""score"": 0.9424173831939697}, {""label"": ""approval"", ""score"": 0.058339230716228485}, {""label"": ""neutral"", ""score"": 0.0315530002117157}, {""label"": ""gratitude"", ""score"": 0.010911427438259125}, {""label"": ""realization"", ""score"": 0.006474080961197615}]",irony,0.561927080154419,True,non-offensive,0.924063503742218,False
2024-10-06,RF-IND-008,4,"The processor handles everything I throw at it, but RAM management needs improvement.",positive,0.23391316831111908,0.5,0.22180404858284788,"{""very negative"": 0.017129547894001007, ""neutral"": 0.20354090631008148, ""positive"": 0.23391316831111908, ""very positive"": 0.01717514544725418}","neutral,approval","{""neutral"": 0.46721941232681274, ""approval"": 0.32108038663864136}","[{""label"": ""neutral"", ""score"": 0.46721941232681274}, {""label"": ""approval"", ""score"": 0.32108038663864136}, {""label"": ""optimism"", ""score"": 0.11606177687644958}, {""label"": ""realization"", ""score"": 0.05067124590277672}, {""label"": ""desire"", ""score"": 0.04620461165904999}]",non_irony,0.9052064418792725,False,non-offensive,0.8036984205245972,False
2025-03-09,WM-IND-004,4,Excellent cooling performance even during peak summer. Very satisfied.,positive,0.7707273960113525,0.5,0.5362639801740339,"{""very negative"": 0.014967979863286018, ""neutral"": 0.02442777529358864, ""positive"": 0.7707273960113525, ""very positive"": 0.17155218124389648}",admiration,"{""admiration"": 0.9331638216972351}","[{""label"": ""admiration"", ""score"": 0.9331638216972351}, {""label"": ""approval"", ""score"": 0.07154010981321335}, {""label"": ""gratitude"", ""score"": 0.04528460651636124}, {""label"": ""neutral"", ""score"": 0.019264668226242065}, {""label"": ""joy"", ""score"": 0.010110114701092243}]",non_irony,0.602388322353363,False,non-offensive,0.9177484512329102,False
2024-12-08,MB-IND-002,4,Excellent cooling performance even during peak summer. Very satisfied.,positive,0.7707273960113525,0.5,0.5362639801740339,"{""very negative"": 0.014967979863286018, ""neutral"": 0.02442777529358864, ""positive"": 0.7707273960113525, ""very positive"": 0.17155218124389648}",admiration,"{""admiration"": 0.9331638216972351}","[{""label"": ""admiration"", ""score"": 0.9331638216972351}, {""label"": ""approval"", ""score"": 0.07154010981321335}, {""label"": ""gratitude"", ""score"": 0.04528460651636124}, {""label"": ""neutral"", ""score"": 0.019264668226242065}, {""label"": ""joy"", ""score"": 0.010110114701092243}]",non_irony,0.602388322353363,False,non-offensive,0.9177484512329102,False
2024-12-08,AC-IND-005,5,"Sehr gutes Produkt, schnelle Lieferung und tolle Qualitat. Empfehlenswert!",positive,0.5607585906982422,0.5,0.63179622013243,"{""very negative"": 0.019466347992420197, ""neutral"": 0.01999477855861187, ""positive"": 0.5607585906982422, ""very positive"": 0.3811355233192444}",neutral,"{""neutral"": 0.9314554929733276}","[{""label"": ""neutral"", ""score"": 0.9314554929733276}, {""label"": ""approval"", ""score"": 0.03372388705611229}, {""label"": ""annoyance"", ""score"": 0.009257086552679539}, {""label"": ""admiration"", ""score"": 0.006478950381278992}, {""label"": ""realization"", ""score"": 0.0048216269351542}]",non_irony,0.9127270579338074,False,non-offensive,0.7963050007820129,False
2024-11-18,MB-IND-002,5,"Noise cancellation is top-notch, blocks out everything around you.",positive,0.6977988481521606,0.5,0.5301263708619881,"{""very negative"": 0.018256666138768196, ""neutral"": 0.04996884986758232, ""positive"": 0.6977988481521606, ""very positive"": 0.20059357583522797}",neutral,"{""neutral"": 0.8535012602806091}","[{""label"": ""neutral"", ""score"": 0.8535012602806091}, {""label"": ""approval"", ""score"": 0.07272456586360931}, {""label"": ""annoyance"", ""score"": 0.035694435238838196}, {""label"": ""admiration"", ""score"": 0.030761508271098137}, {""label"": ""disapproval"", ""score"": 0.014540402218699455}]",irony,0.8790774345397949,True,non-offensive,0.7939949035644531,False
2025-03-12,TV-IND-001,3,Decent product for the price. Nothing extraordinary but gets the job done.,positive,0.9262930154800415,0.5,0.4699002944402194,"{""very negative"": 0.008937007747590542, ""neutral"": 0.029806025326251984, ""positive"": 0.9262930154800415, ""very positive"": 0.014957997016608715}",admiration,"{""admiration"": 0.8266987204551697}","[{""label"": ""admiration"", ""score"": 0.8266987204551697}, {""label"": ""approval"", ""score"": 0.24115855991840363}, {""label"": ""neutral"", ""score"": 0.08824765682220459}, {""label"": ""realization"", ""score"": 0.015828154981136322}, {""label"": ""gratitude"", ""score"": 0.015294903889298439}]",non_irony,0.8037245869636536,False,non-offensive,0.9300389289855957,False
2025-02-10,TV-IND-001,3,Packaging was good but product is just average in terms of quality.,neutral,0.22643636167049408,0.0,0.02154465263355148,"{""very negative"": 0.020769914612174034, ""neutral"": 0.22643636167049408, ""positive"": 0.03994236886501312, ""very positive"": 0.018210014328360558}","disappointment,admiration","{""disappointment"": 0.35051408410072327, ""admiration"": 0.31660306453704834}","[{""label"": ""disappointment"", ""score"": 0.35051408410072327}, {""label"": ""admiration"", ""score"": 0.31660306453704834}, {""label"": ""disapproval"", ""score"": 0.20833034813404083}, {""label"": ""approval"", ""score"": 0.14557017385959625}, {""label"": ""neutral"", ""score"": 0.10623263567686081}]",non_irony,0.5526584982872009,False,non-offensive,0.8434349298477173,False
2025-02-01,HP-IND-006,5,Customer service was amazing. They resolved my query within minutes.,positive,0.6071091294288635,0.5,0.5974647468222958,"{""very negative"": 0.017765464261174202, ""neutral"": 0.03513293340802193, ""positive"": 0.6071091294288635, ""very positive"": 0.31808170676231384}",admiration,"{""admiration"": 0.9301038980484009}","[{""label"": ""admiration"", ""score"": 0.9301038980484009}, {""label"": ""approval"", ""score"": 0.06624912470579147}, {""label"": ""neutral"", ""score"": 0.026406768709421158}, {""label"": ""excitement"", ""score"": 0.022681886330246925}, {""label"": ""joy"", ""score"": 0.018670279532670975}]",irony,0.8352649807929993,True,non-offensive,0.9490030407905579,False
2024-12-09,HP-IND-006,5,Display is gorgeous with vibrant colors and deep blacks. Very impressed!,positive,0.6351503133773804,0.5,0.581952468814245,"{""very negative"": 0.017654336988925934, ""neutral"": 0.037703920155763626, ""positive"": 0.6351503133773804, ""very positive"": 0.2894969880580902}",admiration,"{""admiration"": 0.9594106674194336}","[{""label"": ""admiration"", ""score"": 0.9594106674194336}, {""label"": ""approval"", ""score"": 0.028953349217772484}, {""label"": ""neutral"", ""score"": 0.013620489276945591}, {""label"": ""excitement"", ""score"": 0.008283348754048347}, {""label"": ""gratitude"", ""score"": 0.008044804446399212}]",non_irony,0.8086977601051331,False,non-offensive,0.9492805600166321,False
2025-01-06,TB-IND-007,2,Delivery was delayed by 2 weeks and the product arrived damaged.,very negative,0.2179221659898758,-1.0,-0.5323195026573361,"{""very negative"": 0.2179221659898758, ""neutral"": 0.07148028910160065, ""positive"": 0.02215690352022648, ""very positive"": 0.02215690352022648}",disappointment,"{""disappointment"": 0.6985851526260376}","[{""label"": ""disappointment"", ""score"": 0.6985851526260376}, {""label"": ""neutral"", ""score"": 0.26860493421554565}, {""label"": ""annoyance"", ""score"": 0.10525964200496674}, {""label"": ""sadness"", ""score"": 0.09905389696359634}, {""label"": ""disapproval"", ""score"": 0.036296263337135315}]",non_irony,0.7698453068733215,False,non-offensive,0.8377794027328491,False
2024-10-20,MB-IND-002,1,The battery dies faster than my enthusiasm for this brand. Remarkable achievement!,positive,0.7221293449401855,0.5,0.7025799770686348,"{""very negative"": 0.0158077459782362, ""neutral"": 0.03211413696408272, ""positive"": 0.7221293449401855, ""very positive"": 0.7221293449401855}",admiration,"{""admiration"": 0.9155632853507996}","[{""label"": ""admiration"", ""score"": 0.9155632853507996}, {""label"": ""approval"", ""score"": 0.058518778532743454}, {""label"": ""excitement"", ""score"": 0.057543788105249405}, {""label"": ""neutral"", ""score"": 0.024362027645111084}, {""label"": ""surprise"", ""score"": 0.020907849073410034}]",irony,0.943659245967865,True,non-offensive,0.8459072709083557,False
2024-11-11,TV-IND-001,5,Setup was a breeze. Works perfectly right out of the box.,positive,0.7648035287857056,0.5,0.47922752030908433,"{""very negative"": 0.018615633249282837, ""neutral"": 0.0714670941233635, ""positive"": 0.7648035287857056, ""very positive"": 0.12313982099294662}",approval,"{""approval"": 0.4734435975551605}","[{""label"": ""approval"", ""score"": 0.4734435975551605}, {""label"": ""neutral"", ""score"": 0.22926150262355804}, {""label"": ""admiration"", ""score"": 0.15972226858139038}, {""label"": ""joy"", ""score"": 0.12473662942647934}, {""label"": ""realization"", ""score"": 0.03085273876786232}]",non_irony,0.7767495512962341,False,non-offensive,0.8942966461181641,False
2024-10-29,AC-IND-005,1,"Sure, who needs customer service anyway? Waiting 4 weeks builds character!",neutral,0.7354669570922852,0.0,0.08089343274446564,"{""very negative"": 0.022473178803920746, ""neutral"": 0.7354669570922852, ""positive"": 0.13158436119556427, ""very positive"": 0.04536167159676552}","approval,neutral","{""approval"": 0.39447733759880066, ""neutral"": 0.3930034935474396}","[{""label"": ""approval"", ""score"": 0.39447733759880066}, {""label"": ""neutral"", ""score"": 0.3930034935474396}, {""label"": ""curiosity"", ""score"": 0.25203585624694824}, {""label"": ""confusion"", ""score"": 0.058140382170677185}, {""label"": ""realization"", ""score"": 0.018022604286670685}]",irony,0.8940737843513489,True,non-offensive,0.8660460114479065,False
2025-01-17,TV-IND-001,3,Product is fine for basic use but power users might find it limiting.,neutral,0.2278260439634323,0.0,0.13598060049171318,"{""very negative"": 0.017182493582367897, ""neutral"": 0.2278260439634323, ""positive"": 0.11778126657009125, ""very positive"": 0.021471703425049782}","neutral,approval","{""neutral"": 0.6480686068534851, ""approval"": 0.39360511302948}","[{""label"": ""neutral"", ""score"": 0.6480686068534851}, {""label"": ""approval"", ""score"": 0.39360511302948}, {""label"": ""realization"", ""score"": 0.027473531663417816}, {""label"": ""optimism"", ""score"": 0.021502286195755005}, {""label"": ""disapproval"", ""score"": 0.013942357152700424}]",non_irony,0.6216647624969482,False,non-offensive,0.8438470363616943,False
2024-11-08,TV-IND-001,1,"Excelente producto, muy buena calidad y buen precio. Totalmente recomendado.",positive,0.5041067004203796,0.5,0.6816197815857253,"{""very negative"": 0.020635204389691353, ""neutral"": 0.014463076367974281, ""positive"": 0.5041067004203796, ""very positive"": 0.5041067004203796}",neutral,"{""neutral"": 0.6544529795646667}","[{""label"": ""neutral"", ""score"": 0.6544529795646667}, {""label"": ""admiration"", ""score"": 0.23028439283370972}, {""label"": ""approval"", ""score"": 0.12289128452539444}, {""label"": ""disapproval"", ""score"": 0.007028191816061735}, {""label"": ""realization"", ""score"": 0.0057449983432888985}]",non_irony,0.9285407662391663,False,non-offensive,0.7380510568618774,False
2024-12-10,WM-IND-004,5,"Sound quality is phenomenal, crisp highs and deep bass. Worth every penny.",positive,0.49539729952812195,0.5,0.6590491162612364,"{""very negative"": 0.019894424825906754, ""neutral"": 0.05166413262486458, ""positive"": 0.49539729952812195, ""very positive"": 0.49539729952812195}",admiration,"{""admiration"": 0.9490026235580444}","[{""label"": ""admiration"", ""score"": 0.9490026235580444}, {""label"": ""approval"", ""score"": 0.04883971065282822}, {""label"": ""neutral"", ""score"": 0.030404893681406975}, {""label"": ""gratitude"", ""score"": 0.010029646568000317}, {""label"": ""disapproval"", ""score"": 0.006704993546009064}]",non_irony,0.7751739025115967,False,non-offensive,0.8951526284217834,False
2025-02-06,AC-IND-005,1,Software is buggy and crashes frequently. Needs serious updates.,very negative,0.16292156279087067,-1.0,-0.549398270482279,"{""very negative"": 0.16292156279087067, ""neutral"": 0.038247622549533844, ""positive"": 0.017066175118088722, ""very positive"": 0.017066175118088722}",annoyance,"{""annoyance"": 0.35407698154449463}","[{""label"": ""annoyance"", ""score"": 0.35407698154449463}, {""label"": ""disappointment"", ""score"": 0.2594839036464691}, {""label"": ""neutral"", ""score"": 0.24903368949890137}, {""label"": ""disapproval"", ""score"": 0.0876527801156044}, {""label"": ""approval"", ""score"": 0.08709853142499924}]",non_irony,0.9079406261444092,False,non-offensive,0.7005749940872192,False
2025-03-15,RF-IND-008,3,"Average performance. Some features are good, others need improvement.",positive,0.61644446849823,0.5,0.34826672452702356,"{""very negative"": 0.025447191670536995, ""neutral"": 0.1476220041513443, ""positive"": 0.61644446849823, ""very positive"": 0.021131806075572968}","approval,admiration","{""approval"": 0.6711743474006653, ""admiration"": 0.3304252624511719}","[{""label"": ""approval"", ""score"": 0.6711743474006653}, {""label"": ""admiration"", ""score"": 0.3304252624511719}, {""label"": ""neutral"", ""score"": 0.1314345896244049}, {""label"": ""optimism"", ""score"": 0.0660710483789444}, {""label"": ""realization"", ""score"": 0.028510229662060738}]",non_irony,0.9071303606033325,False,non-offensive,0.930716335773468,False
2025-01-24,RF-IND-008,2,"Battery drains extremely fast, barely lasts 4 hours. Very disappointed.",very negative,0.6408287286758423,-1.0,-0.693952186917115,"{""very negative"": 0.6408287286758423, ""neutral"": 0.027352793142199516, ""positive"": 0.018346326425671577, ""very positive"": 0.01826965995132923}",disappointment,"{""disappointment"": 0.8434377312660217}","[{""label"": ""disappointment"", ""score"": 0.8434377312660217}, {""label"": ""annoyance"", ""score"": 0.10580381751060486}, {""label"": ""neutral"", ""score"": 0.10369166731834412}, {""label"": ""disapproval"", ""score"": 0.08525507897138596}, {""label"": ""sadness"", ""score"": 0.06935909390449524}]",non_irony,0.9296731352806091,False,non-offensive,0.7599592208862305,False
2025-03-01,LP-IND-003,1,Overheats constantly during normal usage. Had to return it.,neutral,0.11558523774147034,0.0,-0.36611235721466906,"{""very negative"": 0.10191556066274643, ""neutral"": 0.11558523774147034, ""positive"": 0.016096526756882668, ""very positive"": 0.016096526756882668}",neutral,"{""neutral"": 0.9388406872749329}","[{""label"": ""neutral"", ""score"": 0.9388406872749329}, {""label"": ""approval"", ""score"": 0.02460838295519352}, {""label"": ""annoyance"", ""score"": 0.019031492993235588}, {""label"": ""realization"", ""score"": 0.016972018405795097}, {""label"": ""disappointment"", ""score"": 0.011426879093050957}]",non_irony,0.9186547994613647,False,non-offensive,0.881855309009552,False
2025-02-14,LP-IND-003,1,Software is buggy and crashes frequently. Needs serious updates.,very negative,0.16292156279087067,-1.0,-0.549398270482279,"{""very negative"": 0.16292156279087067, ""neutral"": 0.038247622549533844, ""positive"": 0.017066175118088722, ""very positive"": 0.017066175118088722}",annoyance,"{""annoyance"": 0.35407698154449463}","[{""label"": ""annoyance"", ""score"": 0.35407698154449463}, {""label"": ""disappointment"", ""score"": 0.2594839036464691}, {""label"": ""neutral"", ""score"": 0.24903368949890137}, {""label"": ""disapproval"", ""score"": 0.0876527801156044}, {""label"": ""approval"", ""score"": 0.08709853142499924}]",non_irony,0.9079406261444092,False,non-offensive,0.7005749940872192,False
2024-10-25,TV-IND-001,3,Decent product for the price. Nothing extraordinary but gets the job done.,positive,0.9262930154800415,0.5,0.4699002944402194,"{""very negative"": 0.008937007747590542, ""neutral"": 0.029806025326251984, ""positive"": 0.9262930154800415, ""very positive"": 0.014957997016608715}",admiration,"{""admiration"": 0.8266987204551697}","[{""label"": ""admiration"", ""score"": 0.8266987204551697}, {""label"": ""approval"", ""score"": 0.24115855991840363}, {""label"": ""neutral"", ""score"": 0.08824765682220459}, {""label"": ""realization"", ""score"": 0.015828154981136322}, {""label"": ""gratitude"", ""score"": 0.015294903889298439}]",non_irony,0.8037245869636536,False,non-offensive,0.9300389289855957,False
2025-02-27,RF-IND-008,2,"Battery drains extremely fast, barely lasts 4 hours. Very disappointed.",very negative,0.6408287286758423,-1.0,-0.693952186917115,"{""very negative"": 0.6408287286758423, ""neutral"": 0.027352793142199516, ""positive"": 0.018346326425671577, ""very positive"": 0.01826965995132923}",disappointment,"{""disappointment"": 0.8434377312660217}","[{""label"": ""disappointment"", ""score"": 0.8434377312660217}, {""label"": ""annoyance"", ""score"": 0.10580381751060486}, {""label"": ""neutral"", ""score"": 0.10369166731834412}, {""label"": ""disapproval"", ""score"": 0.08525507897138596}, {""label"": ""sadness"", ""score"": 0.06935909390449524}]",non_irony,0.9296731352806091,False,non-offensive,0.7599592208862305,False
2025-02-17,HP-IND-006,3,"Sehr gutes Produkt, schnelle Lieferung und tolle Qualitat. Empfehlenswert!",positive,0.5607585906982422,0.5,0.63179622013243,"{""very negative"": 0.019466347992420197, ""neutral"": 0.01999477855861187, ""positive"": 0.5607585906982422, ""very positive"": 0.3811355233192444}",neutral,"{""neutral"": 0.9314554929733276}","[{""label"": ""neutral"", ""score"": 0.9314554929733276}, {""label"": ""approval"", ""score"": 0.03372388705611229}, {""label"": ""annoyance"", ""score"": 0.009257086552679539}, {""label"": ""admiration"", ""score"": 0.006478950381278992}, {""label"": ""realization"", ""score"": 0.0048216269351542}]",non_irony,0.9127270579338074,False,non-offensive,0.7963050007820129,False
2025-01-03,HP-IND-006,1,Delivery was delayed by 2 weeks and the product arrived damaged.,very negative,0.2179221659898758,-1.0,-0.5323195026573361,"{""very negative"": 0.2179221659898758, ""neutral"": 0.07148028910160065, ""positive"": 0.02215690352022648, ""very positive"": 0.02215690352022648}",disappointment,"{""disappointment"": 0.6985851526260376}","[{""label"": ""disappointment"", ""score"": 0.6985851526260376}, {""label"": ""neutral"", ""score"": 0.26860493421554565}, {""label"": ""annoyance"", ""score"": 0.10525964200496674}, {""label"": ""sadness"", ""score"": 0.09905389696359634}, {""label"": ""disapproval"", ""score"": 0.036296263337135315}]",non_irony,0.7698453068733215,False,non-offensive,0.8377794027328491,False
2025-02-06,TB-IND-007,3,"Produit moyen, rien de special. Correct pour le prix.",neutral,0.5150242447853088,0.0,-0.05506495812182074,"{""very negative"": 0.06442885845899582, ""neutral"": 0.5150242447853088, ""positive"": 0.053058139979839325, ""very positive"": 0.03008083999156952}","neutral,approval","{""neutral"": 0.7311878800392151, ""approval"": 0.37109485268592834}","[{""label"": ""neutral"", ""score"": 0.7311878800392151}, {""label"": ""approval"", ""score"": 0.37109485268592834}, {""label"": ""realization"", ""score"": 0.009801529347896576}, {""label"": ""disapproval"", ""score"": 0.0073822857812047005}, {""label"": ""optimism"", ""score"": 0.0072937230579555035}]",non_irony,0.9293095469474792,False,non-offensive,0.8186534643173218,False
2024-11-04,LP-IND-003,2,Screen cracked with normal use. Quality control is terrible.,very negative,0.5559578537940979,-1.0,-0.6692550732481275,"{""very negative"": 0.5559578537940979, ""neutral"": 0.049877576529979706, ""positive"": 0.019869836047291756, ""very positive"": 0.019869836047291756}",fear,"{""fear"": 0.6690434813499451}","[{""label"": ""fear"", ""score"": 0.6690434813499451}, {""label"": ""disgust"", ""score"": 0.12236551195383072}, {""label"": ""neutral"", ""score"": 0.052940722554922104}, {""label"": ""annoyance"", ""score"": 0.04901452735066414}, {""label"": ""disapproval"", ""score"": 0.03401099890470505}]",non_irony,0.7531394362449646,False,non-offensive,0.6582257747650146,False
2024-10-08,WM-IND-004,1,"Sure, who needs customer service anyway? Waiting 4 weeks builds character!",neutral,0.7354669570922852,0.0,0.08089343274446564,"{""very negative"": 0.022473178803920746, ""neutral"": 0.7354669570922852, ""positive"": 0.13158436119556427, ""very positive"": 0.04536167159676552}","approval,neutral","{""approval"": 0.39447733759880066, ""neutral"": 0.3930034935474396}","[{""label"": ""approval"", ""score"": 0.39447733759880066}, {""label"": ""neutral"", ""score"": 0.3930034935474396}, {""label"": ""curiosity"", ""score"": 0.25203585624694824}, {""label"": ""confusion"", ""score"": 0.058140382170677185}, {""label"": ""realization"", ""score"": 0.018022604286670685}]",irony,0.8940737843513489,True,non-offensive,0.8660460114479065,False
2024-10-08,RF-IND-008,4,"The camera quality is outstanding, perfect for everyday photography.",positive,0.4490591287612915,0.5,0.6009954280279384,"{""very negative"": 0.025144625455141068, ""neutral"": 0.08400725573301315, ""positive"": 0.4490591287612915, ""very positive"": 0.41047510504722595}",admiration,"{""admiration"": 0.9424173831939697}","[{""label"": ""admiration"", ""score"": 0.9424173831939697}, {""label"": ""approval"", ""score"": 0.058339230716228485}, {""label"": ""neutral"", ""score"": 0.0315530002117157}, {""label"": ""gratitude"", ""score"": 0.010911427438259125}, {""label"": ""realization"", ""score"": 0.006474080961197615}]",irony,0.561927080154419,True,non-offensive,0.924063503742218,False
2024-11-21,LP-IND-003,4,The processor handles multitasking effortlessly. No lag whatsoever.,neutral,0.7597368359565735,0.0,0.00797338825580054,"{""very negative"": 0.045921143144369125, ""neutral"": 0.7597368359565735, ""positive"": 0.05292467027902603, ""very positive"": 0.05003025010228157}","admiration,approval,neutral","{""admiration"": 0.3868221342563629, ""approval"": 0.3720160722732544, ""neutral"": 0.3502216339111328}","[{""label"": ""admiration"", ""score"": 0.3868221342563629}, {""label"": ""approval"", ""score"": 0.3720160722732544}, {""label"": ""neutral"", ""score"": 0.3502216339111328}, {""label"": ""realization"", ""score"": 0.014902401715517044}, {""label"": ""pride"", ""score"": 0.008550484664738178}]",irony,0.5463454127311707,True,non-offensive,0.8667475581169128,False
2024-12-10,AC-IND-005,4,The smart features are intuitive and the app integration works seamlessly.,positive,0.8389089703559875,0.5,0.49421363552263087,"{""very negative"": 0.015078968368470669, ""neutral"": 0.0321933850646019, ""positive"": 0.8389089703559875, ""very positive"": 0.09604666382074356}",approval,"{""approval"": 0.7188327312469482}","[{""label"": ""approval"", ""score"": 0.7188327312469482}, {""label"": ""neutral"", ""score"": 0.23967300355434418}, {""label"": ""admiration"", ""score"": 0.1221417710185051}, {""label"": ""realization"", ""score"": 0.02103411592543125}, {""label"": ""optimism"", ""score"": 0.010465051047503948}]",irony,0.6668115258216858,True,non-offensive,0.9256442189216614,False
2024-11-23,AC-IND-005,4,Photo quality rivals phones twice the price. Very happy with the camera.,positive,0.9200547933578491,0.5,0.4818561179793535,"{""very negative"": 0.009893827140331268, ""neutral"": 0.01960623636841774, ""positive"": 0.9200547933578491, ""very positive"": 0.03305947035551071}",joy,"{""joy"": 0.8326600790023804}","[{""label"": ""joy"", ""score"": 0.8326600790023804}, {""label"": ""admiration"", ""score"": 0.12147273868322372}, {""label"": ""approval"", ""score"": 0.08454403281211853}, {""label"": ""neutral"", ""score"": 0.041709545999765396}, {""label"": ""relief"", ""score"": 0.027668539434671402}]",non_irony,0.5060417652130127,False,non-offensive,0.9031765460968018,False
2024-10-21,RF-IND-008,2,Bluetooth connectivity drops every few minutes. Extremely frustrating.,very negative,0.6028462648391724,-1.0,-0.6743283178692285,"{""very negative"": 0.6028462648391724, ""neutral"": 0.050933293998241425, ""positive"": 0.02046809531748295, ""very positive"": 0.019622648134827614}",annoyance,"{""annoyance"": 0.755325436592102}","[{""label"": ""annoyance"", ""score"": 0.755325436592102}, {""label"": ""anger"", ""score"": 0.23799586296081543}, {""label"": ""neutral"", ""score"": 0.06979986280202866}, {""label"": ""disappointment"", ""score"": 0.05000713840126991}, {""label"": ""disapproval"", ""score"": 0.037070609629154205}]",irony,0.6903656721115112,True,non-offensive,0.7488885521888733,False
2025-01-31,LP-IND-003,4,"Fast delivery, great packaging, and the product works flawlessly.",positive,0.6741796135902405,0.5,0.5512896068214521,"{""very negative"": 0.01956154778599739, ""neutral"": 0.04252088442444801, ""positive"": 0.6741796135902405, ""very positive"": 0.24276283383369446}",admiration,"{""admiration"": 0.9123939275741577}","[{""label"": ""admiration"", ""score"": 0.9123939275741577}, {""label"": ""approval"", ""score"": 0.11531123518943787}, {""label"": ""neutral"", ""score"": 0.05167611688375473}, {""label"": ""gratitude"", ""score"": 0.016645468771457672}, {""label"": ""realization"", ""score"": 0.009102078154683113}]",irony,0.6614562273025513,True,non-offensive,0.9098259210586548,False
2025-01-07,MB-IND-002,4,"The camera quality is outstanding, perfect for everyday photography.",positive,0.4490591287612915,0.5,0.6009954280279384,"{""very negative"": 0.025144625455141068, ""neutral"": 0.08400725573301315, ""positive"": 0.4490591287612915, ""very positive"": 0.41047510504722595}",admiration,"{""admiration"": 0.9424173831939697}","[{""label"": ""admiration"", ""score"": 0.9424173831939697}, {""label"": ""approval"", ""score"": 0.058339230716228485}, {""label"": ""neutral"", ""score"": 0.0315530002117157}, {""label"": ""gratitude"", ""score"": 0.010911427438259125}, {""label"": ""realization"", ""score"": 0.006474080961197615}]",irony,0.561927080154419,True,non-offensive,0.924063503742218,False
2025-01-11,HP-IND-006,5,"Sound quality is phenomenal, crisp highs and deep bass. Worth every penny.",positive,0.49539729952812195,0.5,0.6590491162612364,"{""very negative"": 0.019894424825906754, ""neutral"": 0.05166413262486458, ""positive"": 0.49539729952812195, ""very positive"": 0.49539729952812195}",admiration,"{""admiration"": 0.9490026235580444}","[{""label"": ""admiration"", ""score"": 0.9490026235580444}, {""label"": ""approval"", ""score"": 0.04883971065282822}, {""label"": ""neutral"", ""score"": 0.030404893681406975}, {""label"": ""gratitude"", ""score"": 0.010029646568000317}, {""label"": ""disapproval"", ""score"": 0.006704993546009064}]",non_irony,0.7751739025115967,False,non-offensive,0.8951526284217834,False
2024-12-06,MB-IND-002,3,Some features work well but others feel half-baked and unfinished.,neutral,0.11231619864702225,0.0,-0.017368461427197737,"{""very negative"": 0.024700509384274483, ""neutral"": 0.11231619864702225, ""positive"": 0.031947653740644455, ""very positive"": 0.017410876229405403}",neutral,"{""neutral"": 0.42452213168144226}","[{""label"": ""neutral"", ""score"": 0.42452213168144226}, {""label"": ""approval"", ""score"": 0.262663334608078}, {""label"": ""disapproval"", ""score"": 0.08497705310583115}, {""label"": ""disappointment"", ""score"": 0.07289377599954605}, {""label"": ""annoyance"", ""score"": 0.06537593901157379}]",non_irony,0.7920966744422913,False,non-offensive,0.8468405604362488,False
2025-01-21,LP-IND-003,1,What a fantastic feature - random shutdowns keep life exciting and unpredictable!,positive,0.5706542134284973,0.5,0.649035807029748,"{""very negative"": 0.027282441034913063, ""neutral"": 0.05992436781525612, ""positive"": 0.5706542134284973, ""very positive"": 0.5706542134284973}","excitement,admiration","{""excitement"": 0.6452254056930542, ""admiration"": 0.5212389230728149}","[{""label"": ""excitement"", ""score"": 0.6452254056930542}, {""label"": ""admiration"", ""score"": 0.5212389230728149}, {""label"": ""joy"", ""score"": 0.09005238115787506}, {""label"": ""curiosity"", ""score"": 0.03715738654136658}, {""label"": ""approval"", ""score"": 0.03235604241490364}]",irony,0.9249007105827332,True,non-offensive,0.9284485578536987,False
2024-12-03,LP-IND-003,2,"Produit moyen, rien de special. Correct pour le prix.",neutral,0.5150242447853088,0.0,-0.05506495812182074,"{""very negative"": 0.06442885845899582, ""neutral"": 0.5150242447853088, ""positive"": 0.053058139979839325, ""very positive"": 0.03008083999156952}","neutral,approval","{""neutral"": 0.7311878800392151, ""approval"": 0.37109485268592834}","[{""label"": ""neutral"", ""score"": 0.7311878800392151}, {""label"": ""approval"", ""score"": 0.37109485268592834}, {""label"": ""realization"", ""score"": 0.009801529347896576}, {""label"": ""disapproval"", ""score"": 0.0073822857812047005}, {""label"": ""optimism"", ""score"": 0.0072937230579555035}]",non_irony,0.9293095469474792,False,non-offensive,0.8186534643173218,False
2024-12-22,HP-IND-006,1,What a fantastic feature - random shutdowns keep life exciting and unpredictable!,positive,0.5706542134284973,0.5,0.649035807029748,"{""very negative"": 0.027282441034913063, ""neutral"": 0.05992436781525612, ""positive"": 0.5706542134284973, ""very positive"": 0.5706542134284973}","excitement,admiration","{""excitement"": 0.6452254056930542, ""admiration"": 0.5212389230728149}","[{""label"": ""excitement"", ""score"": 0.6452254056930542}, {""label"": ""admiration"", ""score"": 0.5212389230728149}, {""label"": ""joy"", ""score"": 0.09005238115787506}, {""label"": ""curiosity"", ""score"": 0.03715738654136658}, {""label"": ""approval"", ""score"": 0.03235604241490364}]",irony,0.9249007105827332,True,non-offensive,0.9284485578536987,False
2024-10-11,MB-IND-002,5,Energy efficient and very quiet operation. Highly recommend!,positive,0.7586772441864014,0.5,0.5307734316802475,"{""very negative"": 0.016845209524035454, ""neutral"": 0.03081432357430458, ""positive"": 0.7586772441864014, ""very positive"": 0.17657209932804108}",admiration,"{""admiration"": 0.8203734159469604}","[{""label"": ""admiration"", ""score"": 0.8203734159469604}, {""label"": ""approval"", ""score"": 0.24129898846149445}, {""label"": ""gratitude"", ""score"": 0.08020996302366257}, {""label"": ""neutral"", ""score"": 0.031993474811315536}, {""label"": ""optimism"", ""score"": 0.015411066822707653}]",non_irony,0.5187515020370483,False,non-offensive,0.9350569248199463,False
2024-10-19,TV-IND-001,5,"Screen resolution is crystal clear, perfect for streaming and gaming.",positive,0.392398476600647,0.5,0.542207413406494,"{""very negative"": 0.025593694299459457, ""neutral"": 0.16940507292747498, ""positive"": 0.392398476600647, ""very positive"": 0.38130703568458557}",approval,"{""approval"": 0.5070986747741699}","[{""label"": ""approval"", ""score"": 0.5070986747741699}, {""label"": ""neutral"", ""score"": 0.2965473234653473}, {""label"": ""admiration"", ""score"": 0.2750425338745117}, {""label"": ""realization"", ""score"": 0.009711122140288353}, {""label"": ""optimism"", ""score"": 0.009128984063863754}]",irony,0.6862936615943909,True,non-offensive,0.9093480110168457,False
2024-10-04,RF-IND-008,5,"Screen resolution is crystal clear, perfect for streaming and gaming.",positive,0.392398476600647,0.5,0.542207413406494,"{""very negative"": 0.025593694299459457, ""neutral"": 0.16940507292747498, ""positive"": 0.392398476600647, ""very positive"": 0.38130703568458557}",approval,"{""approval"": 0.5070986747741699}","[{""label"": ""approval"", ""score"": 0.5070986747741699}, {""label"": ""neutral"", ""score"": 0.2965473234653473}, {""label"": ""admiration"", ""score"": 0.2750425338745117}, {""label"": ""realization"", ""score"": 0.009711122140288353}, {""label"": ""optimism"", ""score"": 0.009128984063863754}]",irony,0.6862936615943909,True,non-offensive,0.9093480110168457,False
2024-11-05,HP-IND-006,3,Packaging was good but product is just average in terms of quality.,neutral,0.22643636167049408,0.0,0.02154465263355148,"{""very negative"": 0.020769914612174034, ""neutral"": 0.22643636167049408, ""positive"": 0.03994236886501312, ""very positive"": 0.018210014328360558}","disappointment,admiration","{""disappointment"": 0.35051408410072327, ""admiration"": 0.31660306453704834}","[{""label"": ""disappointment"", ""score"": 0.35051408410072327}, {""label"": ""admiration"", ""score"": 0.31660306453704834}, {""label"": ""disapproval"", ""score"": 0.20833034813404083}, {""label"": ""approval"", ""score"": 0.14557017385959625}, {""label"": ""neutral"", ""score"": 0.10623263567686081}]",non_irony,0.5526584982872009,False,non-offensive,0.8434349298477173,False
2024-10-09,TB-IND-007,4,"Battery life is incredible, easily lasts two full days with heavy usage.",positive,0.5513941645622253,0.5,0.65847089364473,"{""very negative"": 0.022336257621645927, ""neutral"": 0.05773572251200676, ""positive"": 0.5513941645622253, ""very positive"": 0.5513941645622253}",admiration,"{""admiration"": 0.9398247599601746}","[{""label"": ""admiration"", ""score"": 0.9398247599601746}, {""label"": ""approval"", ""score"": 0.055740565061569214}, {""label"": ""neutral"", ""score"": 0.025282323360443115}, {""label"": ""excitement"", ""score"": 0.016244882717728615}, {""label"": ""optimism"", ""score"": 0.009911395609378815}]",irony,0.7044013738632202,True,non-offensive,0.8911383748054504,False
2024-10-10,HP-IND-006,1,Terrible experience. Product stopped working within a week of purchase.,very negative,0.49440306425094604,-1.0,-0.6392283390705386,"{""very negative"": 0.49440306425094604, ""neutral"": 0.08719932287931442, ""positive"": 0.01936017908155918, ""very positive"": 0.01936017908155918}",sadness,"{""sadness"": 0.39730533957481384}","[{""label"": ""sadness"", ""score"": 0.39730533957481384}, {""label"": ""fear"", ""score"": 0.2838751971721649}, {""label"": ""disappointment"", ""score"": 0.2159164994955063}, {""label"": ""nervousness"", ""score"": 0.041859596967697144}, {""label"": ""annoyance"", ""score"": 0.027089202776551247}]",non_irony,0.8665359616279602,False,non-offensive,0.810444176197052,False
2025-01-06,WM-IND-004,2,"Excelente producto, muy buena calidad y buen precio. Totalmente recomendado.",positive,0.5041067004203796,0.5,0.6816197815857253,"{""very negative"": 0.020635204389691353, ""neutral"": 0.014463076367974281, ""positive"": 0.5041067004203796, ""very positive"": 0.5041067004203796}",neutral,"{""neutral"": 0.6544529795646667}","[{""label"": ""neutral"", ""score"": 0.6544529795646667}, {""label"": ""admiration"", ""score"": 0.23028439283370972}, {""label"": ""approval"", ""score"": 0.12289128452539444}, {""label"": ""disapproval"", ""score"": 0.007028191816061735}, {""label"": ""realization"", ""score"": 0.0057449983432888985}]",non_irony,0.9285407662391663,False,non-offensive,0.7380510568618774,False
2024-12-01,TV-IND-001,3,Decent product for the price. Nothing extraordinary but gets the job done.,positive,0.9262930154800415,0.5,0.4699002944402194,"{""very negative"": 0.008937007747590542, ""neutral"": 0.029806025326251984, ""positive"": 0.9262930154800415, ""very positive"": 0.014957997016608715}",admiration,"{""admiration"": 0.8266987204551697}","[{""label"": ""admiration"", ""score"": 0.8266987204551697}, {""label"": ""approval"", ""score"": 0.24115855991840363}, {""label"": ""neutral"", ""score"": 0.08824765682220459}, {""label"": ""realization"", ""score"": 0.015828154981136322}, {""label"": ""gratitude"", ""score"": 0.015294903889298439}]",non_irony,0.8037245869636536,False,non-offensive,0.9300389289855957,False
2025-01-15,MB-IND-002,1,Sound quality is tinny and distorted at higher volumes. Not acceptable.,very negative,0.12479760497808456,-1.0,-0.493778516965209,"{""very negative"": 0.12479760497808456, ""neutral"": 0.04836035519838333, ""positive"": 0.01610911823809147, ""very positive"": 0.01610911823809147}",disapproval,"{""disapproval"": 0.7381646633148193}","[{""label"": ""disapproval"", ""score"": 0.7381646633148193}, {""label"": ""annoyance"", ""score"": 0.21084058284759521}, {""label"": ""neutral"", ""score"": 0.112130306661129}, {""label"": ""disappointment"", ""score"": 0.06412441283464432}, {""label"": ""approval"", ""score"": 0.023751674219965935}]",non_irony,0.9257212281227112,False,non-offensive,0.7237016558647156,False
2025-03-11,TB-IND-007,3,"Produit de mauvaise qualite, je suis tres decu. Ne recommande pas.",very negative,0.376915842294693,-1.0,-0.6515037909879426,"{""very negative"": 0.376915842294693, ""neutral"": 0.02833167091012001, ""positive"": 0.024450555443763733, ""very positive"": 0.01673412136733532}",neutral,"{""neutral"": 0.9460828304290771}","[{""label"": ""neutral"", ""score"": 0.9460828304290771}, {""label"": ""approval"", ""score"": 0.029701441526412964}, {""label"": ""disapproval"", ""score"": 0.009891659021377563}, {""label"": ""realization"", ""score"": 0.00757063552737236}, {""label"": ""annoyance"", ""score"": 0.006734327878803015}]",non_irony,0.8884108662605286,False,non-offensive,0.8112044930458069,False
2024-12-26,RF-IND-008,5,"Produit de mauvaise qualite, je suis tres decu. Ne recommande pas.",very negative,0.376915842294693,-1.0,-0.6515037909879426,"{""very negative"": 0.376915842294693, ""neutral"": 0.02833167091012001, ""positive"": 0.024450555443763733, ""very positive"": 0.01673412136733532}",neutral,"{""neutral"": 0.9460828304290771}","[{""label"": ""neutral"", ""score"": 0.9460828304290771}, {""label"": ""approval"", ""score"": 0.029701441526412964}, {""label"": ""disapproval"", ""score"": 0.009891659021377563}, {""label"": ""realization"", ""score"": 0.00757063552737236}, {""label"": ""annoyance"", ""score"": 0.006734327878803015}]",non_irony,0.8884108662605286,False,non-offensive,0.8112044930458069,False
2025-01-21,MB-IND-002,2,Delivery was delayed by 2 weeks and the product arrived damaged.,very negative,0.2179221659898758,-1.0,-0.5323195026573361,"{""very negative"": 0.2179221659898758, ""neutral"": 0.07148028910160065, ""positive"": 0.02215690352022648, ""very positive"": 0.02215690352022648}",disappointment,"{""disappointment"": 0.6985851526260376}","[{""label"": ""disappointment"", ""score"": 0.6985851526260376}, {""label"": ""neutral"", ""score"": 0.26860493421554565}, {""label"": ""annoyance"", ""score"": 0.10525964200496674}, {""label"": ""sadness"", ""score"": 0.09905389696359634}, {""label"": ""disapproval"", ""score"": 0.036296263337135315}]",non_irony,0.7698453068733215,False,non-offensive,0.8377794027328491,False
2024-11-08,TB-IND-007,3,It is okay. Works as expected but nothing special compared to competitors.,positive,0.4286438226699829,0.5,0.3626781987528287,"{""very negative"": 0.015589638613164425, ""neutral"": 0.0978032648563385, ""positive"": 0.4286438226699829, ""very positive"": 0.017732756212353706}",approval,"{""approval"": 0.8651418089866638}","[{""label"": ""approval"", ""score"": 0.8651418089866638}, {""label"": ""neutral"", ""score"": 0.11388786137104034}, {""label"": ""realization"", ""score"": 0.024218831211328506}, {""label"": ""optimism"", ""score"": 0.014182043261826038}, {""label"": ""annoyance"", ""score"": 0.013593513518571854}]",non_irony,0.8429244756698608,False,non-offensive,0.9375155568122864,False
2024-10-31,AC-IND-005,5,The smart features are intuitive and the app integration works seamlessly.,positive,0.8389089703559875,0.5,0.49421363552263087,"{""very negative"": 0.015078968368470669, ""neutral"": 0.0321933850646019, ""positive"": 0.8389089703559875, ""very positive"": 0.09604666382074356}",approval,"{""approval"": 0.7188327312469482}","[{""label"": ""approval"", ""score"": 0.7188327312469482}, {""label"": ""neutral"", ""score"": 0.23967300355434418}, {""label"": ""admiration"", ""score"": 0.1221417710185051}, {""label"": ""realization"", ""score"": 0.02103411592543125}, {""label"": ""optimism"", ""score"": 0.010465051047503948}]",irony,0.6668115258216858,True,non-offensive,0.9256442189216614,False
2024-11-06,LP-IND-003,3,"Sehr gutes Produkt, schnelle Lieferung und tolle Qualitat. Empfehlenswert!",positive,0.5607585906982422,0.5,0.63179622013243,"{""very negative"": 0.019466347992420197, ""neutral"": 0.01999477855861187, ""positive"": 0.5607585906982422, ""very positive"": 0.3811355233192444}",neutral,"{""neutral"": 0.9314554929733276}","[{""label"": ""neutral"", ""score"": 0.9314554929733276}, {""label"": ""approval"", ""score"": 0.03372388705611229}, {""label"": ""annoyance"", ""score"": 0.009257086552679539}, {""label"": ""admiration"", ""score"": 0.006478950381278992}, {""label"": ""realization"", ""score"": 0.0048216269351542}]",non_irony,0.9127270579338074,False,non-offensive,0.7963050007820129,False
2024-12-01,RF-IND-008,3,The camera is absolutely stunning but the battery life is a real letdown. Screen quality is decent though.,very negative,0.10432986915111542,-1.0,-0.45428586728316794,"{""very negative"": 0.10432986915111542, ""neutral"": 0.04633806273341179, ""positive"": 0.020227625966072083, ""very positive"": 0.014680723659694195}","admiration,disappointment","{""admiration"": 0.7581881284713745, ""disappointment"": 0.40491002798080444}","[{""label"": ""admiration"", ""score"": 0.7581881284713745}, {""label"": ""disappointment"", ""score"": 0.40491002798080444}, {""label"": ""disapproval"", ""score"": 0.04816196858882904}, {""label"": ""annoyance"", ""score"": 0.04007705673575401}, {""label"": ""sadness"", ""score"": 0.03249528631567955}]",non_irony,0.7837050557136536,False,non-offensive,0.8634015321731567,False
2024-11-06,TV-IND-001,2,Software is buggy and crashes frequently. Needs serious updates.,very negative,0.16292156279087067,-1.0,-0.549398270482279,"{""very negative"": 0.16292156279087067, ""neutral"": 0.038247622549533844, ""positive"": 0.017066175118088722, ""very positive"": 0.017066175118088722}",annoyance,"{""annoyance"": 0.35407698154449463}","[{""label"": ""annoyance"", ""score"": 0.35407698154449463}, {""label"": ""disappointment"", ""score"": 0.2594839036464691}, {""label"": ""neutral"", ""score"": 0.24903368949890137}, {""label"": ""disapproval"", ""score"": 0.0876527801156044}, {""label"": ""approval"", ""score"": 0.08709853142499924}]",non_irony,0.9079406261444092,False,non-offensive,0.7005749940872192,False
2024-12-11,AC-IND-005,5,"Battery life is incredible, easily lasts two full days with heavy usage.",positive,0.5513941645622253,0.5,0.65847089364473,"{""very negative"": 0.022336257621645927, ""neutral"": 0.05773572251200676, ""positive"": 0.5513941645622253, ""very positive"": 0.5513941645622253}",admiration,"{""admiration"": 0.9398247599601746}","[{""label"": ""admiration"", ""score"": 0.9398247599601746}, {""label"": ""approval"", ""score"": 0.055740565061569214}, {""label"": ""neutral"", ""score"": 0.025282323360443115}, {""label"": ""excitement"", ""score"": 0.016244882717728615}, {""label"": ""optimism"", ""score"": 0.009911395609378815}]",irony,0.7044013738632202,True,non-offensive,0.8911383748054504,False
2024-10-14,TB-IND-007,1,"Installation was a nightmare, instructions were completely wrong.",very negative,0.7697422504425049,-1.0,-0.6977894863586905,"{""very negative"": 0.7697422504425049, ""neutral"": 0.036633219569921494, ""positive"": 0.020193949341773987, ""very positive"": 0.01803928054869175}",disapproval,"{""disapproval"": 0.3163321614265442}","[{""label"": ""disapproval"", ""score"": 0.3163321614265442}, {""label"": ""annoyance"", ""score"": 0.24686093628406525}, {""label"": ""disappointment"", ""score"": 0.15440554916858673}, {""label"": ""neutral"", ""score"": 0.06965956091880798}, {""label"": ""fear"", ""score"": 0.04962696135044098}]",non_irony,0.7851060032844543,False,non-offensive,0.6006593704223633,False
2025-03-14,WM-IND-004,3,It is okay. Works as expected but nothing special compared to competitors.,positive,0.4286438226699829,0.5,0.3626781987528287,"{""very negative"": 0.015589638613164425, ""neutral"": 0.0978032648563385, ""positive"": 0.4286438226699829, ""very positive"": 0.017732756212353706}",approval,"{""approval"": 0.8651418089866638}","[{""label"": ""approval"", ""score"": 0.8651418089866638}, {""label"": ""neutral"", ""score"": 0.11388786137104034}, {""label"": ""realization"", ""score"": 0.024218831211328506}, {""label"": ""optimism"", ""score"": 0.014182043261826038}, {""label"": ""annoyance"", ""score"": 0.013593513518571854}]",non_irony,0.8429244756698608,False,non-offensive,0.9375155568122864,False
2024-10-28,TB-IND-007,1,"Battery drains extremely fast, barely lasts 4 hours. Very disappointed.",very negative,0.6408287286758423,-1.0,-0.693952186917115,"{""very negative"": 0.6408287286758423, ""neutral"": 0.027352793142199516, ""positive"": 0.018346326425671577, ""very positive"": 0.01826965995132923}",disappointment,"{""disappointment"": 0.8434377312660217}","[{""label"": ""disappointment"", ""score"": 0.8434377312660217}, {""label"": ""annoyance"", ""score"": 0.10580381751060486}, {""label"": ""neutral"", ""score"": 0.10369166731834412}, {""label"": ""disapproval"", ""score"": 0.08525507897138596}, {""label"": ""sadness"", ""score"": 0.06935909390449524}]",non_irony,0.9296731352806091,False,non-offensive,0.7599592208862305,False
2025-01-28,HP-IND-006,2,Delivery was delayed by 2 weeks and the product arrived damaged.,very negative,0.2179221659898758,-1.0,-0.5323195026573361,"{""very negative"": 0.2179221659898758, ""neutral"": 0.07148028910160065, ""positive"": 0.02215690352022648, ""very positive"": 0.02215690352022648}",disappointment,"{""disappointment"": 0.6985851526260376}","[{""label"": ""disappointment"", ""score"": 0.6985851526260376}, {""label"": ""neutral"", ""score"": 0.26860493421554565}, {""label"": ""annoyance"", ""score"": 0.10525964200496674}, {""label"": ""sadness"", ""score"": 0.09905389696359634}, {""label"": ""disapproval"", ""score"": 0.036296263337135315}]",non_irony,0.7698453068733215,False,non-offensive,0.8377794027328491,False
2024-11-19,WM-IND-004,3,Product is fine for basic use but power users might find it limiting.,neutral,0.2278260439634323,0.0,0.13598060049171318,"{""very negative"": 0.017182493582367897, ""neutral"": 0.2278260439634323, ""positive"": 0.11778126657009125, ""very positive"": 0.021471703425049782}","neutral,approval","{""neutral"": 0.6480686068534851, ""approval"": 0.39360511302948}","[{""label"": ""neutral"", ""score"": 0.6480686068534851}, {""label"": ""approval"", ""score"": 0.39360511302948}, {""label"": ""realization"", ""score"": 0.027473531663417816}, {""label"": ""optimism"", ""score"": 0.021502286195755005}, {""label"": ""disapproval"", ""score"": 0.013942357152700424}]",non_irony,0.6216647624969482,False,non-offensive,0.8438470363616943,False
2024-12-07,TB-IND-007,4,"Excelente producto, muy buena calidad y buen precio. Totalmente recomendado.",positive,0.5041067004203796,0.5,0.6816197815857253,"{""very negative"": 0.020635204389691353, ""neutral"": 0.014463076367974281, ""positive"": 0.5041067004203796, ""very positive"": 0.5041067004203796}",neutral,"{""neutral"": 0.6544529795646667}","[{""label"": ""neutral"", ""score"": 0.6544529795646667}, {""label"": ""admiration"", ""score"": 0.23028439283370972}, {""label"": ""approval"", ""score"": 0.12289128452539444}, {""label"": ""disapproval"", ""score"": 0.007028191816061735}, {""label"": ""realization"", ""score"": 0.0057449983432888985}]",non_irony,0.9285407662391663,False,non-offensive,0.7380510568618774,False
2024-10-25,AC-IND-005,5,"Sehr gutes Produkt, schnelle Lieferung und tolle Qualitat. Empfehlenswert!",positive,0.5607585906982422,0.5,0.63179622013243,"{""very negative"": 0.019466347992420197, ""neutral"": 0.01999477855861187, ""positive"": 0.5607585906982422, ""very positive"": 0.3811355233192444}",neutral,"{""neutral"": 0.9314554929733276}","[{""label"": ""neutral"", ""score"": 0.9314554929733276}, {""label"": ""approval"", ""score"": 0.03372388705611229}, {""label"": ""annoyance"", ""score"": 0.009257086552679539}, {""label"": ""admiration"", ""score"": 0.006478950381278992}, {""label"": ""realization"", ""score"": 0.0048216269351542}]",non_irony,0.9127270579338074,False,non-offensive,0.7963050007820129,False
2024-12-14,AC-IND-005,4,Customer service was amazing. They resolved my query within minutes.,positive,0.6071091294288635,0.5,0.5974647468222958,"{""very negative"": 0.017765464261174202, ""neutral"": 0.03513293340802193, ""positive"": 0.6071091294288635, ""very positive"": 0.31808170676231384}",admiration,"{""admiration"": 0.9301038980484009}","[{""label"": ""admiration"", ""score"": 0.9301038980484009}, {""label"": ""approval"", ""score"": 0.06624912470579147}, {""label"": ""neutral"", ""score"": 0.026406768709421158}, {""label"": ""excitement"", ""score"": 0.022681886330246925}, {""label"": ""joy"", ""score"": 0.018670279532670975}]",irony,0.8352649807929993,True,non-offensive,0.9490030407905579,False
2024-10-26,MB-IND-002,4,Excellent cooling performance even during peak summer. Very satisfied.,positive,0.7707273960113525,0.5,0.5362639801740339,"{""very negative"": 0.014967979863286018, ""neutral"": 0.02442777529358864, ""positive"": 0.7707273960113525, ""very positive"": 0.17155218124389648}",admiration,"{""admiration"": 0.9331638216972351}","[{""label"": ""admiration"", ""score"": 0.9331638216972351}, {""label"": ""approval"", ""score"": 0.07154010981321335}, {""label"": ""gratitude"", ""score"": 0.04528460651636124}, {""label"": ""neutral"", ""score"": 0.019264668226242065}, {""label"": ""joy"", ""score"": 0.010110114701092243}]",non_irony,0.602388322353363,False,non-offensive,0.9177484512329102,False
2025-02-02,LP-IND-003,5,Absolutely love this product! The build quality is exceptional and performance exceeds expectations.,positive,0.7471796870231628,0.5,0.7025448596220167,"{""very negative"": 0.015530555509030819, ""neutral"": 0.036719899624586105, ""positive"": 0.7471796870231628, ""very positive"": 0.7471796870231628}","admiration,love","{""admiration"": 0.8205865025520325, ""love"": 0.7115253806114197}","[{""label"": ""admiration"", ""score"": 0.8205865025520325}, {""label"": ""love"", ""score"": 0.7115253806114197}, {""label"": ""approval"", ""score"": 0.04455780237913132}, {""label"": ""gratitude"", ""score"": 0.016261670738458633}, {""label"": ""optimism"", ""score"": 0.009366675280034542}]",non_irony,0.8729540109634399,False,non-offensive,0.9555073380470276,False
2024-12-01,LP-IND-003,3,Decent product for the price. Nothing extraordinary but gets the job done.,positive,0.9262930154800415,0.5,0.4699002944402194,"{""very negative"": 0.008937007747590542, ""neutral"": 0.029806025326251984, ""positive"": 0.9262930154800415, ""very positive"": 0.014957997016608715}",admiration,"{""admiration"": 0.8266987204551697}","[{""label"": ""admiration"", ""score"": 0.8266987204551697}, {""label"": ""approval"", ""score"": 0.24115855991840363}, {""label"": ""neutral"", ""score"": 0.08824765682220459}, {""label"": ""realization"", ""score"": 0.015828154981136322}, {""label"": ""gratitude"", ""score"": 0.015294903889298439}]",non_irony,0.8037245869636536,False,non-offensive,0.9300389289855957,False
2024-10-12,AC-IND-005,1,After 3 months the motor started making grinding noises. Poor quality.,very negative,0.21506524085998535,-1.0,-0.5608611558829494,"{""very negative"": 0.21506524085998535, ""neutral"": 0.06599922478199005, ""positive"": 0.018860796466469765, ""very positive"": 0.0155870970338583}","disappointment,neutral","{""disappointment"": 0.5225762724876404, ""neutral"": 0.32229286432266235}","[{""label"": ""disappointment"", ""score"": 0.5225762724876404}, {""label"": ""neutral"", ""score"": 0.32229286432266235}, {""label"": ""annoyance"", ""score"": 0.204111248254776}, {""label"": ""sadness"", ""score"": 0.08719734847545624}, {""label"": ""disapproval"", ""score"": 0.04562728479504585}]",non_irony,0.6407272219657898,False,non-offensive,0.7529452443122864,False
2025-01-05,AC-IND-005,2,"Sure, who needs customer service anyway? Waiting 4 weeks builds character!",neutral,0.7354669570922852,0.0,0.08089343274446564,"{""very negative"": 0.022473178803920746, ""neutral"": 0.7354669570922852, ""positive"": 0.13158436119556427, ""very positive"": 0.04536167159676552}","approval,neutral","{""approval"": 0.39447733759880066, ""neutral"": 0.3930034935474396}","[{""label"": ""approval"", ""score"": 0.39447733759880066}, {""label"": ""neutral"", ""score"": 0.3930034935474396}, {""label"": ""curiosity"", ""score"": 0.25203585624694824}, {""label"": ""confusion"", ""score"": 0.058140382170677185}, {""label"": ""realization"", ""score"": 0.018022604286670685}]",irony,0.8940737843513489,True,non-offensive,0.8660460114479065,False
2025-02-23,RF-IND-008,4,"Excellent sound quality and comfortable fit, but the ANC could be much stronger for the price.",positive,0.15356729924678802,0.5,0.3086620512949099,"{""very negative"": 0.012060086242854595, ""neutral"": 0.07317974418401718, ""positive"": 0.15356729924678802, ""very positive"": 0.027106380090117455}",admiration,"{""admiration"": 0.9374375939369202}","[{""label"": ""admiration"", ""score"": 0.9374375939369202}, {""label"": ""approval"", ""score"": 0.089204341173172}, {""label"": ""neutral"", ""score"": 0.03402496129274368}, {""label"": ""optimism"", ""score"": 0.025380540639162064}, {""label"": ""gratitude"", ""score"": 0.018238363787531853}]",non_irony,0.9199045896530151,False,non-offensive,0.8908013105392456,False
2024-12-04,AC-IND-005,3,It is okay. Works as expected but nothing special compared to competitors.,positive,0.4286438226699829,0.5,0.3626781987528287,"{""very negative"": 0.015589638613164425, ""neutral"": 0.0978032648563385, ""positive"": 0.4286438226699829, ""very positive"": 0.017732756212353706}",approval,"{""approval"": 0.8651418089866638}","[{""label"": ""approval"", ""score"": 0.8651418089866638}, {""label"": ""neutral"", ""score"": 0.11388786137104034}, {""label"": ""realization"", ""score"": 0.024218831211328506}, {""label"": ""optimism"", ""score"": 0.014182043261826038}, {""label"": ""annoyance"", ""score"": 0.013593513518571854}]",non_irony,0.8429244756698608,False,non-offensive,0.9375155568122864,False
2024-12-27,LP-IND-003,1,Screen cracked with normal use. Quality control is terrible.,very negative,0.5559578537940979,-1.0,-0.6692550732481275,"{""very negative"": 0.5559578537940979, ""neutral"": 0.049877576529979706, ""positive"": 0.019869836047291756, ""very positive"": 0.019869836047291756}",fear,"{""fear"": 0.6690434813499451}","[{""label"": ""fear"", ""score"": 0.6690434813499451}, {""label"": ""disgust"", ""score"": 0.12236551195383072}, {""label"": ""neutral"", ""score"": 0.052940722554922104}, {""label"": ""annoyance"", ""score"": 0.04901452735066414}, {""label"": ""disapproval"", ""score"": 0.03401099890470505}]",non_irony,0.7531394362449646,False,non-offensive,0.6582257747650146,False
2024-11-13,LP-IND-003,2,"The processor handles everything I throw at it, but RAM management needs improvement.",positive,0.23391316831111908,0.5,0.22180404858284788,"{""very negative"": 0.017129547894001007, ""neutral"": 0.20354090631008148, ""positive"": 0.23391316831111908, ""very positive"": 0.01717514544725418}","neutral,approval","{""neutral"": 0.46721941232681274, ""approval"": 0.32108038663864136}","[{""label"": ""neutral"", ""score"": 0.46721941232681274}, {""label"": ""approval"", ""score"": 0.32108038663864136}, {""label"": ""optimism"", ""score"": 0.11606177687644958}, {""label"": ""realization"", ""score"": 0.05067124590277672}, {""label"": ""desire"", ""score"": 0.04620461165904999}]",non_irony,0.9052064418792725,False,non-offensive,0.8036984205245972,False
2024-12-20,LP-IND-003,3,Some features work well but others feel half-baked and unfinished.,neutral,0.11231619864702225,0.0,-0.017368461427197737,"{""very negative"": 0.024700509384274483, ""neutral"": 0.11231619864702225, ""positive"": 0.031947653740644455, ""very positive"": 0.017410876229405403}",neutral,"{""neutral"": 0.42452213168144226}","[{""label"": ""neutral"", ""score"": 0.42452213168144226}, {""label"": ""approval"", ""score"": 0.262663334608078}, {""label"": ""disapproval"", ""score"": 0.08497705310583115}, {""label"": ""disappointment"", ""score"": 0.07289377599954605}, {""label"": ""annoyance"", ""score"": 0.06537593901157379}]",non_irony,0.7920966744422913,False,non-offensive,0.8468405604362488,False
2024-12-14,TV-IND-001,1,Bluetooth connectivity drops every few minutes. Extremely frustrating.,very negative,0.6028462648391724,-1.0,-0.6743283178692285,"{""very negative"": 0.6028462648391724, ""neutral"": 0.050933293998241425, ""positive"": 0.02046809531748295, ""very positive"": 0.019622648134827614}",annoyance,"{""annoyance"": 0.755325436592102}","[{""label"": ""annoyance"", ""score"": 0.755325436592102}, {""label"": ""anger"", ""score"": 0.23799586296081543}, {""label"": ""neutral"", ""score"": 0.06979986280202866}, {""label"": ""disappointment"", ""score"": 0.05000713840126991}, {""label"": ""disapproval"", ""score"": 0.037070609629154205}]",irony,0.6903656721115112,True,non-offensive,0.7488885521888733,False
2024-12-22,RF-IND-008,4,Photo quality rivals phones twice the price. Very happy with the camera.,positive,0.9200547933578491,0.5,0.4818561179793535,"{""very negative"": 0.009893827140331268, ""neutral"": 0.01960623636841774, ""positive"": 0.9200547933578491, ""very positive"": 0.03305947035551071}",joy,"{""joy"": 0.8326600790023804}","[{""label"": ""joy"", ""score"": 0.8326600790023804}, {""label"": ""admiration"", ""score"": 0.12147273868322372}, {""label"": ""approval"", ""score"": 0.08454403281211853}, {""label"": ""neutral"", ""score"": 0.041709545999765396}, {""label"": ""relief"", ""score"": 0.027668539434671402}]",non_irony,0.5060417652130127,False,non-offensive,0.9031765460968018,False
2024-12-28,TB-IND-007,1,The display has dead pixels and color accuracy is way off.,very negative,0.25316378474235535,-1.0,-0.5860613671830489,"{""very negative"": 0.25316378474235535, ""neutral"": 0.05497826635837555, ""positive"": 0.019282788038253784, ""very positive"": 0.01881624571979046}","disapproval,disappointment","{""disapproval"": 0.385021835565567, ""disappointment"": 0.37208980321884155}","[{""label"": ""disapproval"", ""score"": 0.385021835565567}, {""label"": ""disappointment"", ""score"": 0.37208980321884155}, {""label"": ""neutral"", ""score"": 0.2807086706161499}, {""label"": ""annoyance"", ""score"": 0.21509088575839996}, {""label"": ""realization"", ""score"": 0.022136112675070763}]",non_irony,0.8182896375656128,False,non-offensive,0.7423754334449768,False
2024-10-03,WM-IND-004,4,"Lightweight and portable, perfect for travel and daily commute.",positive,0.5174983143806458,0.5,0.5698038134424869,"{""very negative"": 0.023364251479506493, ""neutral"": 0.08838778734207153, ""positive"": 0.5174983143806458, ""very positive"": 0.3443998694419861}","approval,neutral","{""approval"": 0.5351202487945557, ""neutral"": 0.32617780566215515}","[{""label"": ""approval"", ""score"": 0.5351202487945557}, {""label"": ""neutral"", ""score"": 0.32617780566215515}, {""label"": ""admiration"", ""score"": 0.16927553713321686}, {""label"": ""optimism"", ""score"": 0.009668011218309402}, {""label"": ""realization"", ""score"": 0.009552353993058205}]",non_irony,0.8543041348457336,False,non-offensive,0.9002076983451843,False
2025-03-11,AC-IND-005,5,"Lightweight and portable, perfect for travel and daily commute.",positive,0.5174983143806458,0.5,0.5698038134424869,"{""very negative"": 0.023364251479506493, ""neutral"": 0.08838778734207153, ""positive"": 0.5174983143806458, ""very positive"": 0.3443998694419861}","approval,neutral","{""approval"": 0.5351202487945557, ""neutral"": 0.32617780566215515}","[{""label"": ""approval"", ""score"": 0.5351202487945557}, {""label"": ""neutral"", ""score"": 0.32617780566215515}, {""label"": ""admiration"", ""score"": 0.16927553713321686}, {""label"": ""optimism"", ""score"": 0.009668011218309402}, {""label"": ""realization"", ""score"": 0.009552353993058205}]",non_irony,0.8543041348457336,False,non-offensive,0.9002076983451843,False
2025-03-08,HP-IND-006,2,Delivery was delayed by 2 weeks and the product arrived damaged.,very negative,0.2179221659898758,-1.0,-0.5323195026573361,"{""very negative"": 0.2179221659898758, ""neutral"": 0.07148028910160065, ""positive"": 0.02215690352022648, ""very positive"": 0.02215690352022648}",disappointment,"{""disappointment"": 0.6985851526260376}","[{""label"": ""disappointment"", ""score"": 0.6985851526260376}, {""label"": ""neutral"", ""score"": 0.26860493421554565}, {""label"": ""annoyance"", ""score"": 0.10525964200496674}, {""label"": ""sadness"", ""score"": 0.09905389696359634}, {""label"": ""disapproval"", ""score"": 0.036296263337135315}]",non_irony,0.7698453068733215,False,non-offensive,0.8377794027328491,False
2025-01-27,WM-IND-004,2,Sound quality is tinny and distorted at higher volumes. Not acceptable.,very negative,0.12479760497808456,-1.0,-0.493778516965209,"{""very negative"": 0.12479760497808456, ""neutral"": 0.04836035519838333, ""positive"": 0.01610911823809147, ""very positive"": 0.01610911823809147}",disapproval,"{""disapproval"": 0.7381646633148193}","[{""label"": ""disapproval"", ""score"": 0.7381646633148193}, {""label"": ""annoyance"", ""score"": 0.21084058284759521}, {""label"": ""neutral"", ""score"": 0.112130306661129}, {""label"": ""disappointment"", ""score"": 0.06412441283464432}, {""label"": ""approval"", ""score"": 0.023751674219965935}]",non_irony,0.9257212281227112,False,non-offensive,0.7237016558647156,False
2025-01-23,TV-IND-001,1,"Battery drains extremely fast, barely lasts 4 hours. Very disappointed.",very negative,0.6408287286758423,-1.0,-0.693952186917115,"{""very negative"": 0.6408287286758423, ""neutral"": 0.027352793142199516, ""positive"": 0.018346326425671577, ""very positive"": 0.01826965995132923}",disappointment,"{""disappointment"": 0.8434377312660217}","[{""label"": ""disappointment"", ""score"": 0.8434377312660217}, {""label"": ""annoyance"", ""score"": 0.10580381751060486}, {""label"": ""neutral"", ""score"": 0.10369166731834412}, {""label"": ""disapproval"", ""score"": 0.08525507897138596}, {""label"": ""sadness"", ""score"": 0.06935909390449524}]",non_irony,0.9296731352806091,False,non-offensive,0.7599592208862305,False
2024-12-25,LP-IND-003,2,The promised features do not work as advertised. False marketing.,very negative,0.11003702878952026,-1.0,-0.4876406735014096,"{""very negative"": 0.11003702878952026, ""neutral"": 0.03954793140292168, ""positive"": 0.016627198085188866, ""very positive"": 0.014809762127697468}",disapproval,"{""disapproval"": 0.7108097076416016}","[{""label"": ""disapproval"", ""score"": 0.7108097076416016}, {""label"": ""disappointment"", ""score"": 0.235524520277977}, {""label"": ""annoyance"", ""score"": 0.2101682424545288}, {""label"": ""neutral"", ""score"": 0.11439910531044006}, {""label"": ""anger"", ""score"": 0.018257828429341316}]",irony,0.5804412961006165,True,non-offensive,0.8188140392303467,False
2025-01-12,WM-IND-004,2,Screen cracked with normal use. Quality control is terrible.,very negative,0.5559578537940979,-1.0,-0.6692550732481275,"{""very negative"": 0.5559578537940979, ""neutral"": 0.049877576529979706, ""positive"": 0.019869836047291756, ""very positive"": 0.019869836047291756}",fear,"{""fear"": 0.6690434813499451}","[{""label"": ""fear"", ""score"": 0.6690434813499451}, {""label"": ""disgust"", ""score"": 0.12236551195383072}, {""label"": ""neutral"", ""score"": 0.052940722554922104}, {""label"": ""annoyance"", ""score"": 0.04901452735066414}, {""label"": ""disapproval"", ""score"": 0.03401099890470505}]",non_irony,0.7531394362449646,False,non-offensive,0.6582257747650146,False
2025-01-15,WM-IND-004,4,"Performance is blazing fast and battery lasts all day, but the camera struggles in low light.",neutral,0.22503750026226044,0.0,0.04969891873383892,"{""very negative"": 0.02442760020494461, ""neutral"": 0.22503750026226044, ""positive"": 0.07423778623342514, ""very positive"": 0.017704090103507042}","neutral,admiration","{""neutral"": 0.5054706335067749, ""admiration"": 0.3082411289215088}","[{""label"": ""neutral"", ""score"": 0.5054706335067749}, {""label"": ""admiration"", ""score"": 0.3082411289215088}, {""label"": ""approval"", ""score"": 0.08437317609786987}, {""label"": ""disappointment"", ""score"": 0.061942923814058304}, {""label"": ""realization"", ""score"": 0.027526095509529114}]",non_irony,0.705230712890625,False,non-offensive,0.8822543025016785,False
2025-01-19,RF-IND-008,3,It is okay. Works as expected but nothing special compared to competitors.,positive,0.4286438226699829,0.5,0.3626781987528287,"{""very negative"": 0.015589638613164425, ""neutral"": 0.0978032648563385, ""positive"": 0.4286438226699829, ""very positive"": 0.017732756212353706}",approval,"{""approval"": 0.8651418089866638}","[{""label"": ""approval"", ""score"": 0.8651418089866638}, {""label"": ""neutral"", ""score"": 0.11388786137104034}, {""label"": ""realization"", ""score"": 0.024218831211328506}, {""label"": ""optimism"", ""score"": 0.014182043261826038}, {""label"": ""annoyance"", ""score"": 0.013593513518571854}]",non_irony,0.8429244756698608,False,non-offensive,0.9375155568122864,False
2024-12-29,TV-IND-001,5,Customer service was amazing. They resolved my query within minutes.,positive,0.6071091294288635,0.5,0.5974647468222958,"{""very negative"": 0.017765464261174202, ""neutral"": 0.03513293340802193, ""positive"": 0.6071091294288635, ""very positive"": 0.31808170676231384}",admiration,"{""admiration"": 0.9301038980484009}","[{""label"": ""admiration"", ""score"": 0.9301038980484009}, {""label"": ""approval"", ""score"": 0.06624912470579147}, {""label"": ""neutral"", ""score"": 0.026406768709421158}, {""label"": ""excitement"", ""score"": 0.022681886330246925}, {""label"": ""joy"", ""score"": 0.018670279532670975}]",irony,0.8352649807929993,True,non-offensive,0.9490030407905579,False
2024-10-19,HP-IND-006,2,"Produit moyen, rien de special. Correct pour le prix.",neutral,0.5150242447853088,0.0,-0.05506495812182074,"{""very negative"": 0.06442885845899582, ""neutral"": 0.5150242447853088, ""positive"": 0.053058139979839325, ""very positive"": 0.03008083999156952}","neutral,approval","{""neutral"": 0.7311878800392151, ""approval"": 0.37109485268592834}","[{""label"": ""neutral"", ""score"": 0.7311878800392151}, {""label"": ""approval"", ""score"": 0.37109485268592834}, {""label"": ""realization"", ""score"": 0.009801529347896576}, {""label"": ""disapproval"", ""score"": 0.0073822857812047005}, {""label"": ""optimism"", ""score"": 0.0072937230579555035}]",non_irony,0.9293095469474792,False,non-offensive,0.8186534643173218,False
2025-02-03,TB-IND-007,3,Decent product for the price. Nothing extraordinary but gets the job done.,positive,0.9262930154800415,0.5,0.4699002944402194,"{""very negative"": 0.008937007747590542, ""neutral"": 0.029806025326251984, ""positive"": 0.9262930154800415, ""very positive"": 0.014957997016608715}",admiration,"{""admiration"": 0.8266987204551697}","[{""label"": ""admiration"", ""score"": 0.8266987204551697}, {""label"": ""approval"", ""score"": 0.24115855991840363}, {""label"": ""neutral"", ""score"": 0.08824765682220459}, {""label"": ""realization"", ""score"": 0.015828154981136322}, {""label"": ""gratitude"", ""score"": 0.015294903889298439}]",non_irony,0.8037245869636536,False,non-offensive,0.9300389289855957,False
2025-01-18,RF-IND-008,4,"Durability is impressive, been using for 6 months with zero issues.",positive,0.8207300305366516,0.5,0.47055570951936276,"{""very negative"": 0.01670188084244728, ""neutral"": 0.05924329534173012, ""positive"": 0.8207300305366516, ""very positive"": 0.0840175449848175}",admiration,"{""admiration"": 0.901075005531311}","[{""label"": ""admiration"", ""score"": 0.901075005531311}, {""label"": ""approval"", ""score"": 0.09503141790628433}, {""label"": ""neutral"", ""score"": 0.046847887337207794}, {""label"": ""realization"", ""score"": 0.013351649045944214}, {""label"": ""gratitude"", ""score"": 0.0120680071413517}]",irony,0.8547757267951965,True,non-offensive,0.930757999420166,False
2024-12-29,AC-IND-005,2,"Very noisy operation, you can hear it from across the room.",very negative,0.2273368090391159,-1.0,-0.5590371333032957,"{""very negative"": 0.2273368090391159, ""neutral"": 0.040130890905857086, ""positive"": 0.03464279696345329, ""very positive"": 0.01776937209069729}","neutral,annoyance,disgust","{""neutral"": 0.20088286697864532, ""annoyance"": 0.18471433222293854, ""disgust"": 0.029139941558241844}","[{""label"": ""neutral"", ""score"": 0.20088286697864532}, {""label"": ""annoyance"", ""score"": 0.18471433222293854}, {""label"": ""disgust"", ""score"": 0.029139941558241844}, {""label"": ""approval"", ""score"": 0.024515606462955475}, {""label"": ""anger"", ""score"": 0.023660719394683838}]",irony,0.5849149227142334,True,non-offensive,0.7706944346427917,False
2024-10-01,WM-IND-004,2,"Sure, who needs customer service anyway? Waiting 4 weeks builds character!",neutral,0.7354669570922852,0.0,0.08089343274446564,"{""very negative"": 0.022473178803920746, ""neutral"": 0.7354669570922852, ""positive"": 0.13158436119556427, ""very positive"": 0.04536167159676552}","approval,neutral","{""approval"": 0.39447733759880066, ""neutral"": 0.3930034935474396}","[{""label"": ""approval"", ""score"": 0.39447733759880066}, {""label"": ""neutral"", ""score"": 0.3930034935474396}, {""label"": ""curiosity"", ""score"": 0.25203585624694824}, {""label"": ""confusion"", ""score"": 0.058140382170677185}, {""label"": ""realization"", ""score"": 0.018022604286670685}]",irony,0.8940737843513489,True,non-offensive,0.8660460114479065,False
2024-11-27,TB-IND-007,3,Decent product for the price. Nothing extraordinary but gets the job done.,positive,0.9262930154800415,0.5,0.4699002944402194,"{""very negative"": 0.008937007747590542, ""neutral"": 0.029806025326251984, ""positive"": 0.9262930154800415, ""very positive"": 0.014957997016608715}",admiration,"{""admiration"": 0.8266987204551697}","[{""label"": ""admiration"", ""score"": 0.8266987204551697}, {""label"": ""approval"", ""score"": 0.24115855991840363}, {""label"": ""neutral"", ""score"": 0.08824765682220459}, {""label"": ""realization"", ""score"": 0.015828154981136322}, {""label"": ""gratitude"", ""score"": 0.015294903889298439}]",non_irony,0.8037245869636536,False,non-offensive,0.9300389289855957,False
2024-10-30,RF-IND-008,5,Excellent cooling performance even during peak summer. Very satisfied.,positive,0.7707273960113525,0.5,0.5362639801740339,"{""very negative"": 0.014967979863286018, ""neutral"": 0.02442777529358864, ""positive"": 0.7707273960113525, ""very positive"": 0.17155218124389648}",admiration,"{""admiration"": 0.9331638216972351}","[{""label"": ""admiration"", ""score"": 0.9331638216972351}, {""label"": ""approval"", ""score"": 0.07154010981321335}, {""label"": ""gratitude"", ""score"": 0.04528460651636124}, {""label"": ""neutral"", ""score"": 0.019264668226242065}, {""label"": ""joy"", ""score"": 0.010110114701092243}]",non_irony,0.602388322353363,False,non-offensive,0.9177484512329102,False
2024-12-01,TB-IND-007,2,Screen cracked with normal use. Quality control is terrible.,very negative,0.5559578537940979,-1.0,-0.6692550732481275,"{""very negative"": 0.5559578537940979, ""neutral"": 0.049877576529979706, ""positive"": 0.019869836047291756, ""very positive"": 0.019869836047291756}",fear,"{""fear"": 0.6690434813499451}","[{""label"": ""fear"", ""score"": 0.6690434813499451}, {""label"": ""disgust"", ""score"": 0.12236551195383072}, {""label"": ""neutral"", ""score"": 0.052940722554922104}, {""label"": ""annoyance"", ""score"": 0.04901452735066414}, {""label"": ""disapproval"", ""score"": 0.03401099890470505}]",non_irony,0.7531394362449646,False,non-offensive,0.6582257747650146,False
2024-10-12,TV-IND-001,5,The smart features are intuitive and the app integration works seamlessly.,positive,0.8389089703559875,0.5,0.49421363552263087,"{""very negative"": 0.015078968368470669, ""neutral"": 0.0321933850646019, ""positive"": 0.8389089703559875, ""very positive"": 0.09604666382074356}",approval,"{""approval"": 0.7188327312469482}","[{""label"": ""approval"", ""score"": 0.7188327312469482}, {""label"": ""neutral"", ""score"": 0.23967300355434418}, {""label"": ""admiration"", ""score"": 0.1221417710185051}, {""label"": ""realization"", ""score"": 0.02103411592543125}, {""label"": ""optimism"", ""score"": 0.010465051047503948}]",irony,0.6668115258216858,True,non-offensive,0.9256442189216614,False
2024-12-04,LP-IND-003,4,The processor handles multitasking effortlessly. No lag whatsoever.,neutral,0.7597368359565735,0.0,0.00797338825580054,"{""very negative"": 0.045921143144369125, ""neutral"": 0.7597368359565735, ""positive"": 0.05292467027902603, ""very positive"": 0.05003025010228157}","admiration,approval,neutral","{""admiration"": 0.3868221342563629, ""approval"": 0.3720160722732544, ""neutral"": 0.3502216339111328}","[{""label"": ""admiration"", ""score"": 0.3868221342563629}, {""label"": ""approval"", ""score"": 0.3720160722732544}, {""label"": ""neutral"", ""score"": 0.3502216339111328}, {""label"": ""realization"", ""score"": 0.014902401715517044}, {""label"": ""pride"", ""score"": 0.008550484664738178}]",irony,0.5463454127311707,True,non-offensive,0.8667475581169128,False
2025-01-05,HP-IND-006,5,"Noise cancellation is top-notch, blocks out everything around you.",positive,0.6977988481521606,0.5,0.5301263708619881,"{""very negative"": 0.018256666138768196, ""neutral"": 0.04996884986758232, ""positive"": 0.6977988481521606, ""very positive"": 0.20059357583522797}",neutral,"{""neutral"": 0.8535012602806091}","[{""label"": ""neutral"", ""score"": 0.8535012602806091}, {""label"": ""approval"", ""score"": 0.07272456586360931}, {""label"": ""annoyance"", ""score"": 0.035694435238838196}, {""label"": ""admiration"", ""score"": 0.030761508271098137}, {""label"": ""disapproval"", ""score"": 0.014540402218699455}]",irony,0.8790774345397949,True,non-offensive,0.7939949035644531,False
2024-11-27,WM-IND-004,3,Packaging was good but product is just average in terms of quality.,neutral,0.22643636167049408,0.0,0.02154465263355148,"{""very negative"": 0.020769914612174034, ""neutral"": 0.22643636167049408, ""positive"": 0.03994236886501312, ""very positive"": 0.018210014328360558}","disappointment,admiration","{""disappointment"": 0.35051408410072327, ""admiration"": 0.31660306453704834}","[{""label"": ""disappointment"", ""score"": 0.35051408410072327}, {""label"": ""admiration"", ""score"": 0.31660306453704834}, {""label"": ""disapproval"", ""score"": 0.20833034813404083}, {""label"": ""approval"", ""score"": 0.14557017385959625}, {""label"": ""neutral"", ""score"": 0.10623263567686081}]",non_irony,0.5526584982872009,False,non-offensive,0.8434349298477173,False
2024-11-12,TV-IND-001,4,"Build quality feels premium, definitely punches above its price point.",positive,0.5689269304275513,0.5,0.4307623559540791,"{""very negative"": 0.012321094051003456, ""neutral"": 0.05195668712258339, ""positive"": 0.5689269304275513, ""very positive"": 0.021232595667243004}","admiration,approval,neutral","{""admiration"": 0.4633546471595764, ""approval"": 0.39119985699653625, ""neutral"": 0.30986344814300537}","[{""label"": ""admiration"", ""score"": 0.4633546471595764}, {""label"": ""approval"", ""score"": 0.39119985699653625}, {""label"": ""neutral"", ""score"": 0.30986344814300537}, {""label"": ""realization"", ""score"": 0.013269134797155857}, {""label"": ""annoyance"", ""score"": 0.010357970371842384}]",non_irony,0.5766015648841858,False,non-offensive,0.8615878224372864,False
2024-10-12,HP-IND-006,2,Software is buggy and crashes frequently. Needs serious updates.,very negative,0.16292156279087067,-1.0,-0.549398270482279,"{""very negative"": 0.16292156279087067, ""neutral"": 0.038247622549533844, ""positive"": 0.017066175118088722, ""very positive"": 0.017066175118088722}",annoyance,"{""annoyance"": 0.35407698154449463}","[{""label"": ""annoyance"", ""score"": 0.35407698154449463}, {""label"": ""disappointment"", ""score"": 0.2594839036464691}, {""label"": ""neutral"", ""score"": 0.24903368949890137}, {""label"": ""disapproval"", ""score"": 0.0876527801156044}, {""label"": ""approval"", ""score"": 0.08709853142499924}]",non_irony,0.9079406261444092,False,non-offensive,0.7005749940872192,False
2024-10-02,MB-IND-002,3,Packaging was good but product is just average in terms of quality.,neutral,0.22643636167049408,0.0,0.02154465263355148,"{""very negative"": 0.020769914612174034, ""neutral"": 0.22643636167049408, ""positive"": 0.03994236886501312, ""very positive"": 0.018210014328360558}","disappointment,admiration","{""disappointment"": 0.35051408410072327, ""admiration"": 0.31660306453704834}","[{""label"": ""disappointment"", ""score"": 0.35051408410072327}, {""label"": ""admiration"", ""score"": 0.31660306453704834}, {""label"": ""disapproval"", ""score"": 0.20833034813404083}, {""label"": ""approval"", ""score"": 0.14557017385959625}, {""label"": ""neutral"", ""score"": 0.10623263567686081}]",non_irony,0.5526584982872009,False,non-offensive,0.8434349298477173,False
2024-12-24,LP-IND-003,5,"Lightweight and portable, perfect for travel and daily commute.",positive,0.5174983143806458,0.5,0.5698038134424869,"{""very negative"": 0.023364251479506493, ""neutral"": 0.08838778734207153, ""positive"": 0.5174983143806458, ""very positive"": 0.3443998694419861}","approval,neutral","{""approval"": 0.5351202487945557, ""neutral"": 0.32617780566215515}","[{""label"": ""approval"", ""score"": 0.5351202487945557}, {""label"": ""neutral"", ""score"": 0.32617780566215515}, {""label"": ""admiration"", ""score"": 0.16927553713321686}, {""label"": ""optimism"", ""score"": 0.009668011218309402}, {""label"": ""realization"", ""score"": 0.009552353993058205}]",non_irony,0.8543041348457336,False,non-offensive,0.9002076983451843,False
2024-12-18,WM-IND-004,4,"Lightweight and portable, perfect for travel and daily commute.",positive,0.5174983143806458,0.5,0.5698038134424869,"{""very negative"": 0.023364251479506493, ""neutral"": 0.08838778734207153, ""positive"": 0.5174983143806458, ""very positive"": 0.3443998694419861}","approval,neutral","{""approval"": 0.5351202487945557, ""neutral"": 0.32617780566215515}","[{""label"": ""approval"", ""score"": 0.5351202487945557}, {""label"": ""neutral"", ""score"": 0.32617780566215515}, {""label"": ""admiration"", ""score"": 0.16927553713321686}, {""label"": ""optimism"", ""score"": 0.009668011218309402}, {""label"": ""realization"", ""score"": 0.009552353993058205}]",non_irony,0.8543041348457336,False,non-offensive,0.9002076983451843,False
2024-10-05,HP-IND-006,2,Amazing how they managed to make something this expensive feel this cheap. Truly impressive engineering.,positive,0.4396990239620209,0.5,0.31582474380543,"{""very negative"": 0.1261758953332901, ""neutral"": 0.04508422315120697, ""positive"": 0.4396990239620209, ""very positive"": 0.29556727409362793}",admiration,"{""admiration"": 0.9478908181190491}","[{""label"": ""admiration"", ""score"": 0.9478908181190491}, {""label"": ""approval"", ""score"": 0.02901063673198223}, {""label"": ""neutral"", ""score"": 0.022152459248900414}, {""label"": ""excitement"", ""score"": 0.01925773359835148}, {""label"": ""surprise"", ""score"": 0.016320671886205673}]",irony,0.9598375558853149,True,non-offensive,0.8323938250541687,False
2025-01-10,MB-IND-002,3,Some features work well but others feel half-baked and unfinished.,neutral,0.11231619864702225,0.0,-0.017368461427197737,"{""very negative"": 0.024700509384274483, ""neutral"": 0.11231619864702225, ""positive"": 0.031947653740644455, ""very positive"": 0.017410876229405403}",neutral,"{""neutral"": 0.42452213168144226}","[{""label"": ""neutral"", ""score"": 0.42452213168144226}, {""label"": ""approval"", ""score"": 0.262663334608078}, {""label"": ""disapproval"", ""score"": 0.08497705310583115}, {""label"": ""disappointment"", ""score"": 0.07289377599954605}, {""label"": ""annoyance"", ""score"": 0.06537593901157379}]",non_irony,0.7920966744422913,False,non-offensive,0.8468405604362488,False
2024-10-01,TB-IND-007,4,Setup was a breeze. Works perfectly right out of the box.,positive,0.7648035287857056,0.5,0.47922752030908433,"{""very negative"": 0.018615633249282837, ""neutral"": 0.0714670941233635, ""positive"": 0.7648035287857056, ""very positive"": 0.12313982099294662}",approval,"{""approval"": 0.4734435975551605}","[{""label"": ""approval"", ""score"": 0.4734435975551605}, {""label"": ""neutral"", ""score"": 0.22926150262355804}, {""label"": ""admiration"", ""score"": 0.15972226858139038}, {""label"": ""joy"", ""score"": 0.12473662942647934}, {""label"": ""realization"", ""score"": 0.03085273876786232}]",non_irony,0.7767495512962341,False,non-offensive,0.8942966461181641,False
2025-01-03,LP-IND-003,1,What a fantastic feature - random shutdowns keep life exciting and unpredictable!,positive,0.5706542134284973,0.5,0.649035807029748,"{""very negative"": 0.027282441034913063, ""neutral"": 0.05992436781525612, ""positive"": 0.5706542134284973, ""very positive"": 0.5706542134284973}","excitement,admiration","{""excitement"": 0.6452254056930542, ""admiration"": 0.5212389230728149}","[{""label"": ""excitement"", ""score"": 0.6452254056930542}, {""label"": ""admiration"", ""score"": 0.5212389230728149}, {""label"": ""joy"", ""score"": 0.09005238115787506}, {""label"": ""curiosity"", ""score"": 0.03715738654136658}, {""label"": ""approval"", ""score"": 0.03235604241490364}]",irony,0.9249007105827332,True,non-offensive,0.9284485578536987,False
2024-10-27,AC-IND-005,5,Customer service was amazing. They resolved my query within minutes.,positive,0.6071091294288635,0.5,0.5974647468222958,"{""very negative"": 0.017765464261174202, ""neutral"": 0.03513293340802193, ""positive"": 0.6071091294288635, ""very positive"": 0.31808170676231384}",admiration,"{""admiration"": 0.9301038980484009}","[{""label"": ""admiration"", ""score"": 0.9301038980484009}, {""label"": ""approval"", ""score"": 0.06624912470579147}, {""label"": ""neutral"", ""score"": 0.026406768709421158}, {""label"": ""excitement"", ""score"": 0.022681886330246925}, {""label"": ""joy"", ""score"": 0.018670279532670975}]",irony,0.8352649807929993,True,non-offensive,0.9490030407905579,False
2024-11-16,WM-IND-004,2,After 3 months the motor started making grinding noises. Poor quality.,very negative,0.21506524085998535,-1.0,-0.5608611558829494,"{""very negative"": 0.21506524085998535, ""neutral"": 0.06599922478199005, ""positive"": 0.018860796466469765, ""very positive"": 0.0155870970338583}","disappointment,neutral","{""disappointment"": 0.5225762724876404, ""neutral"": 0.32229286432266235}","[{""label"": ""disappointment"", ""score"": 0.5225762724876404}, {""label"": ""neutral"", ""score"": 0.32229286432266235}, {""label"": ""annoyance"", ""score"": 0.204111248254776}, {""label"": ""sadness"", ""score"": 0.08719734847545624}, {""label"": ""disapproval"", ""score"": 0.04562728479504585}]",non_irony,0.6407272219657898,False,non-offensive,0.7529452443122864,False
2024-12-23,RF-IND-008,4,"Build quality is premium and lightweight. However, the charging speed is disappointingly slow.",neutral,0.09587422013282776,0.0,0.02968834770806593,"{""very negative"": 0.01736418344080448, ""neutral"": 0.09587422013282776, ""positive"": 0.03667640686035156, ""very positive"": 0.013062100857496262}",disappointment,"{""disappointment"": 0.8629612326622009}","[{""label"": ""disappointment"", ""score"": 0.8629612326622009}, {""label"": ""annoyance"", ""score"": 0.09599673002958298}, {""label"": ""neutral"", ""score"": 0.0874459445476532}, {""label"": ""disapproval"", ""score"": 0.08085344731807709}, {""label"": ""sadness"", ""score"": 0.06839059293270111}]",non_irony,0.6970096826553345,False,non-offensive,0.8291838765144348,False
2024-10-11,AC-IND-005,5,"Battery life is incredible, easily lasts two full days with heavy usage.",positive,0.5513941645622253,0.5,0.65847089364473,"{""very negative"": 0.022336257621645927, ""neutral"": 0.05773572251200676, ""positive"": 0.5513941645622253, ""very positive"": 0.5513941645622253}",admiration,"{""admiration"": 0.9398247599601746}","[{""label"": ""admiration"", ""score"": 0.9398247599601746}, {""label"": ""approval"", ""score"": 0.055740565061569214}, {""label"": ""neutral"", ""score"": 0.025282323360443115}, {""label"": ""excitement"", ""score"": 0.016244882717728615}, {""label"": ""optimism"", ""score"": 0.009911395609378815}]",irony,0.7044013738632202,True,non-offensive,0.8911383748054504,False
2024-10-26,AC-IND-005,5,"Build quality feels premium, definitely punches above its price point.",positive,0.5689269304275513,0.5,0.4307623559540791,"{""very negative"": 0.012321094051003456, ""neutral"": 0.05195668712258339, ""positive"": 0.5689269304275513, ""very positive"": 0.021232595667243004}","admiration,approval,neutral","{""admiration"": 0.4633546471595764, ""approval"": 0.39119985699653625, ""neutral"": 0.30986344814300537}","[{""label"": ""admiration"", ""score"": 0.4633546471595764}, {""label"": ""approval"", ""score"": 0.39119985699653625}, {""label"": ""neutral"", ""score"": 0.30986344814300537}, {""label"": ""realization"", ""score"": 0.013269134797155857}, {""label"": ""annoyance"", ""score"": 0.010357970371842384}]",non_irony,0.5766015648841858,False,non-offensive,0.8615878224372864,False
2024-10-11,RF-IND-008,4,Excellent cooling performance even during peak summer. Very satisfied.,positive,0.7707273960113525,0.5,0.5362639801740339,"{""very negative"": 0.014967979863286018, ""neutral"": 0.02442777529358864, ""positive"": 0.7707273960113525, ""very positive"": 0.17155218124389648}",admiration,"{""admiration"": 0.9331638216972351}","[{""label"": ""admiration"", ""score"": 0.9331638216972351}, {""label"": ""approval"", ""score"": 0.07154010981321335}, {""label"": ""gratitude"", ""score"": 0.04528460651636124}, {""label"": ""neutral"", ""score"": 0.019264668226242065}, {""label"": ""joy"", ""score"": 0.010110114701092243}]",non_irony,0.602388322353363,False,non-offensive,0.9177484512329102,False
2024-10-22,HP-IND-006,2,The promised features do not work as advertised. False marketing.,very negative,0.11003702878952026,-1.0,-0.4876406735014096,"{""very negative"": 0.11003702878952026, ""neutral"": 0.03954793140292168, ""positive"": 0.016627198085188866, ""very positive"": 0.014809762127697468}",disapproval,"{""disapproval"": 0.7108097076416016}","[{""label"": ""disapproval"", ""score"": 0.7108097076416016}, {""label"": ""disappointment"", ""score"": 0.235524520277977}, {""label"": ""annoyance"", ""score"": 0.2101682424545288}, {""label"": ""neutral"", ""score"": 0.11439910531044006}, {""label"": ""anger"", ""score"": 0.018257828429341316}]",irony,0.5804412961006165,True,non-offensive,0.8188140392303467,False
2025-02-16,RF-IND-008,2,Overheats constantly during normal usage. Had to return it.,neutral,0.11558523774147034,0.0,-0.36611235721466906,"{""very negative"": 0.10191556066274643, ""neutral"": 0.11558523774147034, ""positive"": 0.016096526756882668, ""very positive"": 0.016096526756882668}",neutral,"{""neutral"": 0.9388406872749329}","[{""label"": ""neutral"", ""score"": 0.9388406872749329}, {""label"": ""approval"", ""score"": 0.02460838295519352}, {""label"": ""annoyance"", ""score"": 0.019031492993235588}, {""label"": ""realization"", ""score"": 0.016972018405795097}, {""label"": ""disappointment"", ""score"": 0.011426879093050957}]",non_irony,0.9186547994613647,False,non-offensive,0.881855309009552,False
2025-03-09,TV-IND-001,1,Screen cracked with normal use. Quality control is terrible.,very negative,0.5559578537940979,-1.0,-0.6692550732481275,"{""very negative"": 0.5559578537940979, ""neutral"": 0.049877576529979706, ""positive"": 0.019869836047291756, ""very positive"": 0.019869836047291756}",fear,"{""fear"": 0.6690434813499451}","[{""label"": ""fear"", ""score"": 0.6690434813499451}, {""label"": ""disgust"", ""score"": 0.12236551195383072}, {""label"": ""neutral"", ""score"": 0.052940722554922104}, {""label"": ""annoyance"", ""score"": 0.04901452735066414}, {""label"": ""disapproval"", ""score"": 0.03401099890470505}]",non_irony,0.7531394362449646,False,non-offensive,0.6582257747650146,False
2024-12-06,TB-IND-007,4,"Great design, sleek and modern. Fits perfectly in my living room.",positive,0.5736238956451416,0.5,0.6753709677943955,"{""very negative"": 0.01719159446656704, ""neutral"": 0.05420605093240738, ""positive"": 0.5736238956451416, ""very positive"": 0.5736238956451416}",admiration,"{""admiration"": 0.9285853505134583}","[{""label"": ""admiration"", ""score"": 0.9285853505134583}, {""label"": ""approval"", ""score"": 0.09943830966949463}, {""label"": ""neutral"", ""score"": 0.02816888317465782}, {""label"": ""gratitude"", ""score"": 0.008972597308456898}, {""label"": ""realization"", ""score"": 0.006490301340818405}]",non_irony,0.6408451795578003,False,non-offensive,0.9143792986869812,False
2024-12-31,MB-IND-002,4,Customer service was amazing. They resolved my query within minutes.,positive,0.6071091294288635,0.5,0.5974647468222958,"{""very negative"": 0.017765464261174202, ""neutral"": 0.03513293340802193, ""positive"": 0.6071091294288635, ""very positive"": 0.31808170676231384}",admiration,"{""admiration"": 0.9301038980484009}","[{""label"": ""admiration"", ""score"": 0.9301038980484009}, {""label"": ""approval"", ""score"": 0.06624912470579147}, {""label"": ""neutral"", ""score"": 0.026406768709421158}, {""label"": ""excitement"", ""score"": 0.022681886330246925}, {""label"": ""joy"", ""score"": 0.018670279532670975}]",irony,0.8352649807929993,True,non-offensive,0.9490030407905579,False
2024-11-10,RF-IND-008,1,Screen cracked with normal use. Quality control is terrible.,very negative,0.5559578537940979,-1.0,-0.6692550732481275,"{""very negative"": 0.5559578537940979, ""neutral"": 0.049877576529979706, ""positive"": 0.019869836047291756, ""very positive"": 0.019869836047291756}",fear,"{""fear"": 0.6690434813499451}","[{""label"": ""fear"", ""score"": 0.6690434813499451}, {""label"": ""disgust"", ""score"": 0.12236551195383072}, {""label"": ""neutral"", ""score"": 0.052940722554922104}, {""label"": ""annoyance"", ""score"": 0.04901452735066414}, {""label"": ""disapproval"", ""score"": 0.03401099890470505}]",non_irony,0.7531394362449646,False,non-offensive,0.6582257747650146,False
2024-10-04,LP-IND-003,4,"Excelente producto, muy buena calidad y buen precio. Totalmente recomendado.",positive,0.5041067004203796,0.5,0.6816197815857253,"{""very negative"": 0.020635204389691353, ""neutral"": 0.014463076367974281, ""positive"": 0.5041067004203796, ""very positive"": 0.5041067004203796}",neutral,"{""neutral"": 0.6544529795646667}","[{""label"": ""neutral"", ""score"": 0.6544529795646667}, {""label"": ""admiration"", ""score"": 0.23028439283370972}, {""label"": ""approval"", ""score"": 0.12289128452539444}, {""label"": ""disapproval"", ""score"": 0.007028191816061735}, {""label"": ""realization"", ""score"": 0.0057449983432888985}]",non_irony,0.9285407662391663,False,non-offensive,0.7380510568618774,False
2024-12-27,RF-IND-008,2,I just love paying premium prices for something that works half the time. Wonderful!,positive,0.4681796431541443,0.5,0.3093943984333868,"{""very negative"": 0.08025987446308136, ""neutral"": 0.054569948464632034, ""positive"": 0.4681796431541443, ""very positive"": 0.14146959781646729}","love,admiration","{""love"": 0.9180864095687866, ""admiration"": 0.30730876326560974}","[{""label"": ""love"", ""score"": 0.9180864095687866}, {""label"": ""admiration"", ""score"": 0.30730876326560974}, {""label"": ""joy"", ""score"": 0.07236479967832565}, {""label"": ""approval"", ""score"": 0.03508445620536804}, {""label"": ""excitement"", ""score"": 0.01018813531845808}]",irony,0.9883338212966919,True,non-offensive,0.9597514867782593,False
2024-10-16,TV-IND-001,1,"Installation was a nightmare, instructions were completely wrong.",very negative,0.7697422504425049,-1.0,-0.6977894863586905,"{""very negative"": 0.7697422504425049, ""neutral"": 0.036633219569921494, ""positive"": 0.020193949341773987, ""very positive"": 0.01803928054869175}",disapproval,"{""disapproval"": 0.3163321614265442}","[{""label"": ""disapproval"", ""score"": 0.3163321614265442}, {""label"": ""annoyance"", ""score"": 0.24686093628406525}, {""label"": ""disappointment"", ""score"": 0.15440554916858673}, {""label"": ""neutral"", ""score"": 0.06965956091880798}, {""label"": ""fear"", ""score"": 0.04962696135044098}]",non_irony,0.7851060032844543,False,non-offensive,0.6006593704223633,False
2024-10-18,WM-IND-004,3,Decent product for the price. Nothing extraordinary but gets the job done.,positive,0.9262930154800415,0.5,0.4699002944402194,"{""very negative"": 0.008937007747590542, ""neutral"": 0.029806025326251984, ""positive"": 0.9262930154800415, ""very positive"": 0.014957997016608715}",admiration,"{""admiration"": 0.8266987204551697}","[{""label"": ""admiration"", ""score"": 0.8266987204551697}, {""label"": ""approval"", ""score"": 0.24115855991840363}, {""label"": ""neutral"", ""score"": 0.08824765682220459}, {""label"": ""realization"", ""score"": 0.015828154981136322}, {""label"": ""gratitude"", ""score"": 0.015294903889298439}]",non_irony,0.8037245869636536,False,non-offensive,0.9300389289855957,False
2025-03-08,MB-IND-002,2,Wash quality is superb and very gentle on clothes. But the spin cycle is noisy and takes too long.,neutral,0.12252725660800934,0.0,-0.08810374244550431,"{""very negative"": 0.028522823005914688, ""neutral"": 0.12252725660800934, ""positive"": 0.025434179231524467, ""very positive"": 0.011033188551664352}","neutral,admiration","{""neutral"": 0.3840573728084564, ""admiration"": 0.34550753235816956}","[{""label"": ""neutral"", ""score"": 0.3840573728084564}, {""label"": ""admiration"", ""score"": 0.34550753235816956}, {""label"": ""approval"", ""score"": 0.09356952458620071}, {""label"": ""disappointment"", ""score"": 0.0653710588812828}, {""label"": ""annoyance"", ""score"": 0.05638834461569786}]",irony,0.6539191007614136,True,non-offensive,0.8536752462387085,False
2025-01-13,AC-IND-005,2,"Installation was a nightmare, instructions were completely wrong.",very negative,0.7697422504425049,-1.0,-0.6977894863586905,"{""very negative"": 0.7697422504425049, ""neutral"": 0.036633219569921494, ""positive"": 0.020193949341773987, ""very positive"": 0.01803928054869175}",disapproval,"{""disapproval"": 0.3163321614265442}","[{""label"": ""disapproval"", ""score"": 0.3163321614265442}, {""label"": ""annoyance"", ""score"": 0.24686093628406525}, {""label"": ""disappointment"", ""score"": 0.15440554916858673}, {""label"": ""neutral"", ""score"": 0.06965956091880798}, {""label"": ""fear"", ""score"": 0.04962696135044098}]",non_irony,0.7851060032844543,False,non-offensive,0.6006593704223633,False
2025-01-18,WM-IND-004,4,"Sound quality is phenomenal, crisp highs and deep bass. Worth every penny.",positive,0.49539729952812195,0.5,0.6590491162612364,"{""very negative"": 0.019894424825906754, ""neutral"": 0.05166413262486458, ""positive"": 0.49539729952812195, ""very positive"": 0.49539729952812195}",admiration,"{""admiration"": 0.9490026235580444}","[{""label"": ""admiration"", ""score"": 0.9490026235580444}, {""label"": ""approval"", ""score"": 0.04883971065282822}, {""label"": ""neutral"", ""score"": 0.030404893681406975}, {""label"": ""gratitude"", ""score"": 0.010029646568000317}, {""label"": ""disapproval"", ""score"": 0.006704993546009064}]",non_irony,0.7751739025115967,False,non-offensive,0.8951526284217834,False
2024-10-09,RF-IND-008,5,Energy efficient and very quiet operation. Highly recommend!,positive,0.7586772441864014,0.5,0.5307734316802475,"{""very negative"": 0.016845209524035454, ""neutral"": 0.03081432357430458, ""positive"": 0.7586772441864014, ""very positive"": 0.17657209932804108}",admiration,"{""admiration"": 0.8203734159469604}","[{""label"": ""admiration"", ""score"": 0.8203734159469604}, {""label"": ""approval"", ""score"": 0.24129898846149445}, {""label"": ""gratitude"", ""score"": 0.08020996302366257}, {""label"": ""neutral"", ""score"": 0.031993474811315536}, {""label"": ""optimism"", ""score"": 0.015411066822707653}]",non_irony,0.5187515020370483,False,non-offensive,0.9350569248199463,False
2024-10-16,RF-IND-008,2,"Performance is blazing fast and battery lasts all day, but the camera struggles in low light.",neutral,0.22503750026226044,0.0,0.04969891873383892,"{""very negative"": 0.02442760020494461, ""neutral"": 0.22503750026226044, ""positive"": 0.07423778623342514, ""very positive"": 0.017704090103507042}","neutral,admiration","{""neutral"": 0.5054706335067749, ""admiration"": 0.3082411289215088}","[{""label"": ""neutral"", ""score"": 0.5054706335067749}, {""label"": ""admiration"", ""score"": 0.3082411289215088}, {""label"": ""approval"", ""score"": 0.08437317609786987}, {""label"": ""disappointment"", ""score"": 0.061942923814058304}, {""label"": ""realization"", ""score"": 0.027526095509529114}]",non_irony,0.705230712890625,False,non-offensive,0.8822543025016785,False
2024-12-16,HP-IND-006,4,"Lightweight and portable, perfect for travel and daily commute.",positive,0.5174983143806458,0.5,0.5698038134424869,"{""very negative"": 0.023364251479506493, ""neutral"": 0.08838778734207153, ""positive"": 0.5174983143806458, ""very positive"": 0.3443998694419861}","approval,neutral","{""approval"": 0.5351202487945557, ""neutral"": 0.32617780566215515}","[{""label"": ""approval"", ""score"": 0.5351202487945557}, {""label"": ""neutral"", ""score"": 0.32617780566215515}, {""label"": ""admiration"", ""score"": 0.16927553713321686}, {""label"": ""optimism"", ""score"": 0.009668011218309402}, {""label"": ""realization"", ""score"": 0.009552353993058205}]",non_irony,0.8543041348457336,False,non-offensive,0.9002076983451843,False
2024-11-26,MB-IND-002,4,Customer service was amazing. They resolved my query within minutes.,positive,0.6071091294288635,0.5,0.5974647468222958,"{""very negative"": 0.017765464261174202, ""neutral"": 0.03513293340802193, ""positive"": 0.6071091294288635, ""very positive"": 0.31808170676231384}",admiration,"{""admiration"": 0.9301038980484009}","[{""label"": ""admiration"", ""score"": 0.9301038980484009}, {""label"": ""approval"", ""score"": 0.06624912470579147}, {""label"": ""neutral"", ""score"": 0.026406768709421158}, {""label"": ""excitement"", ""score"": 0.022681886330246925}, {""label"": ""joy"", ""score"": 0.018670279532670975}]",irony,0.8352649807929993,True,non-offensive,0.9490030407905579,False
2024-10-14,MB-IND-002,3,"Average performance. Some features are good, others need improvement.",positive,0.61644446849823,0.5,0.34826672452702356,"{""very negative"": 0.025447191670536995, ""neutral"": 0.1476220041513443, ""positive"": 0.61644446849823, ""very positive"": 0.021131806075572968}","approval,admiration","{""approval"": 0.6711743474006653, ""admiration"": 0.3304252624511719}","[{""label"": ""approval"", ""score"": 0.6711743474006653}, {""label"": ""admiration"", ""score"": 0.3304252624511719}, {""label"": ""neutral"", ""score"": 0.1314345896244049}, {""label"": ""optimism"", ""score"": 0.0660710483789444}, {""label"": ""realization"", ""score"": 0.028510229662060738}]",non_irony,0.9071303606033325,False,non-offensive,0.930716335773468,False
2025-02-13,HP-IND-006,1,The promised features do not work as advertised. False marketing.,very negative,0.11003702878952026,-1.0,-0.4876406735014096,"{""very negative"": 0.11003702878952026, ""neutral"": 0.03954793140292168, ""positive"": 0.016627198085188866, ""very positive"": 0.014809762127697468}",disapproval,"{""disapproval"": 0.7108097076416016}","[{""label"": ""disapproval"", ""score"": 0.7108097076416016}, {""label"": ""disappointment"", ""score"": 0.235524520277977}, {""label"": ""annoyance"", ""score"": 0.2101682424545288}, {""label"": ""neutral"", ""score"": 0.11439910531044006}, {""label"": ""anger"", ""score"": 0.018257828429341316}]",irony,0.5804412961006165,True,non-offensive,0.8188140392303467,False
2025-01-08,TV-IND-001,4,The smart features are intuitive and the app integration works seamlessly.,positive,0.8389089703559875,0.5,0.49421363552263087,"{""very negative"": 0.015078968368470669, ""neutral"": 0.0321933850646019, ""positive"": 0.8389089703559875, ""very positive"": 0.09604666382074356}",approval,"{""approval"": 0.7188327312469482}","[{""label"": ""approval"", ""score"": 0.7188327312469482}, {""label"": ""neutral"", ""score"": 0.23967300355434418}, {""label"": ""admiration"", ""score"": 0.1221417710185051}, {""label"": ""realization"", ""score"": 0.02103411592543125}, {""label"": ""optimism"", ""score"": 0.010465051047503948}]",irony,0.6668115258216858,True,non-offensive,0.9256442189216614,False
2024-10-07,HP-IND-006,1,"Installation was a nightmare, instructions were completely wrong.",very negative,0.7697422504425049,-1.0,-0.6977894863586905,"{""very negative"": 0.7697422504425049, ""neutral"": 0.036633219569921494, ""positive"": 0.020193949341773987, ""very positive"": 0.01803928054869175}",disapproval,"{""disapproval"": 0.3163321614265442}","[{""label"": ""disapproval"", ""score"": 0.3163321614265442}, {""label"": ""annoyance"", ""score"": 0.24686093628406525}, {""label"": ""disappointment"", ""score"": 0.15440554916858673}, {""label"": ""neutral"", ""score"": 0.06965956091880798}, {""label"": ""fear"", ""score"": 0.04962696135044098}]",non_irony,0.7851060032844543,False,non-offensive,0.6006593704223633,False
2025-01-02,AC-IND-005,4,"The camera quality is outstanding, perfect for everyday photography.",positive,0.4490591287612915,0.5,0.6009954280279384,"{""very negative"": 0.025144625455141068, ""neutral"": 0.08400725573301315, ""positive"": 0.4490591287612915, ""very positive"": 0.41047510504722595}",admiration,"{""admiration"": 0.9424173831939697}","[{""label"": ""admiration"", ""score"": 0.9424173831939697}, {""label"": ""approval"", ""score"": 0.058339230716228485}, {""label"": ""neutral"", ""score"": 0.0315530002117157}, {""label"": ""gratitude"", ""score"": 0.010911427438259125}, {""label"": ""realization"", ""score"": 0.006474080961197615}]",irony,0.561927080154419,True,non-offensive,0.924063503742218,False
2024-10-24,WM-IND-004,3,Some features work well but others feel half-baked and unfinished.,neutral,0.11231619864702225,0.0,-0.017368461427197737,"{""very negative"": 0.024700509384274483, ""neutral"": 0.11231619864702225, ""positive"": 0.031947653740644455, ""very positive"": 0.017410876229405403}",neutral,"{""neutral"": 0.42452213168144226}","[{""label"": ""neutral"", ""score"": 0.42452213168144226}, {""label"": ""approval"", ""score"": 0.262663334608078}, {""label"": ""disapproval"", ""score"": 0.08497705310583115}, {""label"": ""disappointment"", ""score"": 0.07289377599954605}, {""label"": ""annoyance"", ""score"": 0.06537593901157379}]",non_irony,0.7920966744422913,False,non-offensive,0.8468405604362488,False
2025-01-06,AC-IND-005,5,Excellent cooling performance even during peak summer. Very satisfied.,positive,0.7707273960113525,0.5,0.5362639801740339,"{""very negative"": 0.014967979863286018, ""neutral"": 0.02442777529358864, ""positive"": 0.7707273960113525, ""very positive"": 0.17155218124389648}",admiration,"{""admiration"": 0.9331638216972351}","[{""label"": ""admiration"", ""score"": 0.9331638216972351}, {""label"": ""approval"", ""score"": 0.07154010981321335}, {""label"": ""gratitude"", ""score"": 0.04528460651636124}, {""label"": ""neutral"", ""score"": 0.019264668226242065}, {""label"": ""joy"", ""score"": 0.010110114701092243}]",non_irony,0.602388322353363,False,non-offensive,0.9177484512329102,False
2024-10-23,TV-IND-001,1,Customer service is non-existent. Been waiting 3 weeks for a response.,very negative,0.4578317105770111,-1.0,-0.579201002717572,"{""very negative"": 0.4578317105770111, ""neutral"": 0.15317650139331818, ""positive"": 0.025456801056861877, ""very positive"": 0.025456801056861877}","disappointment,annoyance","{""disappointment"": 0.5341309905052185, ""annoyance"": 0.31432658433914185}","[{""label"": ""disappointment"", ""score"": 0.5341309905052185}, {""label"": ""annoyance"", ""score"": 0.31432658433914185}, {""label"": ""neutral"", ""score"": 0.20545412600040436}, {""label"": ""disapproval"", ""score"": 0.15114009380340576}, {""label"": ""sadness"", ""score"": 0.023914506658911705}]",non_irony,0.6569333672523499,False,non-offensive,0.8544687032699585,False
2024-10-25,LP-IND-003,2,"Excellent sound quality and comfortable fit, but the ANC could be much stronger for the price.",positive,0.15356729924678802,0.5,0.3086620512949099,"{""very negative"": 0.012060086242854595, ""neutral"": 0.07317974418401718, ""positive"": 0.15356729924678802, ""very positive"": 0.027106380090117455}",admiration,"{""admiration"": 0.9374375939369202}","[{""label"": ""admiration"", ""score"": 0.9374375939369202}, {""label"": ""approval"", ""score"": 0.089204341173172}, {""label"": ""neutral"", ""score"": 0.03402496129274368}, {""label"": ""optimism"", ""score"": 0.025380540639162064}, {""label"": ""gratitude"", ""score"": 0.018238363787531853}]",non_irony,0.9199045896530151,False,non-offensive,0.8908013105392456,False
2024-12-09,AC-IND-005,3,Decent product for the price. Nothing extraordinary but gets the job done.,positive,0.9262930154800415,0.5,0.4699002944402194,"{""very negative"": 0.008937007747590542, ""neutral"": 0.029806025326251984, ""positive"": 0.9262930154800415, ""very positive"": 0.014957997016608715}",admiration,"{""admiration"": 0.8266987204551697}","[{""label"": ""admiration"", ""score"": 0.8266987204551697}, {""label"": ""approval"", ""score"": 0.24115855991840363}, {""label"": ""neutral"", ""score"": 0.08824765682220459}, {""label"": ""realization"", ""score"": 0.015828154981136322}, {""label"": ""gratitude"", ""score"": 0.015294903889298439}]",non_irony,0.8037245869636536,False,non-offensive,0.9300389289855957,False
2024-10-05,RF-IND-008,4,"Bahut achha product hai, value for money. Camera bhi bahut accha hai.",positive,0.5882152915000916,0.5,0.4220367277463888,"{""very negative"": 0.0290150735527277, ""neutral"": 0.18226198852062225, ""positive"": 0.5882152915000916, ""very positive"": 0.1714218407869339}",neutral,"{""neutral"": 0.7110043168067932}","[{""label"": ""neutral"", ""score"": 0.7110043168067932}, {""label"": ""approval"", ""score"": 0.15353593230247498}, {""label"": ""admiration"", ""score"": 0.0266432985663414}, {""label"": ""amusement"", ""score"": 0.018048683181405067}, {""label"": ""joy"", ""score"": 0.013174094259738922}]",non_irony,0.8170913457870483,False,non-offensive,0.7812522053718567,False
2024-12-09,RF-IND-008,2,Picture quality is cinema-grade but the smart TV interface is sluggish and outdated.,neutral,0.11210909485816956,0.0,-0.3432767988114281,"{""very negative"": 0.09767726063728333, ""neutral"": 0.11210909485816956, ""positive"": 0.01873759925365448, ""very positive"": 0.01873759925365448}","disappointment,neutral","{""disappointment"": 0.4849526882171631, ""neutral"": 0.30056726932525635}","[{""label"": ""disappointment"", ""score"": 0.4849526882171631}, {""label"": ""neutral"", ""score"": 0.30056726932525635}, {""label"": ""annoyance"", ""score"": 0.28581249713897705}, {""label"": ""disapproval"", ""score"": 0.16970854997634888}, {""label"": ""realization"", ""score"": 0.04120287299156189}]",non_irony,0.5747299194335938,False,non-offensive,0.7664331793785095,False
2025-01-22,WM-IND-004,3,"Average performance. Some features are good, others need improvement.",positive,0.61644446849823,0.5,0.34826672452702356,"{""very negative"": 0.025447191670536995, ""neutral"": 0.1476220041513443, ""positive"": 0.61644446849823, ""very positive"": 0.021131806075572968}","approval,admiration","{""approval"": 0.6711743474006653, ""admiration"": 0.3304252624511719}","[{""label"": ""approval"", ""score"": 0.6711743474006653}, {""label"": ""admiration"", ""score"": 0.3304252624511719}, {""label"": ""neutral"", ""score"": 0.1314345896244049}, {""label"": ""optimism"", ""score"": 0.0660710483789444}, {""label"": ""realization"", ""score"": 0.028510229662060738}]",non_irony,0.9071303606033325,False,non-offensive,0.930716335773468,False
2025-02-13,TB-IND-007,1,After 3 months the motor started making grinding noises. Poor quality.,very negative,0.21506524085998535,-1.0,-0.5608611558829494,"{""very negative"": 0.21506524085998535, ""neutral"": 0.06599922478199005, ""positive"": 0.018860796466469765, ""very positive"": 0.0155870970338583}","disappointment,neutral","{""disappointment"": 0.5225762724876404, ""neutral"": 0.32229286432266235}","[{""label"": ""disappointment"", ""score"": 0.5225762724876404}, {""label"": ""neutral"", ""score"": 0.32229286432266235}, {""label"": ""annoyance"", ""score"": 0.204111248254776}, {""label"": ""sadness"", ""score"": 0.08719734847545624}, {""label"": ""disapproval"", ""score"": 0.04562728479504585}]",non_irony,0.6407272219657898,False,non-offensive,0.7529452443122864,False
2024-10-09,LP-IND-003,4,"Noise cancellation is top-notch, blocks out everything around you.",positive,0.6977988481521606,0.5,0.5301263708619881,"{""very negative"": 0.018256666138768196, ""neutral"": 0.04996884986758232, ""positive"": 0.6977988481521606, ""very positive"": 0.20059357583522797}",neutral,"{""neutral"": 0.8535012602806091}","[{""label"": ""neutral"", ""score"": 0.8535012602806091}, {""label"": ""approval"", ""score"": 0.07272456586360931}, {""label"": ""annoyance"", ""score"": 0.035694435238838196}, {""label"": ""admiration"", ""score"": 0.030761508271098137}, {""label"": ""disapproval"", ""score"": 0.014540402218699455}]",irony,0.8790774345397949,True,non-offensive,0.7939949035644531,False
2025-01-08,LP-IND-003,4,Photo quality rivals phones twice the price. Very happy with the camera.,positive,0.9200547933578491,0.5,0.4818561179793535,"{""very negative"": 0.009893827140331268, ""neutral"": 0.01960623636841774, ""positive"": 0.9200547933578491, ""very positive"": 0.03305947035551071}",joy,"{""joy"": 0.8326600790023804}","[{""label"": ""joy"", ""score"": 0.8326600790023804}, {""label"": ""admiration"", ""score"": 0.12147273868322372}, {""label"": ""approval"", ""score"": 0.08454403281211853}, {""label"": ""neutral"", ""score"": 0.041709545999765396}, {""label"": ""relief"", ""score"": 0.027668539434671402}]",non_irony,0.5060417652130127,False,non-offensive,0.9031765460968018,False
2025-02-10,HP-IND-006,2,Love the display and design but the speaker quality is terrible and overheats during gaming.,very negative,0.3773541748523712,-1.0,-0.6110164372537351,"{""very negative"": 0.3773541748523712, ""neutral"": 0.08313998579978943, ""positive"": 0.019871970638632774, ""very positive"": 0.019871970638632774}","love,disgust","{""love"": 0.410555899143219, ""disgust"": 0.3163873255252838}","[{""label"": ""love"", ""score"": 0.410555899143219}, {""label"": ""disgust"", ""score"": 0.3163873255252838}, {""label"": ""admiration"", ""score"": 0.14251857995986938}, {""label"": ""disappointment"", ""score"": 0.14123332500457764}, {""label"": ""annoyance"", ""score"": 0.09878356009721756}]",non_irony,0.6289689540863037,False,non-offensive,0.7254443764686584,False
2024-11-21,MB-IND-002,2,Overheats constantly during normal usage. Had to return it.,neutral,0.11558523774147034,0.0,-0.36611235721466906,"{""very negative"": 0.10191556066274643, ""neutral"": 0.11558523774147034, ""positive"": 0.016096526756882668, ""very positive"": 0.016096526756882668}",neutral,"{""neutral"": 0.9388406872749329}","[{""label"": ""neutral"", ""score"": 0.9388406872749329}, {""label"": ""approval"", ""score"": 0.02460838295519352}, {""label"": ""annoyance"", ""score"": 0.019031492993235588}, {""label"": ""realization"", ""score"": 0.016972018405795097}, {""label"": ""disappointment"", ""score"": 0.011426879093050957}]",non_irony,0.9186547994613647,False,non-offensive,0.881855309009552,False
2024-12-21,HP-IND-006,2,Software is buggy and crashes frequently. Needs serious updates.,very negative,0.16292156279087067,-1.0,-0.549398270482279,"{""very negative"": 0.16292156279087067, ""neutral"": 0.038247622549533844, ""positive"": 0.017066175118088722, ""very positive"": 0.017066175118088722}",annoyance,"{""annoyance"": 0.35407698154449463}","[{""label"": ""annoyance"", ""score"": 0.35407698154449463}, {""label"": ""disappointment"", ""score"": 0.2594839036464691}, {""label"": ""neutral"", ""score"": 0.24903368949890137}, {""label"": ""disapproval"", ""score"": 0.0876527801156044}, {""label"": ""approval"", ""score"": 0.08709853142499924}]",non_irony,0.9079406261444092,False,non-offensive,0.7005749940872192,False
2024-11-07,MB-IND-002,4,"Durability is impressive, been using for 6 months with zero issues.",positive,0.8207300305366516,0.5,0.47055570951936276,"{""very negative"": 0.01670188084244728, ""neutral"": 0.05924329534173012, ""positive"": 0.8207300305366516, ""very positive"": 0.0840175449848175}",admiration,"{""admiration"": 0.901075005531311}","[{""label"": ""admiration"", ""score"": 0.901075005531311}, {""label"": ""approval"", ""score"": 0.09503141790628433}, {""label"": ""neutral"", ""score"": 0.046847887337207794}, {""label"": ""realization"", ""score"": 0.013351649045944214}, {""label"": ""gratitude"", ""score"": 0.0120680071413517}]",irony,0.8547757267951965,True,non-offensive,0.930757999420166,False
2024-12-16,TB-IND-007,4,The smart features are intuitive and the app integration works seamlessly.,positive,0.8389089703559875,0.5,0.49421363552263087,"{""very negative"": 0.015078968368470669, ""neutral"": 0.0321933850646019, ""positive"": 0.8389089703559875, ""very positive"": 0.09604666382074356}",approval,"{""approval"": 0.7188327312469482}","[{""label"": ""approval"", ""score"": 0.7188327312469482}, {""label"": ""neutral"", ""score"": 0.23967300355434418}, {""label"": ""admiration"", ""score"": 0.1221417710185051}, {""label"": ""realization"", ""score"": 0.02103411592543125}, {""label"": ""optimism"", ""score"": 0.010465051047503948}]",irony,0.6668115258216858,True,non-offensive,0.9256442189216614,False
2024-12-27,TB-IND-007,4,Photo quality rivals phones twice the price. Very happy with the camera.,positive,0.9200547933578491,0.5,0.4818561179793535,"{""very negative"": 0.009893827140331268, ""neutral"": 0.01960623636841774, ""positive"": 0.9200547933578491, ""very positive"": 0.03305947035551071}",joy,"{""joy"": 0.8326600790023804}","[{""label"": ""joy"", ""score"": 0.8326600790023804}, {""label"": ""admiration"", ""score"": 0.12147273868322372}, {""label"": ""approval"", ""score"": 0.08454403281211853}, {""label"": ""neutral"", ""score"": 0.041709545999765396}, {""label"": ""relief"", ""score"": 0.027668539434671402}]",non_irony,0.5060417652130127,False,non-offensive,0.9031765460968018,False
2025-01-02,TV-IND-001,3,"Produit de mauvaise qualite, je suis tres decu. Ne recommande pas.",very negative,0.376915842294693,-1.0,-0.6515037909879426,"{""very negative"": 0.376915842294693, ""neutral"": 0.02833167091012001, ""positive"": 0.024450555443763733, ""very positive"": 0.01673412136733532}",neutral,"{""neutral"": 0.9460828304290771}","[{""label"": ""neutral"", ""score"": 0.9460828304290771}, {""label"": ""approval"", ""score"": 0.029701441526412964}, {""label"": ""disapproval"", ""score"": 0.009891659021377563}, {""label"": ""realization"", ""score"": 0.00757063552737236}, {""label"": ""annoyance"", ""score"": 0.006734327878803015}]",non_irony,0.8884108662605286,False,non-offensive,0.8112044930458069,False
2025-03-03,HP-IND-006,3,Packaging was good but product is just average in terms of quality.,neutral,0.22643636167049408,0.0,0.02154465263355148,"{""very negative"": 0.020769914612174034, ""neutral"": 0.22643636167049408, ""positive"": 0.03994236886501312, ""very positive"": 0.018210014328360558}","disappointment,admiration","{""disappointment"": 0.35051408410072327, ""admiration"": 0.31660306453704834}","[{""label"": ""disappointment"", ""score"": 0.35051408410072327}, {""label"": ""admiration"", ""score"": 0.31660306453704834}, {""label"": ""disapproval"", ""score"": 0.20833034813404083}, {""label"": ""approval"", ""score"": 0.14557017385959625}, {""label"": ""neutral"", ""score"": 0.10623263567686081}]",non_irony,0.5526584982872009,False,non-offensive,0.8434349298477173,False
2024-12-08,TV-IND-001,5,"Noise cancellation is top-notch, blocks out everything around you.",positive,0.6977988481521606,0.5,0.5301263708619881,"{""very negative"": 0.018256666138768196, ""neutral"": 0.04996884986758232, ""positive"": 0.6977988481521606, ""very positive"": 0.20059357583522797}",neutral,"{""neutral"": 0.8535012602806091}","[{""label"": ""neutral"", ""score"": 0.8535012602806091}, {""label"": ""approval"", ""score"": 0.07272456586360931}, {""label"": ""annoyance"", ""score"": 0.035694435238838196}, {""label"": ""admiration"", ""score"": 0.030761508271098137}, {""label"": ""disapproval"", ""score"": 0.014540402218699455}]",irony,0.8790774345397949,True,non-offensive,0.7939949035644531,False
2025-03-15,TB-IND-007,3,"The processor handles everything I throw at it, but RAM management needs improvement.",positive,0.23391316831111908,0.5,0.22180404858284788,"{""very negative"": 0.017129547894001007, ""neutral"": 0.20354090631008148, ""positive"": 0.23391316831111908, ""very positive"": 0.01717514544725418}","neutral,approval","{""neutral"": 0.46721941232681274, ""approval"": 0.32108038663864136}","[{""label"": ""neutral"", ""score"": 0.46721941232681274}, {""label"": ""approval"", ""score"": 0.32108038663864136}, {""label"": ""optimism"", ""score"": 0.11606177687644958}, {""label"": ""realization"", ""score"": 0.05067124590277672}, {""label"": ""desire"", ""score"": 0.04620461165904999}]",non_irony,0.9052064418792725,False,non-offensive,0.8036984205245972,False
2025-01-27,MB-IND-002,2,Delivery was delayed by 2 weeks and the product arrived damaged.,very negative,0.2179221659898758,-1.0,-0.5323195026573361,"{""very negative"": 0.2179221659898758, ""neutral"": 0.07148028910160065, ""positive"": 0.02215690352022648, ""very positive"": 0.02215690352022648}",disappointment,"{""disappointment"": 0.6985851526260376}","[{""label"": ""disappointment"", ""score"": 0.6985851526260376}, {""label"": ""neutral"", ""score"": 0.26860493421554565}, {""label"": ""annoyance"", ""score"": 0.10525964200496674}, {""label"": ""sadness"", ""score"": 0.09905389696359634}, {""label"": ""disapproval"", ""score"": 0.036296263337135315}]",non_irony,0.7698453068733215,False,non-offensive,0.8377794027328491,False
2024-11-02,AC-IND-005,3,Cooling is incredibly efficient but the noise level at full blast is quite loud. Energy savings are good.,positive,0.24520593881607056,0.5,0.32884720066623113,"{""very negative"": 0.01764993742108345, ""neutral"": 0.06515862047672272, ""positive"": 0.24520593881607056, ""very positive"": 0.0261381883174181}","admiration,approval","{""admiration"": 0.7278497815132141, ""approval"": 0.4586583375930786}","[{""label"": ""admiration"", ""score"": 0.7278497815132141}, {""label"": ""approval"", ""score"": 0.4586583375930786}, {""label"": ""neutral"", ""score"": 0.07261066138744354}, {""label"": ""realization"", ""score"": 0.01878446526825428}, {""label"": ""gratitude"", ""score"": 0.01715177297592163}]",irony,0.8304233551025391,True,non-offensive,0.8526865839958191,False
2024-12-25,TV-IND-001,4,Energy efficient and very quiet operation. Highly recommend!,positive,0.7586772441864014,0.5,0.5307734316802475,"{""very negative"": 0.016845209524035454, ""neutral"": 0.03081432357430458, ""positive"": 0.7586772441864014, ""very positive"": 0.17657209932804108}",admiration,"{""admiration"": 0.8203734159469604}","[{""label"": ""admiration"", ""score"": 0.8203734159469604}, {""label"": ""approval"", ""score"": 0.24129898846149445}, {""label"": ""gratitude"", ""score"": 0.08020996302366257}, {""label"": ""neutral"", ""score"": 0.031993474811315536}, {""label"": ""optimism"", ""score"": 0.015411066822707653}]",non_irony,0.5187515020370483,False,non-offensive,0.9350569248199463,False
2025-01-11,LP-IND-003,4,"Build quality feels premium, definitely punches above its price point.",positive,0.5689269304275513,0.5,0.4307623559540791,"{""very negative"": 0.012321094051003456, ""neutral"": 0.05195668712258339, ""positive"": 0.5689269304275513, ""very positive"": 0.021232595667243004}","admiration,approval,neutral","{""admiration"": 0.4633546471595764, ""approval"": 0.39119985699653625, ""neutral"": 0.30986344814300537}","[{""label"": ""admiration"", ""score"": 0.4633546471595764}, {""label"": ""approval"", ""score"": 0.39119985699653625}, {""label"": ""neutral"", ""score"": 0.30986344814300537}, {""label"": ""realization"", ""score"": 0.013269134797155857}, {""label"": ""annoyance"", ""score"": 0.010357970371842384}]",non_irony,0.5766015648841858,False,non-offensive,0.8615878224372864,False
2025-02-26,HP-IND-006,2,"Installation was a nightmare, instructions were completely wrong.",very negative,0.7697422504425049,-1.0,-0.6977894863586905,"{""very negative"": 0.7697422504425049, ""neutral"": 0.036633219569921494, ""positive"": 0.020193949341773987, ""very positive"": 0.01803928054869175}",disapproval,"{""disapproval"": 0.3163321614265442}","[{""label"": ""disapproval"", ""score"": 0.3163321614265442}, {""label"": ""annoyance"", ""score"": 0.24686093628406525}, {""label"": ""disappointment"", ""score"": 0.15440554916858673}, {""label"": ""neutral"", ""score"": 0.06965956091880798}, {""label"": ""fear"", ""score"": 0.04962696135044098}]",non_irony,0.7851060032844543,False,non-offensive,0.6006593704223633,False
2025-03-03,TV-IND-001,3,Product is fine for basic use but power users might find it limiting.,neutral,0.2278260439634323,0.0,0.13598060049171318,"{""very negative"": 0.017182493582367897, ""neutral"": 0.2278260439634323, ""positive"": 0.11778126657009125, ""very positive"": 0.021471703425049782}","neutral,approval","{""neutral"": 0.6480686068534851, ""approval"": 0.39360511302948}","[{""label"": ""neutral"", ""score"": 0.6480686068534851}, {""label"": ""approval"", ""score"": 0.39360511302948}, {""label"": ""realization"", ""score"": 0.027473531663417816}, {""label"": ""optimism"", ""score"": 0.021502286195755005}, {""label"": ""disapproval"", ""score"": 0.013942357152700424}]",non_irony,0.6216647624969482,False,non-offensive,0.8438470363616943,False
2024-12-15,TV-IND-001,1,Bluetooth connectivity drops every few minutes. Extremely frustrating.,very negative,0.6028462648391724,-1.0,-0.6743283178692285,"{""very negative"": 0.6028462648391724, ""neutral"": 0.050933293998241425, ""positive"": 0.02046809531748295, ""very positive"": 0.019622648134827614}",annoyance,"{""annoyance"": 0.755325436592102}","[{""label"": ""annoyance"", ""score"": 0.755325436592102}, {""label"": ""anger"", ""score"": 0.23799586296081543}, {""label"": ""neutral"", ""score"": 0.06979986280202866}, {""label"": ""disappointment"", ""score"": 0.05000713840126991}, {""label"": ""disapproval"", ""score"": 0.037070609629154205}]",irony,0.6903656721115112,True,non-offensive,0.7488885521888733,False
2025-03-09,TB-IND-007,4,Energy efficient and very quiet operation. Highly recommend!,positive,0.7586772441864014,0.5,0.5307734316802475,"{""very negative"": 0.016845209524035454, ""neutral"": 0.03081432357430458, ""positive"": 0.7586772441864014, ""very positive"": 0.17657209932804108}",admiration,"{""admiration"": 0.8203734159469604}","[{""label"": ""admiration"", ""score"": 0.8203734159469604}, {""label"": ""approval"", ""score"": 0.24129898846149445}, {""label"": ""gratitude"", ""score"": 0.08020996302366257}, {""label"": ""neutral"", ""score"": 0.031993474811315536}, {""label"": ""optimism"", ""score"": 0.015411066822707653}]",non_irony,0.5187515020370483,False,non-offensive,0.9350569248199463,False
2025-03-14,RF-IND-008,4,"The camera quality is outstanding, perfect for everyday photography.",positive,0.4490591287612915,0.5,0.6009954280279384,"{""very negative"": 0.025144625455141068, ""neutral"": 0.08400725573301315, ""positive"": 0.4490591287612915, ""very positive"": 0.41047510504722595}",admiration,"{""admiration"": 0.9424173831939697}","[{""label"": ""admiration"", ""score"": 0.9424173831939697}, {""label"": ""approval"", ""score"": 0.058339230716228485}, {""label"": ""neutral"", ""score"": 0.0315530002117157}, {""label"": ""gratitude"", ""score"": 0.010911427438259125}, {""label"": ""realization"", ""score"": 0.006474080961197615}]",irony,0.561927080154419,True,non-offensive,0.924063503742218,False
2025-02-03,AC-IND-005,1,The battery dies faster than my enthusiasm for this brand. Remarkable achievement!,positive,0.7221293449401855,0.5,0.7025799770686348,"{""very negative"": 0.0158077459782362, ""neutral"": 0.03211413696408272, ""positive"": 0.7221293449401855, ""very positive"": 0.7221293449401855}",admiration,"{""admiration"": 0.9155632853507996}","[{""label"": ""admiration"", ""score"": 0.9155632853507996}, {""label"": ""approval"", ""score"": 0.058518778532743454}, {""label"": ""excitement"", ""score"": 0.057543788105249405}, {""label"": ""neutral"", ""score"": 0.024362027645111084}, {""label"": ""surprise"", ""score"": 0.020907849073410034}]",irony,0.943659245967865,True,non-offensive,0.8459072709083557,False
2024-12-22,WM-IND-004,5,"Screen resolution is crystal clear, perfect for streaming and gaming.",positive,0.392398476600647,0.5,0.542207413406494,"{""very negative"": 0.025593694299459457, ""neutral"": 0.16940507292747498, ""positive"": 0.392398476600647, ""very positive"": 0.38130703568458557}",approval,"{""approval"": 0.5070986747741699}","[{""label"": ""approval"", ""score"": 0.5070986747741699}, {""label"": ""neutral"", ""score"": 0.2965473234653473}, {""label"": ""admiration"", ""score"": 0.2750425338745117}, {""label"": ""realization"", ""score"": 0.009711122140288353}, {""label"": ""optimism"", ""score"": 0.009128984063863754}]",irony,0.6862936615943909,True,non-offensive,0.9093480110168457,False
2025-01-23,LP-IND-003,1,"Oh great, another product that breaks right after warranty expires. How convenient!",very negative,0.13526460528373718,-1.0,-0.5038809908315215,"{""very negative"": 0.13526460528373718, ""neutral"": 0.01894294284284115, ""positive"": 0.02767418511211872, ""very positive"": 0.019453536719083786}",admiration,"{""admiration"": 0.8009824156761169}","[{""label"": ""admiration"", ""score"": 0.8009824156761169}, {""label"": ""approval"", ""score"": 0.10055772960186005}, {""label"": ""disappointment"", ""score"": 0.08632303029298782}, {""label"": ""realization"", ""score"": 0.04643560200929642}, {""label"": ""neutral"", ""score"": 0.027577385306358337}]",irony,0.9890222549438477,True,non-offensive,0.8594326972961426,False
2024-11-09,AC-IND-005,4,"Great design, sleek and modern. Fits perfectly in my living room.",positive,0.5736238956451416,0.5,0.6753709677943955,"{""very negative"": 0.01719159446656704, ""neutral"": 0.05420605093240738, ""positive"": 0.5736238956451416, ""very positive"": 0.5736238956451416}",admiration,"{""admiration"": 0.9285853505134583}","[{""label"": ""admiration"", ""score"": 0.9285853505134583}, {""label"": ""approval"", ""score"": 0.09943830966949463}, {""label"": ""neutral"", ""score"": 0.02816888317465782}, {""label"": ""gratitude"", ""score"": 0.008972597308456898}, {""label"": ""realization"", ""score"": 0.006490301340818405}]",non_irony,0.6408451795578003,False,non-offensive,0.9143792986869812,False
2024-10-23,MB-IND-002,3,It is an acceptable product. Neither great nor terrible overall.,neutral,0.6794472932815552,0.0,0.11969010975899572,"{""very negative"": 0.021728726103901863, ""neutral"": 0.6794472932815552, ""positive"": 0.24736584722995758, ""very positive"": 0.028446754440665245}",approval,"{""approval"": 0.8612683415412903}","[{""label"": ""approval"", ""score"": 0.8612683415412903}, {""label"": ""admiration"", ""score"": 0.13370481133460999}, {""label"": ""neutral"", ""score"": 0.05180679261684418}, {""label"": ""disapproval"", ""score"": 0.02096419222652912}, {""label"": ""realization"", ""score"": 0.014821445569396019}]",non_irony,0.9514107704162598,False,non-offensive,0.8791451454162598,False
2025-01-14,MB-IND-002,1,"Sure, who needs customer service anyway? Waiting 4 weeks builds character!",neutral,0.7354669570922852,0.0,0.08089343274446564,"{""very negative"": 0.022473178803920746, ""neutral"": 0.7354669570922852, ""positive"": 0.13158436119556427, ""very positive"": 0.04536167159676552}","approval,neutral","{""approval"": 0.39447733759880066, ""neutral"": 0.3930034935474396}","[{""label"": ""approval"", ""score"": 0.39447733759880066}, {""label"": ""neutral"", ""score"": 0.3930034935474396}, {""label"": ""curiosity"", ""score"": 0.25203585624694824}, {""label"": ""confusion"", ""score"": 0.058140382170677185}, {""label"": ""realization"", ""score"": 0.018022604286670685}]",irony,0.8940737843513489,True,non-offensive,0.8660460114479065,False
2025-01-31,TB-IND-007,2,Sound quality is tinny and distorted at higher volumes. Not acceptable.,very negative,0.12479760497808456,-1.0,-0.493778516965209,"{""very negative"": 0.12479760497808456, ""neutral"": 0.04836035519838333, ""positive"": 0.01610911823809147, ""very positive"": 0.01610911823809147}",disapproval,"{""disapproval"": 0.7381646633148193}","[{""label"": ""disapproval"", ""score"": 0.7381646633148193}, {""label"": ""annoyance"", ""score"": 0.21084058284759521}, {""label"": ""neutral"", ""score"": 0.112130306661129}, {""label"": ""disappointment"", ""score"": 0.06412441283464432}, {""label"": ""approval"", ""score"": 0.023751674219965935}]",non_irony,0.9257212281227112,False,non-offensive,0.7237016558647156,False
2024-11-24,HP-IND-006,5,"Sehr gutes Produkt, schnelle Lieferung und tolle Qualitat. Empfehlenswert!",positive,0.5607585906982422,0.5,0.63179622013243,"{""very negative"": 0.019466347992420197, ""neutral"": 0.01999477855861187, ""positive"": 0.5607585906982422, ""very positive"": 0.3811355233192444}",neutral,"{""neutral"": 0.9314554929733276}","[{""label"": ""neutral"", ""score"": 0.9314554929733276}, {""label"": ""approval"", ""score"": 0.03372388705611229}, {""label"": ""annoyance"", ""score"": 0.009257086552679539}, {""label"": ""admiration"", ""score"": 0.006478950381278992}, {""label"": ""realization"", ""score"": 0.0048216269351542}]",non_irony,0.9127270579338074,False,non-offensive,0.7963050007820129,False
2024-12-10,MB-IND-002,2,Sound quality is tinny and distorted at higher volumes. Not acceptable.,very negative,0.12479760497808456,-1.0,-0.493778516965209,"{""very negative"": 0.12479760497808456, ""neutral"": 0.04836035519838333, ""positive"": 0.01610911823809147, ""very positive"": 0.01610911823809147}",disapproval,"{""disapproval"": 0.7381646633148193}","[{""label"": ""disapproval"", ""score"": 0.7381646633148193}, {""label"": ""annoyance"", ""score"": 0.21084058284759521}, {""label"": ""neutral"", ""score"": 0.112130306661129}, {""label"": ""disappointment"", ""score"": 0.06412441283464432}, {""label"": ""approval"", ""score"": 0.023751674219965935}]",non_irony,0.9257212281227112,False,non-offensive,0.7237016558647156,False
2025-03-05,LP-IND-003,3,It is an acceptable product. Neither great nor terrible overall.,neutral,0.6794472932815552,0.0,0.11969010975899572,"{""very negative"": 0.021728726103901863, ""neutral"": 0.6794472932815552, ""positive"": 0.24736584722995758, ""very positive"": 0.028446754440665245}",approval,"{""approval"": 0.8612683415412903}","[{""label"": ""approval"", ""score"": 0.8612683415412903}, {""label"": ""admiration"", ""score"": 0.13370481133460999}, {""label"": ""neutral"", ""score"": 0.05180679261684418}, {""label"": ""disapproval"", ""score"": 0.02096419222652912}, {""label"": ""realization"", ""score"": 0.014821445569396019}]",non_irony,0.9514107704162598,False,non-offensive,0.8791451454162598,False
2025-01-29,RF-IND-008,5,"Sound quality is phenomenal, crisp highs and deep bass. Worth every penny.",positive,0.49539729952812195,0.5,0.6590491162612364,"{""very negative"": 0.019894424825906754, ""neutral"": 0.05166413262486458, ""positive"": 0.49539729952812195, ""very positive"": 0.49539729952812195}",admiration,"{""admiration"": 0.9490026235580444}","[{""label"": ""admiration"", ""score"": 0.9490026235580444}, {""label"": ""approval"", ""score"": 0.04883971065282822}, {""label"": ""neutral"", ""score"": 0.030404893681406975}, {""label"": ""gratitude"", ""score"": 0.010029646568000317}, {""label"": ""disapproval"", ""score"": 0.006704993546009064}]",non_irony,0.7751739025115967,False,non-offensive,0.8951526284217834,False
2024-12-01,WM-IND-004,2,"Sure, who needs customer service anyway? Waiting 4 weeks builds character!",neutral,0.7354669570922852,0.0,0.08089343274446564,"{""very negative"": 0.022473178803920746, ""neutral"": 0.7354669570922852, ""positive"": 0.13158436119556427, ""very positive"": 0.04536167159676552}","approval,neutral","{""approval"": 0.39447733759880066, ""neutral"": 0.3930034935474396}","[{""label"": ""approval"", ""score"": 0.39447733759880066}, {""label"": ""neutral"", ""score"": 0.3930034935474396}, {""label"": ""curiosity"", ""score"": 0.25203585624694824}, {""label"": ""confusion"", ""score"": 0.058140382170677185}, {""label"": ""realization"", ""score"": 0.018022604286670685}]",irony,0.8940737843513489,True,non-offensive,0.8660460114479065,False
2025-01-26,TV-IND-001,2,Terrible experience. Product stopped working within a week of purchase.,very negative,0.49440306425094604,-1.0,-0.6392283390705386,"{""very negative"": 0.49440306425094604, ""neutral"": 0.08719932287931442, ""positive"": 0.01936017908155918, ""very positive"": 0.01936017908155918}",sadness,"{""sadness"": 0.39730533957481384}","[{""label"": ""sadness"", ""score"": 0.39730533957481384}, {""label"": ""fear"", ""score"": 0.2838751971721649}, {""label"": ""disappointment"", ""score"": 0.2159164994955063}, {""label"": ""nervousness"", ""score"": 0.041859596967697144}, {""label"": ""annoyance"", ""score"": 0.027089202776551247}]",non_irony,0.8665359616279602,False,non-offensive,0.810444176197052,False
2025-02-17,WM-IND-004,4,"The camera quality is outstanding, perfect for everyday photography.",positive,0.4490591287612915,0.5,0.6009954280279384,"{""very negative"": 0.025144625455141068, ""neutral"": 0.08400725573301315, ""positive"": 0.4490591287612915, ""very positive"": 0.41047510504722595}",admiration,"{""admiration"": 0.9424173831939697}","[{""label"": ""admiration"", ""score"": 0.9424173831939697}, {""label"": ""approval"", ""score"": 0.058339230716228485}, {""label"": ""neutral"", ""score"": 0.0315530002117157}, {""label"": ""gratitude"", ""score"": 0.010911427438259125}, {""label"": ""realization"", ""score"": 0.006474080961197615}]",irony,0.561927080154419,True,non-offensive,0.924063503742218,False
2024-11-04,RF-IND-008,3,It is an acceptable product. Neither great nor terrible overall.,neutral,0.6794472932815552,0.0,0.11969010975899572,"{""very negative"": 0.021728726103901863, ""neutral"": 0.6794472932815552, ""positive"": 0.24736584722995758, ""very positive"": 0.028446754440665245}",approval,"{""approval"": 0.8612683415412903}","[{""label"": ""approval"", ""score"": 0.8612683415412903}, {""label"": ""admiration"", ""score"": 0.13370481133460999}, {""label"": ""neutral"", ""score"": 0.05180679261684418}, {""label"": ""disapproval"", ""score"": 0.02096419222652912}, {""label"": ""realization"", ""score"": 0.014821445569396019}]",non_irony,0.9514107704162598,False,non-offensive,0.8791451454162598,False
2025-02-15,AC-IND-005,4,Absolutely love this product! The build quality is exceptional and performance exceeds expectations.,positive,0.7471796870231628,0.5,0.7025448596220167,"{""very negative"": 0.015530555509030819, ""neutral"": 0.036719899624586105, ""positive"": 0.7471796870231628, ""very positive"": 0.7471796870231628}","admiration,love","{""admiration"": 0.8205865025520325, ""love"": 0.7115253806114197}","[{""label"": ""admiration"", ""score"": 0.8205865025520325}, {""label"": ""love"", ""score"": 0.7115253806114197}, {""label"": ""approval"", ""score"": 0.04455780237913132}, {""label"": ""gratitude"", ""score"": 0.016261670738458633}, {""label"": ""optimism"", ""score"": 0.009366675280034542}]",non_irony,0.8729540109634399,False,non-offensive,0.9555073380470276,False
2024-12-26,AC-IND-005,5,"Great design, sleek and modern. Fits perfectly in my living room.",positive,0.5736238956451416,0.5,0.6753709677943955,"{""very negative"": 0.01719159446656704, ""neutral"": 0.05420605093240738, ""positive"": 0.5736238956451416, ""very positive"": 0.5736238956451416}",admiration,"{""admiration"": 0.9285853505134583}","[{""label"": ""admiration"", ""score"": 0.9285853505134583}, {""label"": ""approval"", ""score"": 0.09943830966949463}, {""label"": ""neutral"", ""score"": 0.02816888317465782}, {""label"": ""gratitude"", ""score"": 0.008972597308456898}, {""label"": ""realization"", ""score"": 0.006490301340818405}]",non_irony,0.6408451795578003,False,non-offensive,0.9143792986869812,False
2024-10-15,WM-IND-004,3,It is okay. Works as expected but nothing special compared to competitors.,positive,0.4286438226699829,0.5,0.3626781987528287,"{""very negative"": 0.015589638613164425, ""neutral"": 0.0978032648563385, ""positive"": 0.4286438226699829, ""very positive"": 0.017732756212353706}",approval,"{""approval"": 0.8651418089866638}","[{""label"": ""approval"", ""score"": 0.8651418089866638}, {""label"": ""neutral"", ""score"": 0.11388786137104034}, {""label"": ""realization"", ""score"": 0.024218831211328506}, {""label"": ""optimism"", ""score"": 0.014182043261826038}, {""label"": ""annoyance"", ""score"": 0.013593513518571854}]",non_irony,0.8429244756698608,False,non-offensive,0.9375155568122864,False
2025-02-13,WM-IND-004,3,Decent product for the price. Nothing extraordinary but gets the job done.,positive,0.9262930154800415,0.5,0.4699002944402194,"{""very negative"": 0.008937007747590542, ""neutral"": 0.029806025326251984, ""positive"": 0.9262930154800415, ""very positive"": 0.014957997016608715}",admiration,"{""admiration"": 0.8266987204551697}","[{""label"": ""admiration"", ""score"": 0.8266987204551697}, {""label"": ""approval"", ""score"": 0.24115855991840363}, {""label"": ""neutral"", ""score"": 0.08824765682220459}, {""label"": ""realization"", ""score"": 0.015828154981136322}, {""label"": ""gratitude"", ""score"": 0.015294903889298439}]",non_irony,0.8037245869636536,False,non-offensive,0.9300389289855957,False
2025-02-14,HP-IND-006,1,I just love paying premium prices for something that works half the time. Wonderful!,positive,0.4681796431541443,0.5,0.3093943984333868,"{""very negative"": 0.08025987446308136, ""neutral"": 0.054569948464632034, ""positive"": 0.4681796431541443, ""very positive"": 0.14146959781646729}","love,admiration","{""love"": 0.9180864095687866, ""admiration"": 0.30730876326560974}","[{""label"": ""love"", ""score"": 0.9180864095687866}, {""label"": ""admiration"", ""score"": 0.30730876326560974}, {""label"": ""joy"", ""score"": 0.07236479967832565}, {""label"": ""approval"", ""score"": 0.03508445620536804}, {""label"": ""excitement"", ""score"": 0.01018813531845808}]",irony,0.9883338212966919,True,non-offensive,0.9597514867782593,False
2025-02-10,TB-IND-007,2,The battery dies faster than my enthusiasm for this brand. Remarkable achievement!,positive,0.7221293449401855,0.5,0.7025799770686348,"{""very negative"": 0.0158077459782362, ""neutral"": 0.03211413696408272, ""positive"": 0.7221293449401855, ""very positive"": 0.7221293449401855}",admiration,"{""admiration"": 0.9155632853507996}","[{""label"": ""admiration"", ""score"": 0.9155632853507996}, {""label"": ""approval"", ""score"": 0.058518778532743454}, {""label"": ""excitement"", ""score"": 0.057543788105249405}, {""label"": ""neutral"", ""score"": 0.024362027645111084}, {""label"": ""surprise"", ""score"": 0.020907849073410034}]",irony,0.943659245967865,True,non-offensive,0.8459072709083557,False
2024-12-17,HP-IND-006,2,"Very noisy operation, you can hear it from across the room.",very negative,0.2273368090391159,-1.0,-0.5590371333032957,"{""very negative"": 0.2273368090391159, ""neutral"": 0.040130890905857086, ""positive"": 0.03464279696345329, ""very positive"": 0.01776937209069729}","neutral,annoyance,disgust","{""neutral"": 0.20088286697864532, ""annoyance"": 0.18471433222293854, ""disgust"": 0.029139941558241844}","[{""label"": ""neutral"", ""score"": 0.20088286697864532}, {""label"": ""annoyance"", ""score"": 0.18471433222293854}, {""label"": ""disgust"", ""score"": 0.029139941558241844}, {""label"": ""approval"", ""score"": 0.024515606462955475}, {""label"": ""anger"", ""score"": 0.023660719394683838}]",irony,0.5849149227142334,True,non-offensive,0.7706944346427917,False
2024-11-12,RF-IND-008,2,"Produit de mauvaise qualite, je suis tres decu. Ne recommande pas.",very negative,0.376915842294693,-1.0,-0.6515037909879426,"{""very negative"": 0.376915842294693, ""neutral"": 0.02833167091012001, ""positive"": 0.024450555443763733, ""very positive"": 0.01673412136733532}",neutral,"{""neutral"": 0.9460828304290771}","[{""label"": ""neutral"", ""score"": 0.9460828304290771}, {""label"": ""approval"", ""score"": 0.029701441526412964}, {""label"": ""disapproval"", ""score"": 0.009891659021377563}, {""label"": ""realization"", ""score"": 0.00757063552737236}, {""label"": ""annoyance"", ""score"": 0.006734327878803015}]",non_irony,0.8884108662605286,False,non-offensive,0.8112044930458069,False
2025-02-04,TV-IND-001,2,Wash quality is superb and very gentle on clothes. But the spin cycle is noisy and takes too long.,neutral,0.12252725660800934,0.0,-0.08810374244550431,"{""very negative"": 0.028522823005914688, ""neutral"": 0.12252725660800934, ""positive"": 0.025434179231524467, ""very positive"": 0.011033188551664352}","neutral,admiration","{""neutral"": 0.3840573728084564, ""admiration"": 0.34550753235816956}","[{""label"": ""neutral"", ""score"": 0.3840573728084564}, {""label"": ""admiration"", ""score"": 0.34550753235816956}, {""label"": ""approval"", ""score"": 0.09356952458620071}, {""label"": ""disappointment"", ""score"": 0.0653710588812828}, {""label"": ""annoyance"", ""score"": 0.05638834461569786}]",irony,0.6539191007614136,True,non-offensive,0.8536752462387085,False
2025-02-04,AC-IND-005,4,"Excellent sound quality and comfortable fit, but the ANC could be much stronger for the price.",positive,0.15356729924678802,0.5,0.3086620512949099,"{""very negative"": 0.012060086242854595, ""neutral"": 0.07317974418401718, ""positive"": 0.15356729924678802, ""very positive"": 0.027106380090117455}",admiration,"{""admiration"": 0.9374375939369202}","[{""label"": ""admiration"", ""score"": 0.9374375939369202}, {""label"": ""approval"", ""score"": 0.089204341173172}, {""label"": ""neutral"", ""score"": 0.03402496129274368}, {""label"": ""optimism"", ""score"": 0.025380540639162064}, {""label"": ""gratitude"", ""score"": 0.018238363787531853}]",non_irony,0.9199045896530151,False,non-offensive,0.8908013105392456,False
2025-03-15,AC-IND-005,1,Build quality is cheap and flimsy. Does not feel worth the price at all.,very negative,0.14990851283073425,-1.0,-0.560529625903086,"{""very negative"": 0.14990851283073425, ""neutral"": 0.028574587777256966, ""positive"": 0.015562235377728939, ""very positive"": 0.015562235377728939}",disapproval,"{""disapproval"": 0.5688949823379517}","[{""label"": ""disapproval"", ""score"": 0.5688949823379517}, {""label"": ""annoyance"", ""score"": 0.26531776785850525}, {""label"": ""disappointment"", ""score"": 0.19667105376720428}, {""label"": ""neutral"", ""score"": 0.17501303553581238}, {""label"": ""approval"", ""score"": 0.019899286329746246}]",non_irony,0.9473848938941956,False,non-offensive,0.6788666248321533,False
2025-01-25,TV-IND-001,4,The smart features are intuitive and the app integration works seamlessly.,positive,0.8389089703559875,0.5,0.49421363552263087,"{""very negative"": 0.015078968368470669, ""neutral"": 0.0321933850646019, ""positive"": 0.8389089703559875, ""very positive"": 0.09604666382074356}",approval,"{""approval"": 0.7188327312469482}","[{""label"": ""approval"", ""score"": 0.7188327312469482}, {""label"": ""neutral"", ""score"": 0.23967300355434418}, {""label"": ""admiration"", ""score"": 0.1221417710185051}, {""label"": ""realization"", ""score"": 0.02103411592543125}, {""label"": ""optimism"", ""score"": 0.010465051047503948}]",irony,0.6668115258216858,True,non-offensive,0.9256442189216614,False
2025-02-19,LP-IND-003,3,It is okay. Works as expected but nothing special compared to competitors.,positive,0.4286438226699829,0.5,0.3626781987528287,"{""very negative"": 0.015589638613164425, ""neutral"": 0.0978032648563385, ""positive"": 0.4286438226699829, ""very positive"": 0.017732756212353706}",approval,"{""approval"": 0.8651418089866638}","[{""label"": ""approval"", ""score"": 0.8651418089866638}, {""label"": ""neutral"", ""score"": 0.11388786137104034}, {""label"": ""realization"", ""score"": 0.024218831211328506}, {""label"": ""optimism"", ""score"": 0.014182043261826038}, {""label"": ""annoyance"", ""score"": 0.013593513518571854}]",non_irony,0.8429244756698608,False,non-offensive,0.9375155568122864,False
2024-12-16,AC-IND-005,2,The promised features do not work as advertised. False marketing.,very negative,0.11003702878952026,-1.0,-0.4876406735014096,"{""very negative"": 0.11003702878952026, ""neutral"": 0.03954793140292168, ""positive"": 0.016627198085188866, ""very positive"": 0.014809762127697468}",disapproval,"{""disapproval"": 0.7108097076416016}","[{""label"": ""disapproval"", ""score"": 0.7108097076416016}, {""label"": ""disappointment"", ""score"": 0.235524520277977}, {""label"": ""annoyance"", ""score"": 0.2101682424545288}, {""label"": ""neutral"", ""score"": 0.11439910531044006}, {""label"": ""anger"", ""score"": 0.018257828429341316}]",irony,0.5804412961006165,True,non-offensive,0.8188140392303467,False
2025-03-04,RF-IND-008,1,Screen cracked with normal use. Quality control is terrible.,very negative,0.5559578537940979,-1.0,-0.6692550732481275,"{""very negative"": 0.5559578537940979, ""neutral"": 0.049877576529979706, ""positive"": 0.019869836047291756, ""very positive"": 0.019869836047291756}",fear,"{""fear"": 0.6690434813499451}","[{""label"": ""fear"", ""score"": 0.6690434813499451}, {""label"": ""disgust"", ""score"": 0.12236551195383072}, {""label"": ""neutral"", ""score"": 0.052940722554922104}, {""label"": ""annoyance"", ""score"": 0.04901452735066414}, {""label"": ""disapproval"", ""score"": 0.03401099890470505}]",non_irony,0.7531394362449646,False,non-offensive,0.6582257747650146,False
2025-01-29,HP-IND-006,3,Some features work well but others feel half-baked and unfinished.,neutral,0.11231619864702225,0.0,-0.017368461427197737,"{""very negative"": 0.024700509384274483, ""neutral"": 0.11231619864702225, ""positive"": 0.031947653740644455, ""very positive"": 0.017410876229405403}",neutral,"{""neutral"": 0.42452213168144226}","[{""label"": ""neutral"", ""score"": 0.42452213168144226}, {""label"": ""approval"", ""score"": 0.262663334608078}, {""label"": ""disapproval"", ""score"": 0.08497705310583115}, {""label"": ""disappointment"", ""score"": 0.07289377599954605}, {""label"": ""annoyance"", ""score"": 0.06537593901157379}]",non_irony,0.7920966744422913,False,non-offensive,0.8468405604362488,False
2024-11-27,TV-IND-001,2,Wash quality is superb and very gentle on clothes. But the spin cycle is noisy and takes too long.,neutral,0.12252725660800934,0.0,-0.08810374244550431,"{""very negative"": 0.028522823005914688, ""neutral"": 0.12252725660800934, ""positive"": 0.025434179231524467, ""very positive"": 0.011033188551664352}","neutral,admiration","{""neutral"": 0.3840573728084564, ""admiration"": 0.34550753235816956}","[{""label"": ""neutral"", ""score"": 0.3840573728084564}, {""label"": ""admiration"", ""score"": 0.34550753235816956}, {""label"": ""approval"", ""score"": 0.09356952458620071}, {""label"": ""disappointment"", ""score"": 0.0653710588812828}, {""label"": ""annoyance"", ""score"": 0.05638834461569786}]",irony,0.6539191007614136,True,non-offensive,0.8536752462387085,False
2025-01-14,WM-IND-004,3,Product is fine for basic use but power users might find it limiting.,neutral,0.2278260439634323,0.0,0.13598060049171318,"{""very negative"": 0.017182493582367897, ""neutral"": 0.2278260439634323, ""positive"": 0.11778126657009125, ""very positive"": 0.021471703425049782}","neutral,approval","{""neutral"": 0.6480686068534851, ""approval"": 0.39360511302948}","[{""label"": ""neutral"", ""score"": 0.6480686068534851}, {""label"": ""approval"", ""score"": 0.39360511302948}, {""label"": ""realization"", ""score"": 0.027473531663417816}, {""label"": ""optimism"", ""score"": 0.021502286195755005}, {""label"": ""disapproval"", ""score"": 0.013942357152700424}]",non_irony,0.6216647624969482,False,non-offensive,0.8438470363616943,False
2025-01-31,AC-IND-005,5,"Bahut achha product hai, value for money. Camera bhi bahut accha hai.",positive,0.5882152915000916,0.5,0.4220367277463888,"{""very negative"": 0.0290150735527277, ""neutral"": 0.18226198852062225, ""positive"": 0.5882152915000916, ""very positive"": 0.1714218407869339}",neutral,"{""neutral"": 0.7110043168067932}","[{""label"": ""neutral"", ""score"": 0.7110043168067932}, {""label"": ""approval"", ""score"": 0.15353593230247498}, {""label"": ""admiration"", ""score"": 0.0266432985663414}, {""label"": ""amusement"", ""score"": 0.018048683181405067}, {""label"": ""joy"", ""score"": 0.013174094259738922}]",non_irony,0.8170913457870483,False,non-offensive,0.7812522053718567,False
2024-10-01,HP-IND-006,2,"Installation was a nightmare, instructions were completely wrong.",very negative,0.7697422504425049,-1.0,-0.6977894863586905,"{""very negative"": 0.7697422504425049, ""neutral"": 0.036633219569921494, ""positive"": 0.020193949341773987, ""very positive"": 0.01803928054869175}",disapproval,"{""disapproval"": 0.3163321614265442}","[{""label"": ""disapproval"", ""score"": 0.3163321614265442}, {""label"": ""annoyance"", ""score"": 0.24686093628406525}, {""label"": ""disappointment"", ""score"": 0.15440554916858673}, {""label"": ""neutral"", ""score"": 0.06965956091880798}, {""label"": ""fear"", ""score"": 0.04962696135044098}]",non_irony,0.7851060032844543,False,non-offensive,0.6006593704223633,False
2025-01-28,TV-IND-001,4,Customer service was amazing. They resolved my query within minutes.,positive,0.6071091294288635,0.5,0.5974647468222958,"{""very negative"": 0.017765464261174202, ""neutral"": 0.03513293340802193, ""positive"": 0.6071091294288635, ""very positive"": 0.31808170676231384}",admiration,"{""admiration"": 0.9301038980484009}","[{""label"": ""admiration"", ""score"": 0.9301038980484009}, {""label"": ""approval"", ""score"": 0.06624912470579147}, {""label"": ""neutral"", ""score"": 0.026406768709421158}, {""label"": ""excitement"", ""score"": 0.022681886330246925}, {""label"": ""joy"", ""score"": 0.018670279532670975}]",irony,0.8352649807929993,True,non-offensive,0.9490030407905579,False
2025-03-08,WM-IND-004,3,It is an acceptable product. Neither great nor terrible overall.,neutral,0.6794472932815552,0.0,0.11969010975899572,"{""very negative"": 0.021728726103901863, ""neutral"": 0.6794472932815552, ""positive"": 0.24736584722995758, ""very positive"": 0.028446754440665245}",approval,"{""approval"": 0.8612683415412903}","[{""label"": ""approval"", ""score"": 0.8612683415412903}, {""label"": ""admiration"", ""score"": 0.13370481133460999}, {""label"": ""neutral"", ""score"": 0.05180679261684418}, {""label"": ""disapproval"", ""score"": 0.02096419222652912}, {""label"": ""realization"", ""score"": 0.014821445569396019}]",non_irony,0.9514107704162598,False,non-offensive,0.8791451454162598,False
2024-12-13,TB-IND-007,5,"Produit de mauvaise qualite, je suis tres decu. Ne recommande pas.",very negative,0.376915842294693,-1.0,-0.6515037909879426,"{""very negative"": 0.376915842294693, ""neutral"": 0.02833167091012001, ""positive"": 0.024450555443763733, ""very positive"": 0.01673412136733532}",neutral,"{""neutral"": 0.9460828304290771}","[{""label"": ""neutral"", ""score"": 0.9460828304290771}, {""label"": ""approval"", ""score"": 0.029701441526412964}, {""label"": ""disapproval"", ""score"": 0.009891659021377563}, {""label"": ""realization"", ""score"": 0.00757063552737236}, {""label"": ""annoyance"", ""score"": 0.006734327878803015}]",non_irony,0.8884108662605286,False,non-offensive,0.8112044930458069,False
2024-10-06,AC-IND-005,5,"Lightweight and portable, perfect for travel and daily commute.",positive,0.5174983143806458,0.5,0.5698038134424869,"{""very negative"": 0.023364251479506493, ""neutral"": 0.08838778734207153, ""positive"": 0.5174983143806458, ""very positive"": 0.3443998694419861}","approval,neutral","{""approval"": 0.5351202487945557, ""neutral"": 0.32617780566215515}","[{""label"": ""approval"", ""score"": 0.5351202487945557}, {""label"": ""neutral"", ""score"": 0.32617780566215515}, {""label"": ""admiration"", ""score"": 0.16927553713321686}, {""label"": ""optimism"", ""score"": 0.009668011218309402}, {""label"": ""realization"", ""score"": 0.009552353993058205}]",non_irony,0.8543041348457336,False,non-offensive,0.9002076983451843,False
2025-01-14,TV-IND-001,4,"Battery life is incredible, easily lasts two full days with heavy usage.",positive,0.5513941645622253,0.5,0.65847089364473,"{""very negative"": 0.022336257621645927, ""neutral"": 0.05773572251200676, ""positive"": 0.5513941645622253, ""very positive"": 0.5513941645622253}",admiration,"{""admiration"": 0.9398247599601746}","[{""label"": ""admiration"", ""score"": 0.9398247599601746}, {""label"": ""approval"", ""score"": 0.055740565061569214}, {""label"": ""neutral"", ""score"": 0.025282323360443115}, {""label"": ""excitement"", ""score"": 0.016244882717728615}, {""label"": ""optimism"", ""score"": 0.009911395609378815}]",irony,0.7044013738632202,True,non-offensive,0.8911383748054504,False
2025-02-15,WM-IND-004,3,Product is fine for basic use but power users might find it limiting.,neutral,0.2278260439634323,0.0,0.13598060049171318,"{""very negative"": 0.017182493582367897, ""neutral"": 0.2278260439634323, ""positive"": 0.11778126657009125, ""very positive"": 0.021471703425049782}","neutral,approval","{""neutral"": 0.6480686068534851, ""approval"": 0.39360511302948}","[{""label"": ""neutral"", ""score"": 0.6480686068534851}, {""label"": ""approval"", ""score"": 0.39360511302948}, {""label"": ""realization"", ""score"": 0.027473531663417816}, {""label"": ""optimism"", ""score"": 0.021502286195755005}, {""label"": ""disapproval"", ""score"": 0.013942357152700424}]",non_irony,0.6216647624969482,False,non-offensive,0.8438470363616943,False
2024-11-07,LP-IND-003,1,The battery dies faster than my enthusiasm for this brand. Remarkable achievement!,positive,0.7221293449401855,0.5,0.7025799770686348,"{""very negative"": 0.0158077459782362, ""neutral"": 0.03211413696408272, ""positive"": 0.7221293449401855, ""very positive"": 0.7221293449401855}",admiration,"{""admiration"": 0.9155632853507996}","[{""label"": ""admiration"", ""score"": 0.9155632853507996}, {""label"": ""approval"", ""score"": 0.058518778532743454}, {""label"": ""excitement"", ""score"": 0.057543788105249405}, {""label"": ""neutral"", ""score"": 0.024362027645111084}, {""label"": ""surprise"", ""score"": 0.020907849073410034}]",irony,0.943659245967865,True,non-offensive,0.8459072709083557,False
2025-01-11,MB-IND-002,5,Customer service was amazing. They resolved my query within minutes.,positive,0.6071091294288635,0.5,0.5974647468222958,"{""very negative"": 0.017765464261174202, ""neutral"": 0.03513293340802193, ""positive"": 0.6071091294288635, ""very positive"": 0.31808170676231384}",admiration,"{""admiration"": 0.9301038980484009}","[{""label"": ""admiration"", ""score"": 0.9301038980484009}, {""label"": ""approval"", ""score"": 0.06624912470579147}, {""label"": ""neutral"", ""score"": 0.026406768709421158}, {""label"": ""excitement"", ""score"": 0.022681886330246925}, {""label"": ""joy"", ""score"": 0.018670279532670975}]",irony,0.8352649807929993,True,non-offensive,0.9490030407905579,False
2025-03-07,WM-IND-004,2,Screen cracked with normal use. Quality control is terrible.,very negative,0.5559578537940979,-1.0,-0.6692550732481275,"{""very negative"": 0.5559578537940979, ""neutral"": 0.049877576529979706, ""positive"": 0.019869836047291756, ""very positive"": 0.019869836047291756}",fear,"{""fear"": 0.6690434813499451}","[{""label"": ""fear"", ""score"": 0.6690434813499451}, {""label"": ""disgust"", ""score"": 0.12236551195383072}, {""label"": ""neutral"", ""score"": 0.052940722554922104}, {""label"": ""annoyance"", ""score"": 0.04901452735066414}, {""label"": ""disapproval"", ""score"": 0.03401099890470505}]",non_irony,0.7531394362449646,False,non-offensive,0.6582257747650146,False
2025-03-05,AC-IND-005,4,The processor handles multitasking effortlessly. No lag whatsoever.,neutral,0.7597368359565735,0.0,0.00797338825580054,"{""very negative"": 0.045921143144369125, ""neutral"": 0.7597368359565735, ""positive"": 0.05292467027902603, ""very positive"": 0.05003025010228157}","admiration,approval,neutral","{""admiration"": 0.3868221342563629, ""approval"": 0.3720160722732544, ""neutral"": 0.3502216339111328}","[{""label"": ""admiration"", ""score"": 0.3868221342563629}, {""label"": ""approval"", ""score"": 0.3720160722732544}, {""label"": ""neutral"", ""score"": 0.3502216339111328}, {""label"": ""realization"", ""score"": 0.014902401715517044}, {""label"": ""pride"", ""score"": 0.008550484664738178}]",irony,0.5463454127311707,True,non-offensive,0.8667475581169128,False
2025-01-14,HP-IND-006,2,Overheats constantly during normal usage. Had to return it.,neutral,0.11558523774147034,0.0,-0.36611235721466906,"{""very negative"": 0.10191556066274643, ""neutral"": 0.11558523774147034, ""positive"": 0.016096526756882668, ""very positive"": 0.016096526756882668}",neutral,"{""neutral"": 0.9388406872749329}","[{""label"": ""neutral"", ""score"": 0.9388406872749329}, {""label"": ""approval"", ""score"": 0.02460838295519352}, {""label"": ""annoyance"", ""score"": 0.019031492993235588}, {""label"": ""realization"", ""score"": 0.016972018405795097}, {""label"": ""disappointment"", ""score"": 0.011426879093050957}]",non_irony,0.9186547994613647,False,non-offensive,0.881855309009552,False
2025-03-08,AC-IND-005,1,Bluetooth connectivity drops every few minutes. Extremely frustrating.,very negative,0.6028462648391724,-1.0,-0.6743283178692285,"{""very negative"": 0.6028462648391724, ""neutral"": 0.050933293998241425, ""positive"": 0.02046809531748295, ""very positive"": 0.019622648134827614}",annoyance,"{""annoyance"": 0.755325436592102}","[{""label"": ""annoyance"", ""score"": 0.755325436592102}, {""label"": ""anger"", ""score"": 0.23799586296081543}, {""label"": ""neutral"", ""score"": 0.06979986280202866}, {""label"": ""disappointment"", ""score"": 0.05000713840126991}, {""label"": ""disapproval"", ""score"": 0.037070609629154205}]",irony,0.6903656721115112,True,non-offensive,0.7488885521888733,False
2024-11-06,HP-IND-006,4,"The camera quality is outstanding, perfect for everyday photography.",positive,0.4490591287612915,0.5,0.6009954280279384,"{""very negative"": 0.025144625455141068, ""neutral"": 0.08400725573301315, ""positive"": 0.4490591287612915, ""very positive"": 0.41047510504722595}",admiration,"{""admiration"": 0.9424173831939697}","[{""label"": ""admiration"", ""score"": 0.9424173831939697}, {""label"": ""approval"", ""score"": 0.058339230716228485}, {""label"": ""neutral"", ""score"": 0.0315530002117157}, {""label"": ""gratitude"", ""score"": 0.010911427438259125}, {""label"": ""realization"", ""score"": 0.006474080961197615}]",irony,0.561927080154419,True,non-offensive,0.924063503742218,False
2024-11-16,TV-IND-001,1,After 3 months the motor started making grinding noises. Poor quality.,very negative,0.21506524085998535,-1.0,-0.5608611558829494,"{""very negative"": 0.21506524085998535, ""neutral"": 0.06599922478199005, ""positive"": 0.018860796466469765, ""very positive"": 0.0155870970338583}","disappointment,neutral","{""disappointment"": 0.5225762724876404, ""neutral"": 0.32229286432266235}","[{""label"": ""disappointment"", ""score"": 0.5225762724876404}, {""label"": ""neutral"", ""score"": 0.32229286432266235}, {""label"": ""annoyance"", ""score"": 0.204111248254776}, {""label"": ""sadness"", ""score"": 0.08719734847545624}, {""label"": ""disapproval"", ""score"": 0.04562728479504585}]",non_irony,0.6407272219657898,False,non-offensive,0.7529452443122864,False
2024-10-18,LP-IND-003,3,Some features work well but others feel half-baked and unfinished.,neutral,0.11231619864702225,0.0,-0.017368461427197737,"{""very negative"": 0.024700509384274483, ""neutral"": 0.11231619864702225, ""positive"": 0.031947653740644455, ""very positive"": 0.017410876229405403}",neutral,"{""neutral"": 0.42452213168144226}","[{""label"": ""neutral"", ""score"": 0.42452213168144226}, {""label"": ""approval"", ""score"": 0.262663334608078}, {""label"": ""disapproval"", ""score"": 0.08497705310583115}, {""label"": ""disappointment"", ""score"": 0.07289377599954605}, {""label"": ""annoyance"", ""score"": 0.06537593901157379}]",non_irony,0.7920966744422913,False,non-offensive,0.8468405604362488,False
2025-03-01,TB-IND-007,2,Overheats constantly during normal usage. Had to return it.,neutral,0.11558523774147034,0.0,-0.36611235721466906,"{""very negative"": 0.10191556066274643, ""neutral"": 0.11558523774147034, ""positive"": 0.016096526756882668, ""very positive"": 0.016096526756882668}",neutral,"{""neutral"": 0.9388406872749329}","[{""label"": ""neutral"", ""score"": 0.9388406872749329}, {""label"": ""approval"", ""score"": 0.02460838295519352}, {""label"": ""annoyance"", ""score"": 0.019031492993235588}, {""label"": ""realization"", ""score"": 0.016972018405795097}, {""label"": ""disappointment"", ""score"": 0.011426879093050957}]",non_irony,0.9186547994613647,False,non-offensive,0.881855309009552,False
2024-11-16,HP-IND-006,2,The display has dead pixels and color accuracy is way off.,very negative,0.25316378474235535,-1.0,-0.5860613671830489,"{""very negative"": 0.25316378474235535, ""neutral"": 0.05497826635837555, ""positive"": 0.019282788038253784, ""very positive"": 0.01881624571979046}","disapproval,disappointment","{""disapproval"": 0.385021835565567, ""disappointment"": 0.37208980321884155}","[{""label"": ""disapproval"", ""score"": 0.385021835565567}, {""label"": ""disappointment"", ""score"": 0.37208980321884155}, {""label"": ""neutral"", ""score"": 0.2807086706161499}, {""label"": ""annoyance"", ""score"": 0.21509088575839996}, {""label"": ""realization"", ""score"": 0.022136112675070763}]",non_irony,0.8182896375656128,False,non-offensive,0.7423754334449768,False
2025-01-18,AC-IND-005,4,"The camera quality is outstanding, perfect for everyday photography.",positive,0.4490591287612915,0.5,0.6009954280279384,"{""very negative"": 0.025144625455141068, ""neutral"": 0.08400725573301315, ""positive"": 0.4490591287612915, ""very positive"": 0.41047510504722595}",admiration,"{""admiration"": 0.9424173831939697}","[{""label"": ""admiration"", ""score"": 0.9424173831939697}, {""label"": ""approval"", ""score"": 0.058339230716228485}, {""label"": ""neutral"", ""score"": 0.0315530002117157}, {""label"": ""gratitude"", ""score"": 0.010911427438259125}, {""label"": ""realization"", ""score"": 0.006474080961197615}]",irony,0.561927080154419,True,non-offensive,0.924063503742218,False
2024-10-30,MB-IND-002,2,Overheats constantly during normal usage. Had to return it.,neutral,0.11558523774147034,0.0,-0.36611235721466906,"{""very negative"": 0.10191556066274643, ""neutral"": 0.11558523774147034, ""positive"": 0.016096526756882668, ""very positive"": 0.016096526756882668}",neutral,"{""neutral"": 0.9388406872749329}","[{""label"": ""neutral"", ""score"": 0.9388406872749329}, {""label"": ""approval"", ""score"": 0.02460838295519352}, {""label"": ""annoyance"", ""score"": 0.019031492993235588}, {""label"": ""realization"", ""score"": 0.016972018405795097}, {""label"": ""disappointment"", ""score"": 0.011426879093050957}]",non_irony,0.9186547994613647,False,non-offensive,0.881855309009552,False
2025-01-11,TV-IND-001,3,Decent product for the price. Nothing extraordinary but gets the job done.,positive,0.9262930154800415,0.5,0.4699002944402194,"{""very negative"": 0.008937007747590542, ""neutral"": 0.029806025326251984, ""positive"": 0.9262930154800415, ""very positive"": 0.014957997016608715}",admiration,"{""admiration"": 0.8266987204551697}","[{""label"": ""admiration"", ""score"": 0.8266987204551697}, {""label"": ""approval"", ""score"": 0.24115855991840363}, {""label"": ""neutral"", ""score"": 0.08824765682220459}, {""label"": ""realization"", ""score"": 0.015828154981136322}, {""label"": ""gratitude"", ""score"": 0.015294903889298439}]",non_irony,0.8037245869636536,False,non-offensive,0.9300389289855957,False
2024-10-05,TV-IND-001,4,Customer service was amazing. They resolved my query within minutes.,positive,0.6071091294288635,0.5,0.5974647468222958,"{""very negative"": 0.017765464261174202, ""neutral"": 0.03513293340802193, ""positive"": 0.6071091294288635, ""very positive"": 0.31808170676231384}",admiration,"{""admiration"": 0.9301038980484009}","[{""label"": ""admiration"", ""score"": 0.9301038980484009}, {""label"": ""approval"", ""score"": 0.06624912470579147}, {""label"": ""neutral"", ""score"": 0.026406768709421158}, {""label"": ""excitement"", ""score"": 0.022681886330246925}, {""label"": ""joy"", ""score"": 0.018670279532670975}]",irony,0.8352649807929993,True,non-offensive,0.9490030407905579,False
2025-01-30,WM-IND-004,1,Bluetooth connectivity drops every few minutes. Extremely frustrating.,very negative,0.6028462648391724,-1.0,-0.6743283178692285,"{""very negative"": 0.6028462648391724, ""neutral"": 0.050933293998241425, ""positive"": 0.02046809531748295, ""very positive"": 0.019622648134827614}",annoyance,"{""annoyance"": 0.755325436592102}","[{""label"": ""annoyance"", ""score"": 0.755325436592102}, {""label"": ""anger"", ""score"": 0.23799586296081543}, {""label"": ""neutral"", ""score"": 0.06979986280202866}, {""label"": ""disappointment"", ""score"": 0.05000713840126991}, {""label"": ""disapproval"", ""score"": 0.037070609629154205}]",irony,0.6903656721115112,True,non-offensive,0.7488885521888733,False
2024-12-13,WM-IND-004,3,Wash quality is superb and very gentle on clothes. But the spin cycle is noisy and takes too long.,neutral,0.12252725660800934,0.0,-0.08810374244550431,"{""very negative"": 0.028522823005914688, ""neutral"": 0.12252725660800934, ""positive"": 0.025434179231524467, ""very positive"": 0.011033188551664352}","neutral,admiration","{""neutral"": 0.3840573728084564, ""admiration"": 0.34550753235816956}","[{""label"": ""neutral"", ""score"": 0.3840573728084564}, {""label"": ""admiration"", ""score"": 0.34550753235816956}, {""label"": ""approval"", ""score"": 0.09356952458620071}, {""label"": ""disappointment"", ""score"": 0.0653710588812828}, {""label"": ""annoyance"", ""score"": 0.05638834461569786}]",irony,0.6539191007614136,True,non-offensive,0.8536752462387085,False
2024-11-22,TV-IND-001,4,"Durability is impressive, been using for 6 months with zero issues.",positive,0.8207300305366516,0.5,0.47055570951936276,"{""very negative"": 0.01670188084244728, ""neutral"": 0.05924329534173012, ""positive"": 0.8207300305366516, ""very positive"": 0.0840175449848175}",admiration,"{""admiration"": 0.901075005531311}","[{""label"": ""admiration"", ""score"": 0.901075005531311}, {""label"": ""approval"", ""score"": 0.09503141790628433}, {""label"": ""neutral"", ""score"": 0.046847887337207794}, {""label"": ""realization"", ""score"": 0.013351649045944214}, {""label"": ""gratitude"", ""score"": 0.0120680071413517}]",irony,0.8547757267951965,True,non-offensive,0.930757999420166,False
2025-01-06,MB-IND-002,2,"Produit de mauvaise qualite, je suis tres decu. Ne recommande pas.",very negative,0.376915842294693,-1.0,-0.6515037909879426,"{""very negative"": 0.376915842294693, ""neutral"": 0.02833167091012001, ""positive"": 0.024450555443763733, ""very positive"": 0.01673412136733532}",neutral,"{""neutral"": 0.9460828304290771}","[{""label"": ""neutral"", ""score"": 0.9460828304290771}, {""label"": ""approval"", ""score"": 0.029701441526412964}, {""label"": ""disapproval"", ""score"": 0.009891659021377563}, {""label"": ""realization"", ""score"": 0.00757063552737236}, {""label"": ""annoyance"", ""score"": 0.006734327878803015}]",non_irony,0.8884108662605286,False,non-offensive,0.8112044930458069,False
2024-11-29,TB-IND-007,5,The smart features are intuitive and the app integration works seamlessly.,positive,0.8389089703559875,0.5,0.49421363552263087,"{""very negative"": 0.015078968368470669, ""neutral"": 0.0321933850646019, ""positive"": 0.8389089703559875, ""very positive"": 0.09604666382074356}",approval,"{""approval"": 0.7188327312469482}","[{""label"": ""approval"", ""score"": 0.7188327312469482}, {""label"": ""neutral"", ""score"": 0.23967300355434418}, {""label"": ""admiration"", ""score"": 0.1221417710185051}, {""label"": ""realization"", ""score"": 0.02103411592543125}, {""label"": ""optimism"", ""score"": 0.010465051047503948}]",irony,0.6668115258216858,True,non-offensive,0.9256442189216614,False
2024-11-20,RF-IND-008,2,After 3 months the motor started making grinding noises. Poor quality.,very negative,0.21506524085998535,-1.0,-0.5608611558829494,"{""very negative"": 0.21506524085998535, ""neutral"": 0.06599922478199005, ""positive"": 0.018860796466469765, ""very positive"": 0.0155870970338583}","disappointment,neutral","{""disappointment"": 0.5225762724876404, ""neutral"": 0.32229286432266235}","[{""label"": ""disappointment"", ""score"": 0.5225762724876404}, {""label"": ""neutral"", ""score"": 0.32229286432266235}, {""label"": ""annoyance"", ""score"": 0.204111248254776}, {""label"": ""sadness"", ""score"": 0.08719734847545624}, {""label"": ""disapproval"", ""score"": 0.04562728479504585}]",non_irony,0.6407272219657898,False,non-offensive,0.7529452443122864,False
2025-01-20,LP-IND-003,5,"Fast delivery, great packaging, and the product works flawlessly.",positive,0.6741796135902405,0.5,0.5512896068214521,"{""very negative"": 0.01956154778599739, ""neutral"": 0.04252088442444801, ""positive"": 0.6741796135902405, ""very positive"": 0.24276283383369446}",admiration,"{""admiration"": 0.9123939275741577}","[{""label"": ""admiration"", ""score"": 0.9123939275741577}, {""label"": ""approval"", ""score"": 0.11531123518943787}, {""label"": ""neutral"", ""score"": 0.05167611688375473}, {""label"": ""gratitude"", ""score"": 0.016645468771457672}, {""label"": ""realization"", ""score"": 0.009102078154683113}]",irony,0.6614562273025513,True,non-offensive,0.9098259210586548,False
2025-01-21,TB-IND-007,2,"Bahut achha product hai, value for money. Camera bhi bahut accha hai.",positive,0.5882152915000916,0.5,0.4220367277463888,"{""very negative"": 0.0290150735527277, ""neutral"": 0.18226198852062225, ""positive"": 0.5882152915000916, ""very positive"": 0.1714218407869339}",neutral,"{""neutral"": 0.7110043168067932}","[{""label"": ""neutral"", ""score"": 0.7110043168067932}, {""label"": ""approval"", ""score"": 0.15353593230247498}, {""label"": ""admiration"", ""score"": 0.0266432985663414}, {""label"": ""amusement"", ""score"": 0.018048683181405067}, {""label"": ""joy"", ""score"": 0.013174094259738922}]",non_irony,0.8170913457870483,False,non-offensive,0.7812522053718567,False
2025-01-27,AC-IND-005,1,Build quality is cheap and flimsy. Does not feel worth the price at all.,very negative,0.14990851283073425,-1.0,-0.560529625903086,"{""very negative"": 0.14990851283073425, ""neutral"": 0.028574587777256966, ""positive"": 0.015562235377728939, ""very positive"": 0.015562235377728939}",disapproval,"{""disapproval"": 0.5688949823379517}","[{""label"": ""disapproval"", ""score"": 0.5688949823379517}, {""label"": ""annoyance"", ""score"": 0.26531776785850525}, {""label"": ""disappointment"", ""score"": 0.19667105376720428}, {""label"": ""neutral"", ""score"": 0.17501303553581238}, {""label"": ""approval"", ""score"": 0.019899286329746246}]",non_irony,0.9473848938941956,False,non-offensive,0.6788666248321533,False
2024-10-08,HP-IND-006,4,"The camera quality is outstanding, perfect for everyday photography.",positive,0.4490591287612915,0.5,0.6009954280279384,"{""very negative"": 0.025144625455141068, ""neutral"": 0.08400725573301315, ""positive"": 0.4490591287612915, ""very positive"": 0.41047510504722595}",admiration,"{""admiration"": 0.9424173831939697}","[{""label"": ""admiration"", ""score"": 0.9424173831939697}, {""label"": ""approval"", ""score"": 0.058339230716228485}, {""label"": ""neutral"", ""score"": 0.0315530002117157}, {""label"": ""gratitude"", ""score"": 0.010911427438259125}, {""label"": ""realization"", ""score"": 0.006474080961197615}]",irony,0.561927080154419,True,non-offensive,0.924063503742218,False
2024-10-25,RF-IND-008,4,"Fast delivery, great packaging, and the product works flawlessly.",positive,0.6741796135902405,0.5,0.5512896068214521,"{""very negative"": 0.01956154778599739, ""neutral"": 0.04252088442444801, ""positive"": 0.6741796135902405, ""very positive"": 0.24276283383369446}",admiration,"{""admiration"": 0.9123939275741577}","[{""label"": ""admiration"", ""score"": 0.9123939275741577}, {""label"": ""approval"", ""score"": 0.11531123518943787}, {""label"": ""neutral"", ""score"": 0.05167611688375473}, {""label"": ""gratitude"", ""score"": 0.016645468771457672}, {""label"": ""realization"", ""score"": 0.009102078154683113}]",irony,0.6614562273025513,True,non-offensive,0.9098259210586548,False
2024-10-28,AC-IND-005,2,Customer service is non-existent. Been waiting 3 weeks for a response.,very negative,0.4578317105770111,-1.0,-0.579201002717572,"{""very negative"": 0.4578317105770111, ""neutral"": 0.15317650139331818, ""positive"": 0.025456801056861877, ""very positive"": 0.025456801056861877}","disappointment,annoyance","{""disappointment"": 0.5341309905052185, ""annoyance"": 0.31432658433914185}","[{""label"": ""disappointment"", ""score"": 0.5341309905052185}, {""label"": ""annoyance"", ""score"": 0.31432658433914185}, {""label"": ""neutral"", ""score"": 0.20545412600040436}, {""label"": ""disapproval"", ""score"": 0.15114009380340576}, {""label"": ""sadness"", ""score"": 0.023914506658911705}]",non_irony,0.6569333672523499,False,non-offensive,0.8544687032699585,False
2025-02-16,MB-IND-002,5,"Battery life is incredible, easily lasts two full days with heavy usage.",positive,0.5513941645622253,0.5,0.65847089364473,"{""very negative"": 0.022336257621645927, ""neutral"": 0.05773572251200676, ""positive"": 0.5513941645622253, ""very positive"": 0.5513941645622253}",admiration,"{""admiration"": 0.9398247599601746}","[{""label"": ""admiration"", ""score"": 0.9398247599601746}, {""label"": ""approval"", ""score"": 0.055740565061569214}, {""label"": ""neutral"", ""score"": 0.025282323360443115}, {""label"": ""excitement"", ""score"": 0.016244882717728615}, {""label"": ""optimism"", ""score"": 0.009911395609378815}]",irony,0.7044013738632202,True,non-offensive,0.8911383748054504,False
2024-10-10,LP-IND-003,5,"The camera quality is outstanding, perfect for everyday photography.",positive,0.4490591287612915,0.5,0.6009954280279384,"{""very negative"": 0.025144625455141068, ""neutral"": 0.08400725573301315, ""positive"": 0.4490591287612915, ""very positive"": 0.41047510504722595}",admiration,"{""admiration"": 0.9424173831939697}","[{""label"": ""admiration"", ""score"": 0.9424173831939697}, {""label"": ""approval"", ""score"": 0.058339230716228485}, {""label"": ""neutral"", ""score"": 0.0315530002117157}, {""label"": ""gratitude"", ""score"": 0.010911427438259125}, {""label"": ""realization"", ""score"": 0.006474080961197615}]",irony,0.561927080154419,True,non-offensive,0.924063503742218,False
2024-11-21,TB-IND-007,1,Amazing how they managed to make something this expensive feel this cheap. Truly impressive engineering.,positive,0.4396990239620209,0.5,0.31582474380543,"{""very negative"": 0.1261758953332901, ""neutral"": 0.04508422315120697, ""positive"": 0.4396990239620209, ""very positive"": 0.29556727409362793}",admiration,"{""admiration"": 0.9478908181190491}","[{""label"": ""admiration"", ""score"": 0.9478908181190491}, {""label"": ""approval"", ""score"": 0.02901063673198223}, {""label"": ""neutral"", ""score"": 0.022152459248900414}, {""label"": ""excitement"", ""score"": 0.01925773359835148}, {""label"": ""surprise"", ""score"": 0.016320671886205673}]",irony,0.9598375558853149,True,non-offensive,0.8323938250541687,False
2025-02-25,MB-IND-002,4,"Excellent sound quality and comfortable fit, but the ANC could be much stronger for the price.",positive,0.15356729924678802,0.5,0.3086620512949099,"{""very negative"": 0.012060086242854595, ""neutral"": 0.07317974418401718, ""positive"": 0.15356729924678802, ""very positive"": 0.027106380090117455}",admiration,"{""admiration"": 0.9374375939369202}","[{""label"": ""admiration"", ""score"": 0.9374375939369202}, {""label"": ""approval"", ""score"": 0.089204341173172}, {""label"": ""neutral"", ""score"": 0.03402496129274368}, {""label"": ""optimism"", ""score"": 0.025380540639162064}, {""label"": ""gratitude"", ""score"": 0.018238363787531853}]",non_irony,0.9199045896530151,False,non-offensive,0.8908013105392456,False
2025-02-27,TV-IND-001,5,"Sound quality is phenomenal, crisp highs and deep bass. Worth every penny.",positive,0.49539729952812195,0.5,0.6590491162612364,"{""very negative"": 0.019894424825906754, ""neutral"": 0.05166413262486458, ""positive"": 0.49539729952812195, ""very positive"": 0.49539729952812195}",admiration,"{""admiration"": 0.9490026235580444}","[{""label"": ""admiration"", ""score"": 0.9490026235580444}, {""label"": ""approval"", ""score"": 0.04883971065282822}, {""label"": ""neutral"", ""score"": 0.030404893681406975}, {""label"": ""gratitude"", ""score"": 0.010029646568000317}, {""label"": ""disapproval"", ""score"": 0.006704993546009064}]",non_irony,0.7751739025115967,False,non-offensive,0.8951526284217834,False
2025-02-02,TV-IND-001,1,"Sure, who needs customer service anyway? Waiting 4 weeks builds character!",neutral,0.7354669570922852,0.0,0.08089343274446564,"{""very negative"": 0.022473178803920746, ""neutral"": 0.7354669570922852, ""positive"": 0.13158436119556427, ""very positive"": 0.04536167159676552}","approval,neutral","{""approval"": 0.39447733759880066, ""neutral"": 0.3930034935474396}","[{""label"": ""approval"", ""score"": 0.39447733759880066}, {""label"": ""neutral"", ""score"": 0.3930034935474396}, {""label"": ""curiosity"", ""score"": 0.25203585624694824}, {""label"": ""confusion"", ""score"": 0.058140382170677185}, {""label"": ""realization"", ""score"": 0.018022604286670685}]",irony,0.8940737843513489,True,non-offensive,0.8660460114479065,False
2024-12-20,RF-IND-008,4,"Build quality feels premium, definitely punches above its price point.",positive,0.5689269304275513,0.5,0.4307623559540791,"{""very negative"": 0.012321094051003456, ""neutral"": 0.05195668712258339, ""positive"": 0.5689269304275513, ""very positive"": 0.021232595667243004}","admiration,approval,neutral","{""admiration"": 0.4633546471595764, ""approval"": 0.39119985699653625, ""neutral"": 0.30986344814300537}","[{""label"": ""admiration"", ""score"": 0.4633546471595764}, {""label"": ""approval"", ""score"": 0.39119985699653625}, {""label"": ""neutral"", ""score"": 0.30986344814300537}, {""label"": ""realization"", ""score"": 0.013269134797155857}, {""label"": ""annoyance"", ""score"": 0.010357970371842384}]",non_irony,0.5766015648841858,False,non-offensive,0.8615878224372864,False
2024-12-16,WM-IND-004,3,"Produit moyen, rien de special. Correct pour le prix.",neutral,0.5150242447853088,0.0,-0.05506495812182074,"{""very negative"": 0.06442885845899582, ""neutral"": 0.5150242447853088, ""positive"": 0.053058139979839325, ""very positive"": 0.03008083999156952}","neutral,approval","{""neutral"": 0.7311878800392151, ""approval"": 0.37109485268592834}","[{""label"": ""neutral"", ""score"": 0.7311878800392151}, {""label"": ""approval"", ""score"": 0.37109485268592834}, {""label"": ""realization"", ""score"": 0.009801529347896576}, {""label"": ""disapproval"", ""score"": 0.0073822857812047005}, {""label"": ""optimism"", ""score"": 0.0072937230579555035}]",non_irony,0.9293095469474792,False,non-offensive,0.8186534643173218,False
2024-11-03,AC-IND-005,3,"Produit de mauvaise qualite, je suis tres decu. Ne recommande pas.",very negative,0.376915842294693,-1.0,-0.6515037909879426,"{""very negative"": 0.376915842294693, ""neutral"": 0.02833167091012001, ""positive"": 0.024450555443763733, ""very positive"": 0.01673412136733532}",neutral,"{""neutral"": 0.9460828304290771}","[{""label"": ""neutral"", ""score"": 0.9460828304290771}, {""label"": ""approval"", ""score"": 0.029701441526412964}, {""label"": ""disapproval"", ""score"": 0.009891659021377563}, {""label"": ""realization"", ""score"": 0.00757063552737236}, {""label"": ""annoyance"", ""score"": 0.006734327878803015}]",non_irony,0.8884108662605286,False,non-offensive,0.8112044930458069,False
2024-10-01,AC-IND-005,2,Amazing how they managed to make something this expensive feel this cheap. Truly impressive engineering.,positive,0.4396990239620209,0.5,0.31582474380543,"{""very negative"": 0.1261758953332901, ""neutral"": 0.04508422315120697, ""positive"": 0.4396990239620209, ""very positive"": 0.29556727409362793}",admiration,"{""admiration"": 0.9478908181190491}","[{""label"": ""admiration"", ""score"": 0.9478908181190491}, {""label"": ""approval"", ""score"": 0.02901063673198223}, {""label"": ""neutral"", ""score"": 0.022152459248900414}, {""label"": ""excitement"", ""score"": 0.01925773359835148}, {""label"": ""surprise"", ""score"": 0.016320671886205673}]",irony,0.9598375558853149,True,non-offensive,0.8323938250541687,False
2024-11-20,TV-IND-001,4,"Durability is impressive, been using for 6 months with zero issues.",positive,0.8207300305366516,0.5,0.47055570951936276,"{""very negative"": 0.01670188084244728, ""neutral"": 0.05924329534173012, ""positive"": 0.8207300305366516, ""very positive"": 0.0840175449848175}",admiration,"{""admiration"": 0.901075005531311}","[{""label"": ""admiration"", ""score"": 0.901075005531311}, {""label"": ""approval"", ""score"": 0.09503141790628433}, {""label"": ""neutral"", ""score"": 0.046847887337207794}, {""label"": ""realization"", ""score"": 0.013351649045944214}, {""label"": ""gratitude"", ""score"": 0.0120680071413517}]",irony,0.8547757267951965,True,non-offensive,0.930757999420166,False
2025-03-10,RF-IND-008,5,The processor handles multitasking effortlessly. No lag whatsoever.,neutral,0.7597368359565735,0.0,0.00797338825580054,"{""very negative"": 0.045921143144369125, ""neutral"": 0.7597368359565735, ""positive"": 0.05292467027902603, ""very positive"": 0.05003025010228157}","admiration,approval,neutral","{""admiration"": 0.3868221342563629, ""approval"": 0.3720160722732544, ""neutral"": 0.3502216339111328}","[{""label"": ""admiration"", ""score"": 0.3868221342563629}, {""label"": ""approval"", ""score"": 0.3720160722732544}, {""label"": ""neutral"", ""score"": 0.3502216339111328}, {""label"": ""realization"", ""score"": 0.014902401715517044}, {""label"": ""pride"", ""score"": 0.008550484664738178}]",irony,0.5463454127311707,True,non-offensive,0.8667475581169128,False
2025-02-06,HP-IND-006,1,The battery dies faster than my enthusiasm for this brand. Remarkable achievement!,positive,0.7221293449401855,0.5,0.7025799770686348,"{""very negative"": 0.0158077459782362, ""neutral"": 0.03211413696408272, ""positive"": 0.7221293449401855, ""very positive"": 0.7221293449401855}",admiration,"{""admiration"": 0.9155632853507996}","[{""label"": ""admiration"", ""score"": 0.9155632853507996}, {""label"": ""approval"", ""score"": 0.058518778532743454}, {""label"": ""excitement"", ""score"": 0.057543788105249405}, {""label"": ""neutral"", ""score"": 0.024362027645111084}, {""label"": ""surprise"", ""score"": 0.020907849073410034}]",irony,0.943659245967865,True,non-offensive,0.8459072709083557,False
2024-12-02,AC-IND-005,5,Excellent cooling performance even during peak summer. Very satisfied.,positive,0.7707273960113525,0.5,0.5362639801740339,"{""very negative"": 0.014967979863286018, ""neutral"": 0.02442777529358864, ""positive"": 0.7707273960113525, ""very positive"": 0.17155218124389648}",admiration,"{""admiration"": 0.9331638216972351}","[{""label"": ""admiration"", ""score"": 0.9331638216972351}, {""label"": ""approval"", ""score"": 0.07154010981321335}, {""label"": ""gratitude"", ""score"": 0.04528460651636124}, {""label"": ""neutral"", ""score"": 0.019264668226242065}, {""label"": ""joy"", ""score"": 0.010110114701092243}]",non_irony,0.602388322353363,False,non-offensive,0.9177484512329102,False
2025-02-13,AC-IND-005,3,Mixed feelings about this. Good hardware but software needs work.,neutral,0.3529156744480133,0.0,-0.0007012398408806531,"{""very negative"": 0.02983071096241474, ""neutral"": 0.3529156744480133, ""positive"": 0.04370034858584404, ""very positive"": 0.022560112178325653}","approval,admiration","{""approval"": 0.6612764596939087, ""admiration"": 0.3483160436153412}","[{""label"": ""approval"", ""score"": 0.6612764596939087}, {""label"": ""admiration"", ""score"": 0.3483160436153412}, {""label"": ""love"", ""score"": 0.05935299023985863}, {""label"": ""neutral"", ""score"": 0.03666551783680916}, {""label"": ""confusion"", ""score"": 0.03289495036005974}]",non_irony,0.8888905644416809,False,non-offensive,0.8927906155586243,False
2024-10-04,HP-IND-006,5,"Lightweight and portable, perfect for travel and daily commute.",positive,0.5174983143806458,0.5,0.5698038134424869,"{""very negative"": 0.023364251479506493, ""neutral"": 0.08838778734207153, ""positive"": 0.5174983143806458, ""very positive"": 0.3443998694419861}","approval,neutral","{""approval"": 0.5351202487945557, ""neutral"": 0.32617780566215515}","[{""label"": ""approval"", ""score"": 0.5351202487945557}, {""label"": ""neutral"", ""score"": 0.32617780566215515}, {""label"": ""admiration"", ""score"": 0.16927553713321686}, {""label"": ""optimism"", ""score"": 0.009668011218309402}, {""label"": ""realization"", ""score"": 0.009552353993058205}]",non_irony,0.8543041348457336,False,non-offensive,0.9002076983451843,False
2024-10-22,LP-IND-003,1,"Sehr gutes Produkt, schnelle Lieferung und tolle Qualitat. Empfehlenswert!",positive,0.5607585906982422,0.5,0.63179622013243,"{""very negative"": 0.019466347992420197, ""neutral"": 0.01999477855861187, ""positive"": 0.5607585906982422, ""very positive"": 0.3811355233192444}",neutral,"{""neutral"": 0.9314554929733276}","[{""label"": ""neutral"", ""score"": 0.9314554929733276}, {""label"": ""approval"", ""score"": 0.03372388705611229}, {""label"": ""annoyance"", ""score"": 0.009257086552679539}, {""label"": ""admiration"", ""score"": 0.006478950381278992}, {""label"": ""realization"", ""score"": 0.0048216269351542}]",non_irony,0.9127270579338074,False,non-offensive,0.7963050007820129,False
2025-01-22,RF-IND-008,2,Screen cracked with normal use. Quality control is terrible.,very negative,0.5559578537940979,-1.0,-0.6692550732481275,"{""very negative"": 0.5559578537940979, ""neutral"": 0.049877576529979706, ""positive"": 0.019869836047291756, ""very positive"": 0.019869836047291756}",fear,"{""fear"": 0.6690434813499451}","[{""label"": ""fear"", ""score"": 0.6690434813499451}, {""label"": ""disgust"", ""score"": 0.12236551195383072}, {""label"": ""neutral"", ""score"": 0.052940722554922104}, {""label"": ""annoyance"", ""score"": 0.04901452735066414}, {""label"": ""disapproval"", ""score"": 0.03401099890470505}]",non_irony,0.7531394362449646,False,non-offensive,0.6582257747650146,False
2025-02-20,TV-IND-001,3,"Average performance. Some features are good, others need improvement.",positive,0.61644446849823,0.5,0.34826672452702356,"{""very negative"": 0.025447191670536995, ""neutral"": 0.1476220041513443, ""positive"": 0.61644446849823, ""very positive"": 0.021131806075572968}","approval,admiration","{""approval"": 0.6711743474006653, ""admiration"": 0.3304252624511719}","[{""label"": ""approval"", ""score"": 0.6711743474006653}, {""label"": ""admiration"", ""score"": 0.3304252624511719}, {""label"": ""neutral"", ""score"": 0.1314345896244049}, {""label"": ""optimism"", ""score"": 0.0660710483789444}, {""label"": ""realization"", ""score"": 0.028510229662060738}]",non_irony,0.9071303606033325,False,non-offensive,0.930716335773468,False
2025-02-16,LP-IND-003,4,Setup was a breeze. Works perfectly right out of the box.,positive,0.7648035287857056,0.5,0.47922752030908433,"{""very negative"": 0.018615633249282837, ""neutral"": 0.0714670941233635, ""positive"": 0.7648035287857056, ""very positive"": 0.12313982099294662}",approval,"{""approval"": 0.4734435975551605}","[{""label"": ""approval"", ""score"": 0.4734435975551605}, {""label"": ""neutral"", ""score"": 0.22926150262355804}, {""label"": ""admiration"", ""score"": 0.15972226858139038}, {""label"": ""joy"", ""score"": 0.12473662942647934}, {""label"": ""realization"", ""score"": 0.03085273876786232}]",non_irony,0.7767495512962341,False,non-offensive,0.8942966461181641,False
2024-11-22,HP-IND-006,2,Customer service is non-existent. Been waiting 3 weeks for a response.,very negative,0.4578317105770111,-1.0,-0.579201002717572,"{""very negative"": 0.4578317105770111, ""neutral"": 0.15317650139331818, ""positive"": 0.025456801056861877, ""very positive"": 0.025456801056861877}","disappointment,annoyance","{""disappointment"": 0.5341309905052185, ""annoyance"": 0.31432658433914185}","[{""label"": ""disappointment"", ""score"": 0.5341309905052185}, {""label"": ""annoyance"", ""score"": 0.31432658433914185}, {""label"": ""neutral"", ""score"": 0.20545412600040436}, {""label"": ""disapproval"", ""score"": 0.15114009380340576}, {""label"": ""sadness"", ""score"": 0.023914506658911705}]",non_irony,0.6569333672523499,False,non-offensive,0.8544687032699585,False
2025-02-19,HP-IND-006,4,"Noise cancellation is top-notch, blocks out everything around you.",positive,0.6977988481521606,0.5,0.5301263708619881,"{""very negative"": 0.018256666138768196, ""neutral"": 0.04996884986758232, ""positive"": 0.6977988481521606, ""very positive"": 0.20059357583522797}",neutral,"{""neutral"": 0.8535012602806091}","[{""label"": ""neutral"", ""score"": 0.8535012602806091}, {""label"": ""approval"", ""score"": 0.07272456586360931}, {""label"": ""annoyance"", ""score"": 0.035694435238838196}, {""label"": ""admiration"", ""score"": 0.030761508271098137}, {""label"": ""disapproval"", ""score"": 0.014540402218699455}]",irony,0.8790774345397949,True,non-offensive,0.7939949035644531,False
2025-03-05,WM-IND-004,2,Screen cracked with normal use. Quality control is terrible.,very negative,0.5559578537940979,-1.0,-0.6692550732481275,"{""very negative"": 0.5559578537940979, ""neutral"": 0.049877576529979706, ""positive"": 0.019869836047291756, ""very positive"": 0.019869836047291756}",fear,"{""fear"": 0.6690434813499451}","[{""label"": ""fear"", ""score"": 0.6690434813499451}, {""label"": ""disgust"", ""score"": 0.12236551195383072}, {""label"": ""neutral"", ""score"": 0.052940722554922104}, {""label"": ""annoyance"", ""score"": 0.04901452735066414}, {""label"": ""disapproval"", ""score"": 0.03401099890470505}]",non_irony,0.7531394362449646,False,non-offensive,0.6582257747650146,False
2024-12-07,LP-IND-003,4,Display is gorgeous with vibrant colors and deep blacks. Very impressed!,positive,0.6351503133773804,0.5,0.581952468814245,"{""very negative"": 0.017654336988925934, ""neutral"": 0.037703920155763626, ""positive"": 0.6351503133773804, ""very positive"": 0.2894969880580902}",admiration,"{""admiration"": 0.9594106674194336}","[{""label"": ""admiration"", ""score"": 0.9594106674194336}, {""label"": ""approval"", ""score"": 0.028953349217772484}, {""label"": ""neutral"", ""score"": 0.013620489276945591}, {""label"": ""excitement"", ""score"": 0.008283348754048347}, {""label"": ""gratitude"", ""score"": 0.008044804446399212}]",non_irony,0.8086977601051331,False,non-offensive,0.9492805600166321,False
2024-10-14,WM-IND-004,4,"Battery life is incredible, easily lasts two full days with heavy usage.",positive,0.5513941645622253,0.5,0.65847089364473,"{""very negative"": 0.022336257621645927, ""neutral"": 0.05773572251200676, ""positive"": 0.5513941645622253, ""very positive"": 0.5513941645622253}",admiration,"{""admiration"": 0.9398247599601746}","[{""label"": ""admiration"", ""score"": 0.9398247599601746}, {""label"": ""approval"", ""score"": 0.055740565061569214}, {""label"": ""neutral"", ""score"": 0.025282323360443115}, {""label"": ""excitement"", ""score"": 0.016244882717728615}, {""label"": ""optimism"", ""score"": 0.009911395609378815}]",irony,0.7044013738632202,True,non-offensive,0.8911383748054504,False
2025-03-04,MB-IND-002,5,"Durability is impressive, been using for 6 months with zero issues.",positive,0.8207300305366516,0.5,0.47055570951936276,"{""very negative"": 0.01670188084244728, ""neutral"": 0.05924329534173012, ""positive"": 0.8207300305366516, ""very positive"": 0.0840175449848175}",admiration,"{""admiration"": 0.901075005531311}","[{""label"": ""admiration"", ""score"": 0.901075005531311}, {""label"": ""approval"", ""score"": 0.09503141790628433}, {""label"": ""neutral"", ""score"": 0.046847887337207794}, {""label"": ""realization"", ""score"": 0.013351649045944214}, {""label"": ""gratitude"", ""score"": 0.0120680071413517}]",irony,0.8547757267951965,True,non-offensive,0.930757999420166,False
2024-10-20,TV-IND-001,4,The smart features are intuitive and the app integration works seamlessly.,positive,0.8389089703559875,0.5,0.49421363552263087,"{""very negative"": 0.015078968368470669, ""neutral"": 0.0321933850646019, ""positive"": 0.8389089703559875, ""very positive"": 0.09604666382074356}",approval,"{""approval"": 0.7188327312469482}","[{""label"": ""approval"", ""score"": 0.7188327312469482}, {""label"": ""neutral"", ""score"": 0.23967300355434418}, {""label"": ""admiration"", ""score"": 0.1221417710185051}, {""label"": ""realization"", ""score"": 0.02103411592543125}, {""label"": ""optimism"", ""score"": 0.010465051047503948}]",irony,0.6668115258216858,True,non-offensive,0.9256442189216614,False
2024-10-21,AC-IND-005,4,The camera is absolutely stunning but the battery life is a real letdown. Screen quality is decent though.,very negative,0.10432986915111542,-1.0,-0.45428586728316794,"{""very negative"": 0.10432986915111542, ""neutral"": 0.04633806273341179, ""positive"": 0.020227625966072083, ""very positive"": 0.014680723659694195}","admiration,disappointment","{""admiration"": 0.7581881284713745, ""disappointment"": 0.40491002798080444}","[{""label"": ""admiration"", ""score"": 0.7581881284713745}, {""label"": ""disappointment"", ""score"": 0.40491002798080444}, {""label"": ""disapproval"", ""score"": 0.04816196858882904}, {""label"": ""annoyance"", ""score"": 0.04007705673575401}, {""label"": ""sadness"", ""score"": 0.03249528631567955}]",non_irony,0.7837050557136536,False,non-offensive,0.8634015321731567,False
2024-11-05,TV-IND-001,5,Setup was a breeze. Works perfectly right out of the box.,positive,0.7648035287857056,0.5,0.47922752030908433,"{""very negative"": 0.018615633249282837, ""neutral"": 0.0714670941233635, ""positive"": 0.7648035287857056, ""very positive"": 0.12313982099294662}",approval,"{""approval"": 0.4734435975551605}","[{""label"": ""approval"", ""score"": 0.4734435975551605}, {""label"": ""neutral"", ""score"": 0.22926150262355804}, {""label"": ""admiration"", ""score"": 0.15972226858139038}, {""label"": ""joy"", ""score"": 0.12473662942647934}, {""label"": ""realization"", ""score"": 0.03085273876786232}]",non_irony,0.7767495512962341,False,non-offensive,0.8942966461181641,False
2024-12-12,HP-IND-006,2,Sound quality is tinny and distorted at higher volumes. Not acceptable.,very negative,0.12479760497808456,-1.0,-0.493778516965209,"{""very negative"": 0.12479760497808456, ""neutral"": 0.04836035519838333, ""positive"": 0.01610911823809147, ""very positive"": 0.01610911823809147}",disapproval,"{""disapproval"": 0.7381646633148193}","[{""label"": ""disapproval"", ""score"": 0.7381646633148193}, {""label"": ""annoyance"", ""score"": 0.21084058284759521}, {""label"": ""neutral"", ""score"": 0.112130306661129}, {""label"": ""disappointment"", ""score"": 0.06412441283464432}, {""label"": ""approval"", ""score"": 0.023751674219965935}]",non_irony,0.9257212281227112,False,non-offensive,0.7237016558647156,False
2025-03-13,AC-IND-005,5,The processor handles multitasking effortlessly. No lag whatsoever.,neutral,0.7597368359565735,0.0,0.00797338825580054,"{""very negative"": 0.045921143144369125, ""neutral"": 0.7597368359565735, ""positive"": 0.05292467027902603, ""very positive"": 0.05003025010228157}","admiration,approval,neutral","{""admiration"": 0.3868221342563629, ""approval"": 0.3720160722732544, ""neutral"": 0.3502216339111328}","[{""label"": ""admiration"", ""score"": 0.3868221342563629}, {""label"": ""approval"", ""score"": 0.3720160722732544}, {""label"": ""neutral"", ""score"": 0.3502216339111328}, {""label"": ""realization"", ""score"": 0.014902401715517044}, {""label"": ""pride"", ""score"": 0.008550484664738178}]",irony,0.5463454127311707,True,non-offensive,0.8667475581169128,False
2024-10-29,RF-IND-008,3,It is an acceptable product. Neither great nor terrible overall.,neutral,0.6794472932815552,0.0,0.11969010975899572,"{""very negative"": 0.021728726103901863, ""neutral"": 0.6794472932815552, ""positive"": 0.24736584722995758, ""very positive"": 0.028446754440665245}",approval,"{""approval"": 0.8612683415412903}","[{""label"": ""approval"", ""score"": 0.8612683415412903}, {""label"": ""admiration"", ""score"": 0.13370481133460999}, {""label"": ""neutral"", ""score"": 0.05180679261684418}, {""label"": ""disapproval"", ""score"": 0.02096419222652912}, {""label"": ""realization"", ""score"": 0.014821445569396019}]",non_irony,0.9514107704162598,False,non-offensive,0.8791451454162598,False
2024-12-15,LP-IND-003,1,Customer service is non-existent. Been waiting 3 weeks for a response.,very negative,0.4578317105770111,-1.0,-0.579201002717572,"{""very negative"": 0.4578317105770111, ""neutral"": 0.15317650139331818, ""positive"": 0.025456801056861877, ""very positive"": 0.025456801056861877}","disappointment,annoyance","{""disappointment"": 0.5341309905052185, ""annoyance"": 0.31432658433914185}","[{""label"": ""disappointment"", ""score"": 0.5341309905052185}, {""label"": ""annoyance"", ""score"": 0.31432658433914185}, {""label"": ""neutral"", ""score"": 0.20545412600040436}, {""label"": ""disapproval"", ""score"": 0.15114009380340576}, {""label"": ""sadness"", ""score"": 0.023914506658911705}]",non_irony,0.6569333672523499,False,non-offensive,0.8544687032699585,False
2024-12-30,HP-IND-006,4,Energy efficient and very quiet operation. Highly recommend!,positive,0.7586772441864014,0.5,0.5307734316802475,"{""very negative"": 0.016845209524035454, ""neutral"": 0.03081432357430458, ""positive"": 0.7586772441864014, ""very positive"": 0.17657209932804108}",admiration,"{""admiration"": 0.8203734159469604}","[{""label"": ""admiration"", ""score"": 0.8203734159469604}, {""label"": ""approval"", ""score"": 0.24129898846149445}, {""label"": ""gratitude"", ""score"": 0.08020996302366257}, {""label"": ""neutral"", ""score"": 0.031993474811315536}, {""label"": ""optimism"", ""score"": 0.015411066822707653}]",non_irony,0.5187515020370483,False,non-offensive,0.9350569248199463,False
2024-11-09,WM-IND-004,3,It is okay. Works as expected but nothing special compared to competitors.,positive,0.4286438226699829,0.5,0.3626781987528287,"{""very negative"": 0.015589638613164425, ""neutral"": 0.0978032648563385, ""positive"": 0.4286438226699829, ""very positive"": 0.017732756212353706}",approval,"{""approval"": 0.8651418089866638}","[{""label"": ""approval"", ""score"": 0.8651418089866638}, {""label"": ""neutral"", ""score"": 0.11388786137104034}, {""label"": ""realization"", ""score"": 0.024218831211328506}, {""label"": ""optimism"", ""score"": 0.014182043261826038}, {""label"": ""annoyance"", ""score"": 0.013593513518571854}]",non_irony,0.8429244756698608,False,non-offensive,0.9375155568122864,False
2025-01-03,AC-IND-005,4,"Excelente producto, muy buena calidad y buen precio. Totalmente recomendado.",positive,0.5041067004203796,0.5,0.6816197815857253,"{""very negative"": 0.020635204389691353, ""neutral"": 0.014463076367974281, ""positive"": 0.5041067004203796, ""very positive"": 0.5041067004203796}",neutral,"{""neutral"": 0.6544529795646667}","[{""label"": ""neutral"", ""score"": 0.6544529795646667}, {""label"": ""admiration"", ""score"": 0.23028439283370972}, {""label"": ""approval"", ""score"": 0.12289128452539444}, {""label"": ""disapproval"", ""score"": 0.007028191816061735}, {""label"": ""realization"", ""score"": 0.0057449983432888985}]",non_irony,0.9285407662391663,False,non-offensive,0.7380510568618774,False
2024-12-19,MB-IND-002,5,Setup was a breeze. Works perfectly right out of the box.,positive,0.7648035287857056,0.5,0.47922752030908433,"{""very negative"": 0.018615633249282837, ""neutral"": 0.0714670941233635, ""positive"": 0.7648035287857056, ""very positive"": 0.12313982099294662}",approval,"{""approval"": 0.4734435975551605}","[{""label"": ""approval"", ""score"": 0.4734435975551605}, {""label"": ""neutral"", ""score"": 0.22926150262355804}, {""label"": ""admiration"", ""score"": 0.15972226858139038}, {""label"": ""joy"", ""score"": 0.12473662942647934}, {""label"": ""realization"", ""score"": 0.03085273876786232}]",non_irony,0.7767495512962341,False,non-offensive,0.8942966461181641,False
2025-01-29,AC-IND-005,3,It is an acceptable product. Neither great nor terrible overall.,neutral,0.6794472932815552,0.0,0.11969010975899572,"{""very negative"": 0.021728726103901863, ""neutral"": 0.6794472932815552, ""positive"": 0.24736584722995758, ""very positive"": 0.028446754440665245}",approval,"{""approval"": 0.8612683415412903}","[{""label"": ""approval"", ""score"": 0.8612683415412903}, {""label"": ""admiration"", ""score"": 0.13370481133460999}, {""label"": ""neutral"", ""score"": 0.05180679261684418}, {""label"": ""disapproval"", ""score"": 0.02096419222652912}, {""label"": ""realization"", ""score"": 0.014821445569396019}]",non_irony,0.9514107704162598,False,non-offensive,0.8791451454162598,False
2025-03-07,LP-IND-003,1,After 3 months the motor started making grinding noises. Poor quality.,very negative,0.21506524085998535,-1.0,-0.5608611558829494,"{""very negative"": 0.21506524085998535, ""neutral"": 0.06599922478199005, ""positive"": 0.018860796466469765, ""very positive"": 0.0155870970338583}","disappointment,neutral","{""disappointment"": 0.5225762724876404, ""neutral"": 0.32229286432266235}","[{""label"": ""disappointment"", ""score"": 0.5225762724876404}, {""label"": ""neutral"", ""score"": 0.32229286432266235}, {""label"": ""annoyance"", ""score"": 0.204111248254776}, {""label"": ""sadness"", ""score"": 0.08719734847545624}, {""label"": ""disapproval"", ""score"": 0.04562728479504585}]",non_irony,0.6407272219657898,False,non-offensive,0.7529452443122864,False
2025-03-04,TV-IND-001,2,"Very noisy operation, you can hear it from across the room.",very negative,0.2273368090391159,-1.0,-0.5590371333032957,"{""very negative"": 0.2273368090391159, ""neutral"": 0.040130890905857086, ""positive"": 0.03464279696345329, ""very positive"": 0.01776937209069729}","neutral,annoyance,disgust","{""neutral"": 0.20088286697864532, ""annoyance"": 0.18471433222293854, ""disgust"": 0.029139941558241844}","[{""label"": ""neutral"", ""score"": 0.20088286697864532}, {""label"": ""annoyance"", ""score"": 0.18471433222293854}, {""label"": ""disgust"", ""score"": 0.029139941558241844}, {""label"": ""approval"", ""score"": 0.024515606462955475}, {""label"": ""anger"", ""score"": 0.023660719394683838}]",irony,0.5849149227142334,True,non-offensive,0.7706944346427917,False
2025-02-09,HP-IND-006,5,"The camera quality is outstanding, perfect for everyday photography.",positive,0.4490591287612915,0.5,0.6009954280279384,"{""very negative"": 0.025144625455141068, ""neutral"": 0.08400725573301315, ""positive"": 0.4490591287612915, ""very positive"": 0.41047510504722595}",admiration,"{""admiration"": 0.9424173831939697}","[{""label"": ""admiration"", ""score"": 0.9424173831939697}, {""label"": ""approval"", ""score"": 0.058339230716228485}, {""label"": ""neutral"", ""score"": 0.0315530002117157}, {""label"": ""gratitude"", ""score"": 0.010911427438259125}, {""label"": ""realization"", ""score"": 0.006474080961197615}]",irony,0.561927080154419,True,non-offensive,0.924063503742218,False
2024-10-24,HP-IND-006,4,Display is gorgeous with vibrant colors and deep blacks. Very impressed!,positive,0.6351503133773804,0.5,0.581952468814245,"{""very negative"": 0.017654336988925934, ""neutral"": 0.037703920155763626, ""positive"": 0.6351503133773804, ""very positive"": 0.2894969880580902}",admiration,"{""admiration"": 0.9594106674194336}","[{""label"": ""admiration"", ""score"": 0.9594106674194336}, {""label"": ""approval"", ""score"": 0.028953349217772484}, {""label"": ""neutral"", ""score"": 0.013620489276945591}, {""label"": ""excitement"", ""score"": 0.008283348754048347}, {""label"": ""gratitude"", ""score"": 0.008044804446399212}]",non_irony,0.8086977601051331,False,non-offensive,0.9492805600166321,False
2025-02-05,WM-IND-004,3,Product is fine for basic use but power users might find it limiting.,neutral,0.2278260439634323,0.0,0.13598060049171318,"{""very negative"": 0.017182493582367897, ""neutral"": 0.2278260439634323, ""positive"": 0.11778126657009125, ""very positive"": 0.021471703425049782}","neutral,approval","{""neutral"": 0.6480686068534851, ""approval"": 0.39360511302948}","[{""label"": ""neutral"", ""score"": 0.6480686068534851}, {""label"": ""approval"", ""score"": 0.39360511302948}, {""label"": ""realization"", ""score"": 0.027473531663417816}, {""label"": ""optimism"", ""score"": 0.021502286195755005}, {""label"": ""disapproval"", ""score"": 0.013942357152700424}]",non_irony,0.6216647624969482,False,non-offensive,0.8438470363616943,False
2024-10-22,AC-IND-005,5,"Sound quality is phenomenal, crisp highs and deep bass. Worth every penny.",positive,0.49539729952812195,0.5,0.6590491162612364,"{""very negative"": 0.019894424825906754, ""neutral"": 0.05166413262486458, ""positive"": 0.49539729952812195, ""very positive"": 0.49539729952812195}",admiration,"{""admiration"": 0.9490026235580444}","[{""label"": ""admiration"", ""score"": 0.9490026235580444}, {""label"": ""approval"", ""score"": 0.04883971065282822}, {""label"": ""neutral"", ""score"": 0.030404893681406975}, {""label"": ""gratitude"", ""score"": 0.010029646568000317}, {""label"": ""disapproval"", ""score"": 0.006704993546009064}]",non_irony,0.7751739025115967,False,non-offensive,0.8951526284217834,False
2024-12-11,WM-IND-004,5,Best purchase I have made this year. Great value for money and excellent features.,positive,0.44873490929603577,0.5,0.5963910590069607,"{""very negative"": 0.028467901051044464, ""neutral"": 0.07443559914827347, ""positive"": 0.44873490929603577, ""very positive"": 0.40708863735198975}",admiration,"{""admiration"": 0.947281539440155}","[{""label"": ""admiration"", ""score"": 0.947281539440155}, {""label"": ""approval"", ""score"": 0.04991918429732323}, {""label"": ""gratitude"", ""score"": 0.017717011272907257}, {""label"": ""neutral"", ""score"": 0.016094906255602837}, {""label"": ""realization"", ""score"": 0.006029242649674416}]",non_irony,0.6735737919807434,False,non-offensive,0.953192949295044,False
2025-01-13,RF-IND-008,1,"Installation was a nightmare, instructions were completely wrong.",very negative,0.7697422504425049,-1.0,-0.6977894863586905,"{""very negative"": 0.7697422504425049, ""neutral"": 0.036633219569921494, ""positive"": 0.020193949341773987, ""very positive"": 0.01803928054869175}",disapproval,"{""disapproval"": 0.3163321614265442}","[{""label"": ""disapproval"", ""score"": 0.3163321614265442}, {""label"": ""annoyance"", ""score"": 0.24686093628406525}, {""label"": ""disappointment"", ""score"": 0.15440554916858673}, {""label"": ""neutral"", ""score"": 0.06965956091880798}, {""label"": ""fear"", ""score"": 0.04962696135044098}]",non_irony,0.7851060032844543,False,non-offensive,0.6006593704223633,False
2024-10-18,TV-IND-001,1,"Produit de mauvaise qualite, je suis tres decu. Ne recommande pas.",very negative,0.376915842294693,-1.0,-0.6515037909879426,"{""very negative"": 0.376915842294693, ""neutral"": 0.02833167091012001, ""positive"": 0.024450555443763733, ""very positive"": 0.01673412136733532}",neutral,"{""neutral"": 0.9460828304290771}","[{""label"": ""neutral"", ""score"": 0.9460828304290771}, {""label"": ""approval"", ""score"": 0.029701441526412964}, {""label"": ""disapproval"", ""score"": 0.009891659021377563}, {""label"": ""realization"", ""score"": 0.00757063552737236}, {""label"": ""annoyance"", ""score"": 0.006734327878803015}]",non_irony,0.8884108662605286,False,non-offensive,0.8112044930458069,False
2025-02-05,TV-IND-001,5,"Screen resolution is crystal clear, perfect for streaming and gaming.",positive,0.392398476600647,0.5,0.542207413406494,"{""very negative"": 0.025593694299459457, ""neutral"": 0.16940507292747498, ""positive"": 0.392398476600647, ""very positive"": 0.38130703568458557}",approval,"{""approval"": 0.5070986747741699}","[{""label"": ""approval"", ""score"": 0.5070986747741699}, {""label"": ""neutral"", ""score"": 0.2965473234653473}, {""label"": ""admiration"", ""score"": 0.2750425338745117}, {""label"": ""realization"", ""score"": 0.009711122140288353}, {""label"": ""optimism"", ""score"": 0.009128984063863754}]",irony,0.6862936615943909,True,non-offensive,0.9093480110168457,False
2025-01-06,HP-IND-006,4,"Lightweight and portable, perfect for travel and daily commute.",positive,0.5174983143806458,0.5,0.5698038134424869,"{""very negative"": 0.023364251479506493, ""neutral"": 0.08838778734207153, ""positive"": 0.5174983143806458, ""very positive"": 0.3443998694419861}","approval,neutral","{""approval"": 0.5351202487945557, ""neutral"": 0.32617780566215515}","[{""label"": ""approval"", ""score"": 0.5351202487945557}, {""label"": ""neutral"", ""score"": 0.32617780566215515}, {""label"": ""admiration"", ""score"": 0.16927553713321686}, {""label"": ""optimism"", ""score"": 0.009668011218309402}, {""label"": ""realization"", ""score"": 0.009552353993058205}]",non_irony,0.8543041348457336,False,non-offensive,0.9002076983451843,False
2025-02-28,HP-IND-006,2,Delivery was delayed by 2 weeks and the product arrived damaged.,very negative,0.2179221659898758,-1.0,-0.5323195026573361,"{""very negative"": 0.2179221659898758, ""neutral"": 0.07148028910160065, ""positive"": 0.02215690352022648, ""very positive"": 0.02215690352022648}",disappointment,"{""disappointment"": 0.6985851526260376}","[{""label"": ""disappointment"", ""score"": 0.6985851526260376}, {""label"": ""neutral"", ""score"": 0.26860493421554565}, {""label"": ""annoyance"", ""score"": 0.10525964200496674}, {""label"": ""sadness"", ""score"": 0.09905389696359634}, {""label"": ""disapproval"", ""score"": 0.036296263337135315}]",non_irony,0.7698453068733215,False,non-offensive,0.8377794027328491,False
2025-02-19,RF-IND-008,2,I just love paying premium prices for something that works half the time. Wonderful!,positive,0.4681796431541443,0.5,0.3093943984333868,"{""very negative"": 0.08025987446308136, ""neutral"": 0.054569948464632034, ""positive"": 0.4681796431541443, ""very positive"": 0.14146959781646729}","love,admiration","{""love"": 0.9180864095687866, ""admiration"": 0.30730876326560974}","[{""label"": ""love"", ""score"": 0.9180864095687866}, {""label"": ""admiration"", ""score"": 0.30730876326560974}, {""label"": ""joy"", ""score"": 0.07236479967832565}, {""label"": ""approval"", ""score"": 0.03508445620536804}, {""label"": ""excitement"", ""score"": 0.01018813531845808}]",irony,0.9883338212966919,True,non-offensive,0.9597514867782593,False
2024-10-25,MB-IND-002,5,"Produit moyen, rien de special. Correct pour le prix.",neutral,0.5150242447853088,0.0,-0.05506495812182074,"{""very negative"": 0.06442885845899582, ""neutral"": 0.5150242447853088, ""positive"": 0.053058139979839325, ""very positive"": 0.03008083999156952}","neutral,approval","{""neutral"": 0.7311878800392151, ""approval"": 0.37109485268592834}","[{""label"": ""neutral"", ""score"": 0.7311878800392151}, {""label"": ""approval"", ""score"": 0.37109485268592834}, {""label"": ""realization"", ""score"": 0.009801529347896576}, {""label"": ""disapproval"", ""score"": 0.0073822857812047005}, {""label"": ""optimism"", ""score"": 0.0072937230579555035}]",non_irony,0.9293095469474792,False,non-offensive,0.8186534643173218,False
2025-03-12,HP-IND-006,1,Software is buggy and crashes frequently. Needs serious updates.,very negative,0.16292156279087067,-1.0,-0.549398270482279,"{""very negative"": 0.16292156279087067, ""neutral"": 0.038247622549533844, ""positive"": 0.017066175118088722, ""very positive"": 0.017066175118088722}",annoyance,"{""annoyance"": 0.35407698154449463}","[{""label"": ""annoyance"", ""score"": 0.35407698154449463}, {""label"": ""disappointment"", ""score"": 0.2594839036464691}, {""label"": ""neutral"", ""score"": 0.24903368949890137}, {""label"": ""disapproval"", ""score"": 0.0876527801156044}, {""label"": ""approval"", ""score"": 0.08709853142499924}]",non_irony,0.9079406261444092,False,non-offensive,0.7005749940872192,False
2025-02-13,RF-IND-008,5,Excellent cooling performance even during peak summer. Very satisfied.,positive,0.7707273960113525,0.5,0.5362639801740339,"{""very negative"": 0.014967979863286018, ""neutral"": 0.02442777529358864, ""positive"": 0.7707273960113525, ""very positive"": 0.17155218124389648}",admiration,"{""admiration"": 0.9331638216972351}","[{""label"": ""admiration"", ""score"": 0.9331638216972351}, {""label"": ""approval"", ""score"": 0.07154010981321335}, {""label"": ""gratitude"", ""score"": 0.04528460651636124}, {""label"": ""neutral"", ""score"": 0.019264668226242065}, {""label"": ""joy"", ""score"": 0.010110114701092243}]",non_irony,0.602388322353363,False,non-offensive,0.9177484512329102,False
2025-01-17,WM-IND-004,1,What a fantastic feature - random shutdowns keep life exciting and unpredictable!,positive,0.5706542134284973,0.5,0.649035807029748,"{""very negative"": 0.027282441034913063, ""neutral"": 0.05992436781525612, ""positive"": 0.5706542134284973, ""very positive"": 0.5706542134284973}","excitement,admiration","{""excitement"": 0.6452254056930542, ""admiration"": 0.5212389230728149}","[{""label"": ""excitement"", ""score"": 0.6452254056930542}, {""label"": ""admiration"", ""score"": 0.5212389230728149}, {""label"": ""joy"", ""score"": 0.09005238115787506}, {""label"": ""curiosity"", ""score"": 0.03715738654136658}, {""label"": ""approval"", ""score"": 0.03235604241490364}]",irony,0.9249007105827332,True,non-offensive,0.9284485578536987,False
2024-10-15,MB-IND-002,2,Overheats constantly during normal usage. Had to return it.,neutral,0.11558523774147034,0.0,-0.36611235721466906,"{""very negative"": 0.10191556066274643, ""neutral"": 0.11558523774147034, ""positive"": 0.016096526756882668, ""very positive"": 0.016096526756882668}",neutral,"{""neutral"": 0.9388406872749329}","[{""label"": ""neutral"", ""score"": 0.9388406872749329}, {""label"": ""approval"", ""score"": 0.02460838295519352}, {""label"": ""annoyance"", ""score"": 0.019031492993235588}, {""label"": ""realization"", ""score"": 0.016972018405795097}, {""label"": ""disappointment"", ""score"": 0.011426879093050957}]",non_irony,0.9186547994613647,False,non-offensive,0.881855309009552,False
2025-02-13,MB-IND-002,4,"Lightweight and portable, perfect for travel and daily commute.",positive,0.5174983143806458,0.5,0.5698038134424869,"{""very negative"": 0.023364251479506493, ""neutral"": 0.08838778734207153, ""positive"": 0.5174983143806458, ""very positive"": 0.3443998694419861}","approval,neutral","{""approval"": 0.5351202487945557, ""neutral"": 0.32617780566215515}","[{""label"": ""approval"", ""score"": 0.5351202487945557}, {""label"": ""neutral"", ""score"": 0.32617780566215515}, {""label"": ""admiration"", ""score"": 0.16927553713321686}, {""label"": ""optimism"", ""score"": 0.009668011218309402}, {""label"": ""realization"", ""score"": 0.009552353993058205}]",non_irony,0.8543041348457336,False,non-offensive,0.9002076983451843,False
2025-03-14,LP-IND-003,5,"Fast delivery, great packaging, and the product works flawlessly.",positive,0.6741796135902405,0.5,0.5512896068214521,"{""very negative"": 0.01956154778599739, ""neutral"": 0.04252088442444801, ""positive"": 0.6741796135902405, ""very positive"": 0.24276283383369446}",admiration,"{""admiration"": 0.9123939275741577}","[{""label"": ""admiration"", ""score"": 0.9123939275741577}, {""label"": ""approval"", ""score"": 0.11531123518943787}, {""label"": ""neutral"", ""score"": 0.05167611688375473}, {""label"": ""gratitude"", ""score"": 0.016645468771457672}, {""label"": ""realization"", ""score"": 0.009102078154683113}]",irony,0.6614562273025513,True,non-offensive,0.9098259210586548,False
2025-03-02,TB-IND-007,5,Setup was a breeze. Works perfectly right out of the box.,positive,0.7648035287857056,0.5,0.47922752030908433,"{""very negative"": 0.018615633249282837, ""neutral"": 0.0714670941233635, ""positive"": 0.7648035287857056, ""very positive"": 0.12313982099294662}",approval,"{""approval"": 0.4734435975551605}","[{""label"": ""approval"", ""score"": 0.4734435975551605}, {""label"": ""neutral"", ""score"": 0.22926150262355804}, {""label"": ""admiration"", ""score"": 0.15972226858139038}, {""label"": ""joy"", ""score"": 0.12473662942647934}, {""label"": ""realization"", ""score"": 0.03085273876786232}]",non_irony,0.7767495512962341,False,non-offensive,0.8942966461181641,False
2025-01-28,TB-IND-007,4,Display is gorgeous with vibrant colors and deep blacks. Very impressed!,positive,0.6351503133773804,0.5,0.581952468814245,"{""very negative"": 0.017654336988925934, ""neutral"": 0.037703920155763626, ""positive"": 0.6351503133773804, ""very positive"": 0.2894969880580902}",admiration,"{""admiration"": 0.9594106674194336}","[{""label"": ""admiration"", ""score"": 0.9594106674194336}, {""label"": ""approval"", ""score"": 0.028953349217772484}, {""label"": ""neutral"", ""score"": 0.013620489276945591}, {""label"": ""excitement"", ""score"": 0.008283348754048347}, {""label"": ""gratitude"", ""score"": 0.008044804446399212}]",non_irony,0.8086977601051331,False,non-offensive,0.9492805600166321,False
2025-01-15,TB-IND-007,4,"Battery life is incredible, easily lasts two full days with heavy usage.",positive,0.5513941645622253,0.5,0.65847089364473,"{""very negative"": 0.022336257621645927, ""neutral"": 0.05773572251200676, ""positive"": 0.5513941645622253, ""very positive"": 0.5513941645622253}",admiration,"{""admiration"": 0.9398247599601746}","[{""label"": ""admiration"", ""score"": 0.9398247599601746}, {""label"": ""approval"", ""score"": 0.055740565061569214}, {""label"": ""neutral"", ""score"": 0.025282323360443115}, {""label"": ""excitement"", ""score"": 0.016244882717728615}, {""label"": ""optimism"", ""score"": 0.009911395609378815}]",irony,0.7044013738632202,True,non-offensive,0.8911383748054504,False
2024-10-20,WM-IND-004,3,"Produit moyen, rien de special. Correct pour le prix.",neutral,0.5150242447853088,0.0,-0.05506495812182074,"{""very negative"": 0.06442885845899582, ""neutral"": 0.5150242447853088, ""positive"": 0.053058139979839325, ""very positive"": 0.03008083999156952}","neutral,approval","{""neutral"": 0.7311878800392151, ""approval"": 0.37109485268592834}","[{""label"": ""neutral"", ""score"": 0.7311878800392151}, {""label"": ""approval"", ""score"": 0.37109485268592834}, {""label"": ""realization"", ""score"": 0.009801529347896576}, {""label"": ""disapproval"", ""score"": 0.0073822857812047005}, {""label"": ""optimism"", ""score"": 0.0072937230579555035}]",non_irony,0.9293095469474792,False,non-offensive,0.8186534643173218,False
2025-02-22,LP-IND-003,1,"Sure, who needs customer service anyway? Waiting 4 weeks builds character!",neutral,0.7354669570922852,0.0,0.08089343274446564,"{""very negative"": 0.022473178803920746, ""neutral"": 0.7354669570922852, ""positive"": 0.13158436119556427, ""very positive"": 0.04536167159676552}","approval,neutral","{""approval"": 0.39447733759880066, ""neutral"": 0.3930034935474396}","[{""label"": ""approval"", ""score"": 0.39447733759880066}, {""label"": ""neutral"", ""score"": 0.3930034935474396}, {""label"": ""curiosity"", ""score"": 0.25203585624694824}, {""label"": ""confusion"", ""score"": 0.058140382170677185}, {""label"": ""realization"", ""score"": 0.018022604286670685}]",irony,0.8940737843513489,True,non-offensive,0.8660460114479065,False
2025-03-07,TV-IND-001,5,Customer service was amazing. They resolved my query within minutes.,positive,0.6071091294288635,0.5,0.5974647468222958,"{""very negative"": 0.017765464261174202, ""neutral"": 0.03513293340802193, ""positive"": 0.6071091294288635, ""very positive"": 0.31808170676231384}",admiration,"{""admiration"": 0.9301038980484009}","[{""label"": ""admiration"", ""score"": 0.9301038980484009}, {""label"": ""approval"", ""score"": 0.06624912470579147}, {""label"": ""neutral"", ""score"": 0.026406768709421158}, {""label"": ""excitement"", ""score"": 0.022681886330246925}, {""label"": ""joy"", ""score"": 0.018670279532670975}]",irony,0.8352649807929993,True,non-offensive,0.9490030407905579,False
2024-10-17,TV-IND-001,5,Customer service was amazing. They resolved my query within minutes.,positive,0.6071091294288635,0.5,0.5974647468222958,"{""very negative"": 0.017765464261174202, ""neutral"": 0.03513293340802193, ""positive"": 0.6071091294288635, ""very positive"": 0.31808170676231384}",admiration,"{""admiration"": 0.9301038980484009}","[{""label"": ""admiration"", ""score"": 0.9301038980484009}, {""label"": ""approval"", ""score"": 0.06624912470579147}, {""label"": ""neutral"", ""score"": 0.026406768709421158}, {""label"": ""excitement"", ""score"": 0.022681886330246925}, {""label"": ""joy"", ""score"": 0.018670279532670975}]",irony,0.8352649807929993,True,non-offensive,0.9490030407905579,False
2024-11-18,WM-IND-004,3,Mixed feelings about this. Good hardware but software needs work.,neutral,0.3529156744480133,0.0,-0.0007012398408806531,"{""very negative"": 0.02983071096241474, ""neutral"": 0.3529156744480133, ""positive"": 0.04370034858584404, ""very positive"": 0.022560112178325653}","approval,admiration","{""approval"": 0.6612764596939087, ""admiration"": 0.3483160436153412}","[{""label"": ""approval"", ""score"": 0.6612764596939087}, {""label"": ""admiration"", ""score"": 0.3483160436153412}, {""label"": ""love"", ""score"": 0.05935299023985863}, {""label"": ""neutral"", ""score"": 0.03666551783680916}, {""label"": ""confusion"", ""score"": 0.03289495036005974}]",non_irony,0.8888905644416809,False,non-offensive,0.8927906155586243,False
2025-03-10,WM-IND-004,2,Customer service is non-existent. Been waiting 3 weeks for a response.,very negative,0.4578317105770111,-1.0,-0.579201002717572,"{""very negative"": 0.4578317105770111, ""neutral"": 0.15317650139331818, ""positive"": 0.025456801056861877, ""very positive"": 0.025456801056861877}","disappointment,annoyance","{""disappointment"": 0.5341309905052185, ""annoyance"": 0.31432658433914185}","[{""label"": ""disappointment"", ""score"": 0.5341309905052185}, {""label"": ""annoyance"", ""score"": 0.31432658433914185}, {""label"": ""neutral"", ""score"": 0.20545412600040436}, {""label"": ""disapproval"", ""score"": 0.15114009380340576}, {""label"": ""sadness"", ""score"": 0.023914506658911705}]",non_irony,0.6569333672523499,False,non-offensive,0.8544687032699585,False
2025-01-05,TB-IND-007,1,After 3 months the motor started making grinding noises. Poor quality.,very negative,0.21506524085998535,-1.0,-0.5608611558829494,"{""very negative"": 0.21506524085998535, ""neutral"": 0.06599922478199005, ""positive"": 0.018860796466469765, ""very positive"": 0.0155870970338583}","disappointment,neutral","{""disappointment"": 0.5225762724876404, ""neutral"": 0.32229286432266235}","[{""label"": ""disappointment"", ""score"": 0.5225762724876404}, {""label"": ""neutral"", ""score"": 0.32229286432266235}, {""label"": ""annoyance"", ""score"": 0.204111248254776}, {""label"": ""sadness"", ""score"": 0.08719734847545624}, {""label"": ""disapproval"", ""score"": 0.04562728479504585}]",non_irony,0.6407272219657898,False,non-offensive,0.7529452443122864,False
2024-10-24,TB-IND-007,2,"Excellent sound quality and comfortable fit, but the ANC could be much stronger for the price.",positive,0.15356729924678802,0.5,0.3086620512949099,"{""very negative"": 0.012060086242854595, ""neutral"": 0.07317974418401718, ""positive"": 0.15356729924678802, ""very positive"": 0.027106380090117455}",admiration,"{""admiration"": 0.9374375939369202}","[{""label"": ""admiration"", ""score"": 0.9374375939369202}, {""label"": ""approval"", ""score"": 0.089204341173172}, {""label"": ""neutral"", ""score"": 0.03402496129274368}, {""label"": ""optimism"", ""score"": 0.025380540639162064}, {""label"": ""gratitude"", ""score"": 0.018238363787531853}]",non_irony,0.9199045896530151,False,non-offensive,0.8908013105392456,False
2025-01-29,TB-IND-007,3,Mixed feelings about this. Good hardware but software needs work.,neutral,0.3529156744480133,0.0,-0.0007012398408806531,"{""very negative"": 0.02983071096241474, ""neutral"": 0.3529156744480133, ""positive"": 0.04370034858584404, ""very positive"": 0.022560112178325653}","approval,admiration","{""approval"": 0.6612764596939087, ""admiration"": 0.3483160436153412}","[{""label"": ""approval"", ""score"": 0.6612764596939087}, {""label"": ""admiration"", ""score"": 0.3483160436153412}, {""label"": ""love"", ""score"": 0.05935299023985863}, {""label"": ""neutral"", ""score"": 0.03666551783680916}, {""label"": ""confusion"", ""score"": 0.03289495036005974}]",non_irony,0.8888905644416809,False,non-offensive,0.8927906155586243,False
2025-02-07,HP-IND-006,2,"Excelente producto, muy buena calidad y buen precio. Totalmente recomendado.",positive,0.5041067004203796,0.5,0.6816197815857253,"{""very negative"": 0.020635204389691353, ""neutral"": 0.014463076367974281, ""positive"": 0.5041067004203796, ""very positive"": 0.5041067004203796}",neutral,"{""neutral"": 0.6544529795646667}","[{""label"": ""neutral"", ""score"": 0.6544529795646667}, {""label"": ""admiration"", ""score"": 0.23028439283370972}, {""label"": ""approval"", ""score"": 0.12289128452539444}, {""label"": ""disapproval"", ""score"": 0.007028191816061735}, {""label"": ""realization"", ""score"": 0.0057449983432888985}]",non_irony,0.9285407662391663,False,non-offensive,0.7380510568618774,False
2024-12-29,RF-IND-008,3,Product is fine for basic use but power users might find it limiting.,neutral,0.2278260439634323,0.0,0.13598060049171318,"{""very negative"": 0.017182493582367897, ""neutral"": 0.2278260439634323, ""positive"": 0.11778126657009125, ""very positive"": 0.021471703425049782}","neutral,approval","{""neutral"": 0.6480686068534851, ""approval"": 0.39360511302948}","[{""label"": ""neutral"", ""score"": 0.6480686068534851}, {""label"": ""approval"", ""score"": 0.39360511302948}, {""label"": ""realization"", ""score"": 0.027473531663417816}, {""label"": ""optimism"", ""score"": 0.021502286195755005}, {""label"": ""disapproval"", ""score"": 0.013942357152700424}]",non_irony,0.6216647624969482,False,non-offensive,0.8438470363616943,False
2025-01-26,MB-IND-002,5,Setup was a breeze. Works perfectly right out of the box.,positive,0.7648035287857056,0.5,0.47922752030908433,"{""very negative"": 0.018615633249282837, ""neutral"": 0.0714670941233635, ""positive"": 0.7648035287857056, ""very positive"": 0.12313982099294662}",approval,"{""approval"": 0.4734435975551605}","[{""label"": ""approval"", ""score"": 0.4734435975551605}, {""label"": ""neutral"", ""score"": 0.22926150262355804}, {""label"": ""admiration"", ""score"": 0.15972226858139038}, {""label"": ""joy"", ""score"": 0.12473662942647934}, {""label"": ""realization"", ""score"": 0.03085273876786232}]",non_irony,0.7767495512962341,False,non-offensive,0.8942966461181641,False
2025-02-11,AC-IND-005,4,Excellent cooling performance even during peak summer. Very satisfied.,positive,0.7707273960113525,0.5,0.5362639801740339,"{""very negative"": 0.014967979863286018, ""neutral"": 0.02442777529358864, ""positive"": 0.7707273960113525, ""very positive"": 0.17155218124389648}",admiration,"{""admiration"": 0.9331638216972351}","[{""label"": ""admiration"", ""score"": 0.9331638216972351}, {""label"": ""approval"", ""score"": 0.07154010981321335}, {""label"": ""gratitude"", ""score"": 0.04528460651636124}, {""label"": ""neutral"", ""score"": 0.019264668226242065}, {""label"": ""joy"", ""score"": 0.010110114701092243}]",non_irony,0.602388322353363,False,non-offensive,0.9177484512329102,False
2024-11-29,MB-IND-002,5,"Durability is impressive, been using for 6 months with zero issues.",positive,0.8207300305366516,0.5,0.47055570951936276,"{""very negative"": 0.01670188084244728, ""neutral"": 0.05924329534173012, ""positive"": 0.8207300305366516, ""very positive"": 0.0840175449848175}",admiration,"{""admiration"": 0.901075005531311}","[{""label"": ""admiration"", ""score"": 0.901075005531311}, {""label"": ""approval"", ""score"": 0.09503141790628433}, {""label"": ""neutral"", ""score"": 0.046847887337207794}, {""label"": ""realization"", ""score"": 0.013351649045944214}, {""label"": ""gratitude"", ""score"": 0.0120680071413517}]",irony,0.8547757267951965,True,non-offensive,0.930757999420166,False
2024-10-27,TV-IND-001,1,"Battery drains extremely fast, barely lasts 4 hours. Very disappointed.",very negative,0.6408287286758423,-1.0,-0.693952186917115,"{""very negative"": 0.6408287286758423, ""neutral"": 0.027352793142199516, ""positive"": 0.018346326425671577, ""very positive"": 0.01826965995132923}",disappointment,"{""disappointment"": 0.8434377312660217}","[{""label"": ""disappointment"", ""score"": 0.8434377312660217}, {""label"": ""annoyance"", ""score"": 0.10580381751060486}, {""label"": ""neutral"", ""score"": 0.10369166731834412}, {""label"": ""disapproval"", ""score"": 0.08525507897138596}, {""label"": ""sadness"", ""score"": 0.06935909390449524}]",non_irony,0.9296731352806091,False,non-offensive,0.7599592208862305,False
2025-01-14,LP-IND-003,5,"Build quality feels premium, definitely punches above its price point.",positive,0.5689269304275513,0.5,0.4307623559540791,"{""very negative"": 0.012321094051003456, ""neutral"": 0.05195668712258339, ""positive"": 0.5689269304275513, ""very positive"": 0.021232595667243004}","admiration,approval,neutral","{""admiration"": 0.4633546471595764, ""approval"": 0.39119985699653625, ""neutral"": 0.30986344814300537}","[{""label"": ""admiration"", ""score"": 0.4633546471595764}, {""label"": ""approval"", ""score"": 0.39119985699653625}, {""label"": ""neutral"", ""score"": 0.30986344814300537}, {""label"": ""realization"", ""score"": 0.013269134797155857}, {""label"": ""annoyance"", ""score"": 0.010357970371842384}]",non_irony,0.5766015648841858,False,non-offensive,0.8615878224372864,False
2025-02-07,RF-IND-008,2,Delivery was delayed by 2 weeks and the product arrived damaged.,very negative,0.2179221659898758,-1.0,-0.5323195026573361,"{""very negative"": 0.2179221659898758, ""neutral"": 0.07148028910160065, ""positive"": 0.02215690352022648, ""very positive"": 0.02215690352022648}",disappointment,"{""disappointment"": 0.6985851526260376}","[{""label"": ""disappointment"", ""score"": 0.6985851526260376}, {""label"": ""neutral"", ""score"": 0.26860493421554565}, {""label"": ""annoyance"", ""score"": 0.10525964200496674}, {""label"": ""sadness"", ""score"": 0.09905389696359634}, {""label"": ""disapproval"", ""score"": 0.036296263337135315}]",non_irony,0.7698453068733215,False,non-offensive,0.8377794027328491,False
2024-12-03,MB-IND-002,4,"Sound quality is phenomenal, crisp highs and deep bass. Worth every penny.",positive,0.49539729952812195,0.5,0.6590491162612364,"{""very negative"": 0.019894424825906754, ""neutral"": 0.05166413262486458, ""positive"": 0.49539729952812195, ""very positive"": 0.49539729952812195}",admiration,"{""admiration"": 0.9490026235580444}","[{""label"": ""admiration"", ""score"": 0.9490026235580444}, {""label"": ""approval"", ""score"": 0.04883971065282822}, {""label"": ""neutral"", ""score"": 0.030404893681406975}, {""label"": ""gratitude"", ""score"": 0.010029646568000317}, {""label"": ""disapproval"", ""score"": 0.006704993546009064}]",non_irony,0.7751739025115967,False,non-offensive,0.8951526284217834,False
2024-11-07,TV-IND-001,2,Delivery was delayed by 2 weeks and the product arrived damaged.,very negative,0.2179221659898758,-1.0,-0.5323195026573361,"{""very negative"": 0.2179221659898758, ""neutral"": 0.07148028910160065, ""positive"": 0.02215690352022648, ""very positive"": 0.02215690352022648}",disappointment,"{""disappointment"": 0.6985851526260376}","[{""label"": ""disappointment"", ""score"": 0.6985851526260376}, {""label"": ""neutral"", ""score"": 0.26860493421554565}, {""label"": ""annoyance"", ""score"": 0.10525964200496674}, {""label"": ""sadness"", ""score"": 0.09905389696359634}, {""label"": ""disapproval"", ""score"": 0.036296263337135315}]",non_irony,0.7698453068733215,False,non-offensive,0.8377794027328491,False
2024-12-25,AC-IND-005,5,"Sound quality is phenomenal, crisp highs and deep bass. Worth every penny.",positive,0.49539729952812195,0.5,0.6590491162612364,"{""very negative"": 0.019894424825906754, ""neutral"": 0.05166413262486458, ""positive"": 0.49539729952812195, ""very positive"": 0.49539729952812195}",admiration,"{""admiration"": 0.9490026235580444}","[{""label"": ""admiration"", ""score"": 0.9490026235580444}, {""label"": ""approval"", ""score"": 0.04883971065282822}, {""label"": ""neutral"", ""score"": 0.030404893681406975}, {""label"": ""gratitude"", ""score"": 0.010029646568000317}, {""label"": ""disapproval"", ""score"": 0.006704993546009064}]",non_irony,0.7751739025115967,False,non-offensive,0.8951526284217834,False
2024-11-19,TB-IND-007,3,"Average performance. Some features are good, others need improvement.",positive,0.61644446849823,0.5,0.34826672452702356,"{""very negative"": 0.025447191670536995, ""neutral"": 0.1476220041513443, ""positive"": 0.61644446849823, ""very positive"": 0.021131806075572968}","approval,admiration","{""approval"": 0.6711743474006653, ""admiration"": 0.3304252624511719}","[{""label"": ""approval"", ""score"": 0.6711743474006653}, {""label"": ""admiration"", ""score"": 0.3304252624511719}, {""label"": ""neutral"", ""score"": 0.1314345896244049}, {""label"": ""optimism"", ""score"": 0.0660710483789444}, {""label"": ""realization"", ""score"": 0.028510229662060738}]",non_irony,0.9071303606033325,False,non-offensive,0.930716335773468,False
2025-02-15,LP-IND-003,5,"Fast delivery, great packaging, and the product works flawlessly.",positive,0.6741796135902405,0.5,0.5512896068214521,"{""very negative"": 0.01956154778599739, ""neutral"": 0.04252088442444801, ""positive"": 0.6741796135902405, ""very positive"": 0.24276283383369446}",admiration,"{""admiration"": 0.9123939275741577}","[{""label"": ""admiration"", ""score"": 0.9123939275741577}, {""label"": ""approval"", ""score"": 0.11531123518943787}, {""label"": ""neutral"", ""score"": 0.05167611688375473}, {""label"": ""gratitude"", ""score"": 0.016645468771457672}, {""label"": ""realization"", ""score"": 0.009102078154683113}]",irony,0.6614562273025513,True,non-offensive,0.9098259210586548,False
2025-02-19,TB-IND-007,2,Customer service is non-existent. Been waiting 3 weeks for a response.,very negative,0.4578317105770111,-1.0,-0.579201002717572,"{""very negative"": 0.4578317105770111, ""neutral"": 0.15317650139331818, ""positive"": 0.025456801056861877, ""very positive"": 0.025456801056861877}","disappointment,annoyance","{""disappointment"": 0.5341309905052185, ""annoyance"": 0.31432658433914185}","[{""label"": ""disappointment"", ""score"": 0.5341309905052185}, {""label"": ""annoyance"", ""score"": 0.31432658433914185}, {""label"": ""neutral"", ""score"": 0.20545412600040436}, {""label"": ""disapproval"", ""score"": 0.15114009380340576}, {""label"": ""sadness"", ""score"": 0.023914506658911705}]",non_irony,0.6569333672523499,False,non-offensive,0.8544687032699585,False
2025-02-21,RF-IND-008,4,Absolutely love this product! The build quality is exceptional and performance exceeds expectations.,positive,0.7471796870231628,0.5,0.7025448596220167,"{""very negative"": 0.015530555509030819, ""neutral"": 0.036719899624586105, ""positive"": 0.7471796870231628, ""very positive"": 0.7471796870231628}","admiration,love","{""admiration"": 0.8205865025520325, ""love"": 0.7115253806114197}","[{""label"": ""admiration"", ""score"": 0.8205865025520325}, {""label"": ""love"", ""score"": 0.7115253806114197}, {""label"": ""approval"", ""score"": 0.04455780237913132}, {""label"": ""gratitude"", ""score"": 0.016261670738458633}, {""label"": ""optimism"", ""score"": 0.009366675280034542}]",non_irony,0.8729540109634399,False,non-offensive,0.9555073380470276,False
2024-10-24,AC-IND-005,5,Setup was a breeze. Works perfectly right out of the box.,positive,0.7648035287857056,0.5,0.47922752030908433,"{""very negative"": 0.018615633249282837, ""neutral"": 0.0714670941233635, ""positive"": 0.7648035287857056, ""very positive"": 0.12313982099294662}",approval,"{""approval"": 0.4734435975551605}","[{""label"": ""approval"", ""score"": 0.4734435975551605}, {""label"": ""neutral"", ""score"": 0.22926150262355804}, {""label"": ""admiration"", ""score"": 0.15972226858139038}, {""label"": ""joy"", ""score"": 0.12473662942647934}, {""label"": ""realization"", ""score"": 0.03085273876786232}]",non_irony,0.7767495512962341,False,non-offensive,0.8942966461181641,False
2024-11-29,RF-IND-008,4,Energy efficient and very quiet operation. Highly recommend!,positive,0.7586772441864014,0.5,0.5307734316802475,"{""very negative"": 0.016845209524035454, ""neutral"": 0.03081432357430458, ""positive"": 0.7586772441864014, ""very positive"": 0.17657209932804108}",admiration,"{""admiration"": 0.8203734159469604}","[{""label"": ""admiration"", ""score"": 0.8203734159469604}, {""label"": ""approval"", ""score"": 0.24129898846149445}, {""label"": ""gratitude"", ""score"": 0.08020996302366257}, {""label"": ""neutral"", ""score"": 0.031993474811315536}, {""label"": ""optimism"", ""score"": 0.015411066822707653}]",non_irony,0.5187515020370483,False,non-offensive,0.9350569248199463,False
2025-02-19,WM-IND-004,1,Overheats constantly during normal usage. Had to return it.,neutral,0.11558523774147034,0.0,-0.36611235721466906,"{""very negative"": 0.10191556066274643, ""neutral"": 0.11558523774147034, ""positive"": 0.016096526756882668, ""very positive"": 0.016096526756882668}",neutral,"{""neutral"": 0.9388406872749329}","[{""label"": ""neutral"", ""score"": 0.9388406872749329}, {""label"": ""approval"", ""score"": 0.02460838295519352}, {""label"": ""annoyance"", ""score"": 0.019031492993235588}, {""label"": ""realization"", ""score"": 0.016972018405795097}, {""label"": ""disappointment"", ""score"": 0.011426879093050957}]",non_irony,0.9186547994613647,False,non-offensive,0.881855309009552,False
2025-03-05,TB-IND-007,4,Photo quality rivals phones twice the price. Very happy with the camera.,positive,0.9200547933578491,0.5,0.4818561179793535,"{""very negative"": 0.009893827140331268, ""neutral"": 0.01960623636841774, ""positive"": 0.9200547933578491, ""very positive"": 0.03305947035551071}",joy,"{""joy"": 0.8326600790023804}","[{""label"": ""joy"", ""score"": 0.8326600790023804}, {""label"": ""admiration"", ""score"": 0.12147273868322372}, {""label"": ""approval"", ""score"": 0.08454403281211853}, {""label"": ""neutral"", ""score"": 0.041709545999765396}, {""label"": ""relief"", ""score"": 0.027668539434671402}]",non_irony,0.5060417652130127,False,non-offensive,0.9031765460968018,False
2025-01-25,TB-IND-007,3,Cooling is incredibly efficient but the noise level at full blast is quite loud. Energy savings are good.,positive,0.24520593881607056,0.5,0.32884720066623113,"{""very negative"": 0.01764993742108345, ""neutral"": 0.06515862047672272, ""positive"": 0.24520593881607056, ""very positive"": 0.0261381883174181}","admiration,approval","{""admiration"": 0.7278497815132141, ""approval"": 0.4586583375930786}","[{""label"": ""admiration"", ""score"": 0.7278497815132141}, {""label"": ""approval"", ""score"": 0.4586583375930786}, {""label"": ""neutral"", ""score"": 0.07261066138744354}, {""label"": ""realization"", ""score"": 0.01878446526825428}, {""label"": ""gratitude"", ""score"": 0.01715177297592163}]",irony,0.8304233551025391,True,non-offensive,0.8526865839958191,False
2024-11-15,RF-IND-008,5,Display is gorgeous with vibrant colors and deep blacks. Very impressed!,positive,0.6351503133773804,0.5,0.581952468814245,"{""very negative"": 0.017654336988925934, ""neutral"": 0.037703920155763626, ""positive"": 0.6351503133773804, ""very positive"": 0.2894969880580902}",admiration,"{""admiration"": 0.9594106674194336}","[{""label"": ""admiration"", ""score"": 0.9594106674194336}, {""label"": ""approval"", ""score"": 0.028953349217772484}, {""label"": ""neutral"", ""score"": 0.013620489276945591}, {""label"": ""excitement"", ""score"": 0.008283348754048347}, {""label"": ""gratitude"", ""score"": 0.008044804446399212}]",non_irony,0.8086977601051331,False,non-offensive,0.9492805600166321,False
2025-02-14,AC-IND-005,2,Bluetooth connectivity drops every few minutes. Extremely frustrating.,very negative,0.6028462648391724,-1.0,-0.6743283178692285,"{""very negative"": 0.6028462648391724, ""neutral"": 0.050933293998241425, ""positive"": 0.02046809531748295, ""very positive"": 0.019622648134827614}",annoyance,"{""annoyance"": 0.755325436592102}","[{""label"": ""annoyance"", ""score"": 0.755325436592102}, {""label"": ""anger"", ""score"": 0.23799586296081543}, {""label"": ""neutral"", ""score"": 0.06979986280202866}, {""label"": ""disappointment"", ""score"": 0.05000713840126991}, {""label"": ""disapproval"", ""score"": 0.037070609629154205}]",irony,0.6903656721115112,True,non-offensive,0.7488885521888733,False
2025-03-10,TV-IND-001,3,It is an acceptable product. Neither great nor terrible overall.,neutral,0.6794472932815552,0.0,0.11969010975899572,"{""very negative"": 0.021728726103901863, ""neutral"": 0.6794472932815552, ""positive"": 0.24736584722995758, ""very positive"": 0.028446754440665245}",approval,"{""approval"": 0.8612683415412903}","[{""label"": ""approval"", ""score"": 0.8612683415412903}, {""label"": ""admiration"", ""score"": 0.13370481133460999}, {""label"": ""neutral"", ""score"": 0.05180679261684418}, {""label"": ""disapproval"", ""score"": 0.02096419222652912}, {""label"": ""realization"", ""score"": 0.014821445569396019}]",non_irony,0.9514107704162598,False,non-offensive,0.8791451454162598,False
2025-02-04,HP-IND-006,5,The processor handles multitasking effortlessly. No lag whatsoever.,neutral,0.7597368359565735,0.0,0.00797338825580054,"{""very negative"": 0.045921143144369125, ""neutral"": 0.7597368359565735, ""positive"": 0.05292467027902603, ""very positive"": 0.05003025010228157}","admiration,approval,neutral","{""admiration"": 0.3868221342563629, ""approval"": 0.3720160722732544, ""neutral"": 0.3502216339111328}","[{""label"": ""admiration"", ""score"": 0.3868221342563629}, {""label"": ""approval"", ""score"": 0.3720160722732544}, {""label"": ""neutral"", ""score"": 0.3502216339111328}, {""label"": ""realization"", ""score"": 0.014902401715517044}, {""label"": ""pride"", ""score"": 0.008550484664738178}]",irony,0.5463454127311707,True,non-offensive,0.8667475581169128,False
2025-03-07,AC-IND-005,1,"Excelente producto, muy buena calidad y buen precio. Totalmente recomendado.",positive,0.5041067004203796,0.5,0.6816197815857253,"{""very negative"": 0.020635204389691353, ""neutral"": 0.014463076367974281, ""positive"": 0.5041067004203796, ""very positive"": 0.5041067004203796}",neutral,"{""neutral"": 0.6544529795646667}","[{""label"": ""neutral"", ""score"": 0.6544529795646667}, {""label"": ""admiration"", ""score"": 0.23028439283370972}, {""label"": ""approval"", ""score"": 0.12289128452539444}, {""label"": ""disapproval"", ""score"": 0.007028191816061735}, {""label"": ""realization"", ""score"": 0.0057449983432888985}]",non_irony,0.9285407662391663,False,non-offensive,0.7380510568618774,False
2025-03-12,RF-IND-008,4,Absolutely love this product! The build quality is exceptional and performance exceeds expectations.,positive,0.7471796870231628,0.5,0.7025448596220167,"{""very negative"": 0.015530555509030819, ""neutral"": 0.036719899624586105, ""positive"": 0.7471796870231628, ""very positive"": 0.7471796870231628}","admiration,love","{""admiration"": 0.8205865025520325, ""love"": 0.7115253806114197}","[{""label"": ""admiration"", ""score"": 0.8205865025520325}, {""label"": ""love"", ""score"": 0.7115253806114197}, {""label"": ""approval"", ""score"": 0.04455780237913132}, {""label"": ""gratitude"", ""score"": 0.016261670738458633}, {""label"": ""optimism"", ""score"": 0.009366675280034542}]",non_irony,0.8729540109634399,False,non-offensive,0.9555073380470276,False
2024-11-17,HP-IND-006,5,"Build quality feels premium, definitely punches above its price point.",positive,0.5689269304275513,0.5,0.4307623559540791,"{""very negative"": 0.012321094051003456, ""neutral"": 0.05195668712258339, ""positive"": 0.5689269304275513, ""very positive"": 0.021232595667243004}","admiration,approval,neutral","{""admiration"": 0.4633546471595764, ""approval"": 0.39119985699653625, ""neutral"": 0.30986344814300537}","[{""label"": ""admiration"", ""score"": 0.4633546471595764}, {""label"": ""approval"", ""score"": 0.39119985699653625}, {""label"": ""neutral"", ""score"": 0.30986344814300537}, {""label"": ""realization"", ""score"": 0.013269134797155857}, {""label"": ""annoyance"", ""score"": 0.010357970371842384}]",non_irony,0.5766015648841858,False,non-offensive,0.8615878224372864,False
2024-12-23,HP-IND-006,5,Absolutely love this product! The build quality is exceptional and performance exceeds expectations.,positive,0.7471796870231628,0.5,0.7025448596220167,"{""very negative"": 0.015530555509030819, ""neutral"": 0.036719899624586105, ""positive"": 0.7471796870231628, ""very positive"": 0.7471796870231628}","admiration,love","{""admiration"": 0.8205865025520325, ""love"": 0.7115253806114197}","[{""label"": ""admiration"", ""score"": 0.8205865025520325}, {""label"": ""love"", ""score"": 0.7115253806114197}, {""label"": ""approval"", ""score"": 0.04455780237913132}, {""label"": ""gratitude"", ""score"": 0.016261670738458633}, {""label"": ""optimism"", ""score"": 0.009366675280034542}]",non_irony,0.8729540109634399,False,non-offensive,0.9555073380470276,False
2025-03-02,TV-IND-001,1,After 3 months the motor started making grinding noises. Poor quality.,very negative,0.21506524085998535,-1.0,-0.5608611558829494,"{""very negative"": 0.21506524085998535, ""neutral"": 0.06599922478199005, ""positive"": 0.018860796466469765, ""very positive"": 0.0155870970338583}","disappointment,neutral","{""disappointment"": 0.5225762724876404, ""neutral"": 0.32229286432266235}","[{""label"": ""disappointment"", ""score"": 0.5225762724876404}, {""label"": ""neutral"", ""score"": 0.32229286432266235}, {""label"": ""annoyance"", ""score"": 0.204111248254776}, {""label"": ""sadness"", ""score"": 0.08719734847545624}, {""label"": ""disapproval"", ""score"": 0.04562728479504585}]",non_irony,0.6407272219657898,False,non-offensive,0.7529452443122864,False
2024-11-24,RF-IND-008,2,What a fantastic feature - random shutdowns keep life exciting and unpredictable!,positive,0.5706542134284973,0.5,0.649035807029748,"{""very negative"": 0.027282441034913063, ""neutral"": 0.05992436781525612, ""positive"": 0.5706542134284973, ""very positive"": 0.5706542134284973}","excitement,admiration","{""excitement"": 0.6452254056930542, ""admiration"": 0.5212389230728149}","[{""label"": ""excitement"", ""score"": 0.6452254056930542}, {""label"": ""admiration"", ""score"": 0.5212389230728149}, {""label"": ""joy"", ""score"": 0.09005238115787506}, {""label"": ""curiosity"", ""score"": 0.03715738654136658}, {""label"": ""approval"", ""score"": 0.03235604241490364}]",irony,0.9249007105827332,True,non-offensive,0.9284485578536987,False
2024-10-12,WM-IND-004,2,"Bahut achha product hai, value for money. Camera bhi bahut accha hai.",positive,0.5882152915000916,0.5,0.4220367277463888,"{""very negative"": 0.0290150735527277, ""neutral"": 0.18226198852062225, ""positive"": 0.5882152915000916, ""very positive"": 0.1714218407869339}",neutral,"{""neutral"": 0.7110043168067932}","[{""label"": ""neutral"", ""score"": 0.7110043168067932}, {""label"": ""approval"", ""score"": 0.15353593230247498}, {""label"": ""admiration"", ""score"": 0.0266432985663414}, {""label"": ""amusement"", ""score"": 0.018048683181405067}, {""label"": ""joy"", ""score"": 0.013174094259738922}]",non_irony,0.8170913457870483,False,non-offensive,0.7812522053718567,False
2025-01-30,TB-IND-007,3,Some features work well but others feel half-baked and unfinished.,neutral,0.11231619864702225,0.0,-0.017368461427197737,"{""very negative"": 0.024700509384274483, ""neutral"": 0.11231619864702225, ""positive"": 0.031947653740644455, ""very positive"": 0.017410876229405403}",neutral,"{""neutral"": 0.42452213168144226}","[{""label"": ""neutral"", ""score"": 0.42452213168144226}, {""label"": ""approval"", ""score"": 0.262663334608078}, {""label"": ""disapproval"", ""score"": 0.08497705310583115}, {""label"": ""disappointment"", ""score"": 0.07289377599954605}, {""label"": ""annoyance"", ""score"": 0.06537593901157379}]",non_irony,0.7920966744422913,False,non-offensive,0.8468405604362488,False
2025-01-12,TV-IND-001,3,Product is fine for basic use but power users might find it limiting.,neutral,0.2278260439634323,0.0,0.13598060049171318,"{""very negative"": 0.017182493582367897, ""neutral"": 0.2278260439634323, ""positive"": 0.11778126657009125, ""very positive"": 0.021471703425049782}","neutral,approval","{""neutral"": 0.6480686068534851, ""approval"": 0.39360511302948}","[{""label"": ""neutral"", ""score"": 0.6480686068534851}, {""label"": ""approval"", ""score"": 0.39360511302948}, {""label"": ""realization"", ""score"": 0.027473531663417816}, {""label"": ""optimism"", ""score"": 0.021502286195755005}, {""label"": ""disapproval"", ""score"": 0.013942357152700424}]",non_irony,0.6216647624969482,False,non-offensive,0.8438470363616943,False
2024-12-28,WM-IND-004,5,"Lightweight and portable, perfect for travel and daily commute.",positive,0.5174983143806458,0.5,0.5698038134424869,"{""very negative"": 0.023364251479506493, ""neutral"": 0.08838778734207153, ""positive"": 0.5174983143806458, ""very positive"": 0.3443998694419861}","approval,neutral","{""approval"": 0.5351202487945557, ""neutral"": 0.32617780566215515}","[{""label"": ""approval"", ""score"": 0.5351202487945557}, {""label"": ""neutral"", ""score"": 0.32617780566215515}, {""label"": ""admiration"", ""score"": 0.16927553713321686}, {""label"": ""optimism"", ""score"": 0.009668011218309402}, {""label"": ""realization"", ""score"": 0.009552353993058205}]",non_irony,0.8543041348457336,False,non-offensive,0.9002076983451843,False
2024-10-17,RF-IND-008,4,"Sound quality is phenomenal, crisp highs and deep bass. Worth every penny.",positive,0.49539729952812195,0.5,0.6590491162612364,"{""very negative"": 0.019894424825906754, ""neutral"": 0.05166413262486458, ""positive"": 0.49539729952812195, ""very positive"": 0.49539729952812195}",admiration,"{""admiration"": 0.9490026235580444}","[{""label"": ""admiration"", ""score"": 0.9490026235580444}, {""label"": ""approval"", ""score"": 0.04883971065282822}, {""label"": ""neutral"", ""score"": 0.030404893681406975}, {""label"": ""gratitude"", ""score"": 0.010029646568000317}, {""label"": ""disapproval"", ""score"": 0.006704993546009064}]",non_irony,0.7751739025115967,False,non-offensive,0.8951526284217834,False
2024-11-23,TV-IND-001,5,"Lightweight and portable, perfect for travel and daily commute.",positive,0.5174983143806458,0.5,0.5698038134424869,"{""very negative"": 0.023364251479506493, ""neutral"": 0.08838778734207153, ""positive"": 0.5174983143806458, ""very positive"": 0.3443998694419861}","approval,neutral","{""approval"": 0.5351202487945557, ""neutral"": 0.32617780566215515}","[{""label"": ""approval"", ""score"": 0.5351202487945557}, {""label"": ""neutral"", ""score"": 0.32617780566215515}, {""label"": ""admiration"", ""score"": 0.16927553713321686}, {""label"": ""optimism"", ""score"": 0.009668011218309402}, {""label"": ""realization"", ""score"": 0.009552353993058205}]",non_irony,0.8543041348457336,False,non-offensive,0.9002076983451843,False
2025-03-01,TV-IND-001,1,Delivery was delayed by 2 weeks and the product arrived damaged.,very negative,0.2179221659898758,-1.0,-0.5323195026573361,"{""very negative"": 0.2179221659898758, ""neutral"": 0.07148028910160065, ""positive"": 0.02215690352022648, ""very positive"": 0.02215690352022648}",disappointment,"{""disappointment"": 0.6985851526260376}","[{""label"": ""disappointment"", ""score"": 0.6985851526260376}, {""label"": ""neutral"", ""score"": 0.26860493421554565}, {""label"": ""annoyance"", ""score"": 0.10525964200496674}, {""label"": ""sadness"", ""score"": 0.09905389696359634}, {""label"": ""disapproval"", ""score"": 0.036296263337135315}]",non_irony,0.7698453068733215,False,non-offensive,0.8377794027328491,False
2024-12-11,LP-IND-003,4,"Build quality feels premium, definitely punches above its price point.",positive,0.5689269304275513,0.5,0.4307623559540791,"{""very negative"": 0.012321094051003456, ""neutral"": 0.05195668712258339, ""positive"": 0.5689269304275513, ""very positive"": 0.021232595667243004}","admiration,approval,neutral","{""admiration"": 0.4633546471595764, ""approval"": 0.39119985699653625, ""neutral"": 0.30986344814300537}","[{""label"": ""admiration"", ""score"": 0.4633546471595764}, {""label"": ""approval"", ""score"": 0.39119985699653625}, {""label"": ""neutral"", ""score"": 0.30986344814300537}, {""label"": ""realization"", ""score"": 0.013269134797155857}, {""label"": ""annoyance"", ""score"": 0.010357970371842384}]",non_irony,0.5766015648841858,False,non-offensive,0.8615878224372864,False
2024-11-11,MB-IND-002,2,I just love paying premium prices for something that works half the time. Wonderful!,positive,0.4681796431541443,0.5,0.3093943984333868,"{""very negative"": 0.08025987446308136, ""neutral"": 0.054569948464632034, ""positive"": 0.4681796431541443, ""very positive"": 0.14146959781646729}","love,admiration","{""love"": 0.9180864095687866, ""admiration"": 0.30730876326560974}","[{""label"": ""love"", ""score"": 0.9180864095687866}, {""label"": ""admiration"", ""score"": 0.30730876326560974}, {""label"": ""joy"", ""score"": 0.07236479967832565}, {""label"": ""approval"", ""score"": 0.03508445620536804}, {""label"": ""excitement"", ""score"": 0.01018813531845808}]",irony,0.9883338212966919,True,non-offensive,0.9597514867782593,False
2025-01-04,RF-IND-008,5,"Battery life is incredible, easily lasts two full days with heavy usage.",positive,0.5513941645622253,0.5,0.65847089364473,"{""very negative"": 0.022336257621645927, ""neutral"": 0.05773572251200676, ""positive"": 0.5513941645622253, ""very positive"": 0.5513941645622253}",admiration,"{""admiration"": 0.9398247599601746}","[{""label"": ""admiration"", ""score"": 0.9398247599601746}, {""label"": ""approval"", ""score"": 0.055740565061569214}, {""label"": ""neutral"", ""score"": 0.025282323360443115}, {""label"": ""excitement"", ""score"": 0.016244882717728615}, {""label"": ""optimism"", ""score"": 0.009911395609378815}]",irony,0.7044013738632202,True,non-offensive,0.8911383748054504,False
2024-10-09,TV-IND-001,3,Packaging was good but product is just average in terms of quality.,neutral,0.22643636167049408,0.0,0.02154465263355148,"{""very negative"": 0.020769914612174034, ""neutral"": 0.22643636167049408, ""positive"": 0.03994236886501312, ""very positive"": 0.018210014328360558}","disappointment,admiration","{""disappointment"": 0.35051408410072327, ""admiration"": 0.31660306453704834}","[{""label"": ""disappointment"", ""score"": 0.35051408410072327}, {""label"": ""admiration"", ""score"": 0.31660306453704834}, {""label"": ""disapproval"", ""score"": 0.20833034813404083}, {""label"": ""approval"", ""score"": 0.14557017385959625}, {""label"": ""neutral"", ""score"": 0.10623263567686081}]",non_irony,0.5526584982872009,False,non-offensive,0.8434349298477173,False
2024-10-19,TB-IND-007,5,"Noise cancellation is top-notch, blocks out everything around you.",positive,0.6977988481521606,0.5,0.5301263708619881,"{""very negative"": 0.018256666138768196, ""neutral"": 0.04996884986758232, ""positive"": 0.6977988481521606, ""very positive"": 0.20059357583522797}",neutral,"{""neutral"": 0.8535012602806091}","[{""label"": ""neutral"", ""score"": 0.8535012602806091}, {""label"": ""approval"", ""score"": 0.07272456586360931}, {""label"": ""annoyance"", ""score"": 0.035694435238838196}, {""label"": ""admiration"", ""score"": 0.030761508271098137}, {""label"": ""disapproval"", ""score"": 0.014540402218699455}]",irony,0.8790774345397949,True,non-offensive,0.7939949035644531,False
2024-12-04,TB-IND-007,3,Storage capacity is generous but the app crashes frequently when transferring large files.,neutral,0.21944527328014374,0.0,-0.016317923227209753,"{""very negative"": 0.026355694979429245, ""neutral"": 0.21944527328014374, ""positive"": 0.028247667476534843, ""very positive"": 0.02017846331000328}","neutral,disappointment","{""neutral"": 0.565437376499176, ""disappointment"": 0.34233924746513367}","[{""label"": ""neutral"", ""score"": 0.565437376499176}, {""label"": ""disappointment"", ""score"": 0.34233924746513367}, {""label"": ""disapproval"", ""score"": 0.0853864774107933}, {""label"": ""annoyance"", ""score"": 0.07664201408624649}, {""label"": ""approval"", ""score"": 0.055152952671051025}]",non_irony,0.8343307971954346,False,non-offensive,0.7884221076965332,False
2025-01-29,LP-IND-003,1,Build quality is cheap and flimsy. Does not feel worth the price at all.,very negative,0.14990851283073425,-1.0,-0.560529625903086,"{""very negative"": 0.14990851283073425, ""neutral"": 0.028574587777256966, ""positive"": 0.015562235377728939, ""very positive"": 0.015562235377728939}",disapproval,"{""disapproval"": 0.5688949823379517}","[{""label"": ""disapproval"", ""score"": 0.5688949823379517}, {""label"": ""annoyance"", ""score"": 0.26531776785850525}, {""label"": ""disappointment"", ""score"": 0.19667105376720428}, {""label"": ""neutral"", ""score"": 0.17501303553581238}, {""label"": ""approval"", ""score"": 0.019899286329746246}]",non_irony,0.9473848938941956,False,non-offensive,0.6788666248321533,False
2024-12-27,MB-IND-002,1,"Bahut achha product hai, value for money. Camera bhi bahut accha hai.",positive,0.5882152915000916,0.5,0.4220367277463888,"{""very negative"": 0.0290150735527277, ""neutral"": 0.18226198852062225, ""positive"": 0.5882152915000916, ""very positive"": 0.1714218407869339}",neutral,"{""neutral"": 0.7110043168067932}","[{""label"": ""neutral"", ""score"": 0.7110043168067932}, {""label"": ""approval"", ""score"": 0.15353593230247498}, {""label"": ""admiration"", ""score"": 0.0266432985663414}, {""label"": ""amusement"", ""score"": 0.018048683181405067}, {""label"": ""joy"", ""score"": 0.013174094259738922}]",non_irony,0.8170913457870483,False,non-offensive,0.7812522053718567,False
2024-12-06,HP-IND-006,1,Build quality is cheap and flimsy. Does not feel worth the price at all.,very negative,0.14990851283073425,-1.0,-0.560529625903086,"{""very negative"": 0.14990851283073425, ""neutral"": 0.028574587777256966, ""positive"": 0.015562235377728939, ""very positive"": 0.015562235377728939}",disapproval,"{""disapproval"": 0.5688949823379517}","[{""label"": ""disapproval"", ""score"": 0.5688949823379517}, {""label"": ""annoyance"", ""score"": 0.26531776785850525}, {""label"": ""disappointment"", ""score"": 0.19667105376720428}, {""label"": ""neutral"", ""score"": 0.17501303553581238}, {""label"": ""approval"", ""score"": 0.019899286329746246}]",non_irony,0.9473848938941956,False,non-offensive,0.6788666248321533,False
2024-10-02,RF-IND-008,3,Packaging was good but product is just average in terms of quality.,neutral,0.22643636167049408,0.0,0.02154465263355148,"{""very negative"": 0.020769914612174034, ""neutral"": 0.22643636167049408, ""positive"": 0.03994236886501312, ""very positive"": 0.018210014328360558}","disappointment,admiration","{""disappointment"": 0.35051408410072327, ""admiration"": 0.31660306453704834}","[{""label"": ""disappointment"", ""score"": 0.35051408410072327}, {""label"": ""admiration"", ""score"": 0.31660306453704834}, {""label"": ""disapproval"", ""score"": 0.20833034813404083}, {""label"": ""approval"", ""score"": 0.14557017385959625}, {""label"": ""neutral"", ""score"": 0.10623263567686081}]",non_irony,0.5526584982872009,False,non-offensive,0.8434349298477173,False
2024-11-20,HP-IND-006,5,"The camera quality is outstanding, perfect for everyday photography.",positive,0.4490591287612915,0.5,0.6009954280279384,"{""very negative"": 0.025144625455141068, ""neutral"": 0.08400725573301315, ""positive"": 0.4490591287612915, ""very positive"": 0.41047510504722595}",admiration,"{""admiration"": 0.9424173831939697}","[{""label"": ""admiration"", ""score"": 0.9424173831939697}, {""label"": ""approval"", ""score"": 0.058339230716228485}, {""label"": ""neutral"", ""score"": 0.0315530002117157}, {""label"": ""gratitude"", ""score"": 0.010911427438259125}, {""label"": ""realization"", ""score"": 0.006474080961197615}]",irony,0.561927080154419,True,non-offensive,0.924063503742218,False
2025-01-02,RF-IND-008,2,Terrible experience. Product stopped working within a week of purchase.,very negative,0.49440306425094604,-1.0,-0.6392283390705386,"{""very negative"": 0.49440306425094604, ""neutral"": 0.08719932287931442, ""positive"": 0.01936017908155918, ""very positive"": 0.01936017908155918}",sadness,"{""sadness"": 0.39730533957481384}","[{""label"": ""sadness"", ""score"": 0.39730533957481384}, {""label"": ""fear"", ""score"": 0.2838751971721649}, {""label"": ""disappointment"", ""score"": 0.2159164994955063}, {""label"": ""nervousness"", ""score"": 0.041859596967697144}, {""label"": ""annoyance"", ""score"": 0.027089202776551247}]",non_irony,0.8665359616279602,False,non-offensive,0.810444176197052,False
2025-02-03,WM-IND-004,3,"Produit moyen, rien de special. Correct pour le prix.",neutral,0.5150242447853088,0.0,-0.05506495812182074,"{""very negative"": 0.06442885845899582, ""neutral"": 0.5150242447853088, ""positive"": 0.053058139979839325, ""very positive"": 0.03008083999156952}","neutral,approval","{""neutral"": 0.7311878800392151, ""approval"": 0.37109485268592834}","[{""label"": ""neutral"", ""score"": 0.7311878800392151}, {""label"": ""approval"", ""score"": 0.37109485268592834}, {""label"": ""realization"", ""score"": 0.009801529347896576}, {""label"": ""disapproval"", ""score"": 0.0073822857812047005}, {""label"": ""optimism"", ""score"": 0.0072937230579555035}]",non_irony,0.9293095469474792,False,non-offensive,0.8186534643173218,False
2024-10-14,LP-IND-003,5,Absolutely love this product! The build quality is exceptional and performance exceeds expectations.,positive,0.7471796870231628,0.5,0.7025448596220167,"{""very negative"": 0.015530555509030819, ""neutral"": 0.036719899624586105, ""positive"": 0.7471796870231628, ""very positive"": 0.7471796870231628}","admiration,love","{""admiration"": 0.8205865025520325, ""love"": 0.7115253806114197}","[{""label"": ""admiration"", ""score"": 0.8205865025520325}, {""label"": ""love"", ""score"": 0.7115253806114197}, {""label"": ""approval"", ""score"": 0.04455780237913132}, {""label"": ""gratitude"", ""score"": 0.016261670738458633}, {""label"": ""optimism"", ""score"": 0.009366675280034542}]",non_irony,0.8729540109634399,False,non-offensive,0.9555073380470276,False
2025-02-25,TB-IND-007,5,Setup was a breeze. Works perfectly right out of the box.,positive,0.7648035287857056,0.5,0.47922752030908433,"{""very negative"": 0.018615633249282837, ""neutral"": 0.0714670941233635, ""positive"": 0.7648035287857056, ""very positive"": 0.12313982099294662}",approval,"{""approval"": 0.4734435975551605}","[{""label"": ""approval"", ""score"": 0.4734435975551605}, {""label"": ""neutral"", ""score"": 0.22926150262355804}, {""label"": ""admiration"", ""score"": 0.15972226858139038}, {""label"": ""joy"", ""score"": 0.12473662942647934}, {""label"": ""realization"", ""score"": 0.03085273876786232}]",non_irony,0.7767495512962341,False,non-offensive,0.8942966461181641,False
2025-01-05,MB-IND-002,3,"Average performance. Some features are good, others need improvement.",positive,0.61644446849823,0.5,0.34826672452702356,"{""very negative"": 0.025447191670536995, ""neutral"": 0.1476220041513443, ""positive"": 0.61644446849823, ""very positive"": 0.021131806075572968}","approval,admiration","{""approval"": 0.6711743474006653, ""admiration"": 0.3304252624511719}","[{""label"": ""approval"", ""score"": 0.6711743474006653}, {""label"": ""admiration"", ""score"": 0.3304252624511719}, {""label"": ""neutral"", ""score"": 0.1314345896244049}, {""label"": ""optimism"", ""score"": 0.0660710483789444}, {""label"": ""realization"", ""score"": 0.028510229662060738}]",non_irony,0.9071303606033325,False,non-offensive,0.930716335773468,False
2025-02-28,TV-IND-001,2,What a fantastic feature - random shutdowns keep life exciting and unpredictable!,positive,0.5706542134284973,0.5,0.649035807029748,"{""very negative"": 0.027282441034913063, ""neutral"": 0.05992436781525612, ""positive"": 0.5706542134284973, ""very positive"": 0.5706542134284973}","excitement,admiration","{""excitement"": 0.6452254056930542, ""admiration"": 0.5212389230728149}","[{""label"": ""excitement"", ""score"": 0.6452254056930542}, {""label"": ""admiration"", ""score"": 0.5212389230728149}, {""label"": ""joy"", ""score"": 0.09005238115787506}, {""label"": ""curiosity"", ""score"": 0.03715738654136658}, {""label"": ""approval"", ""score"": 0.03235604241490364}]",irony,0.9249007105827332,True,non-offensive,0.9284485578536987,False
2025-02-18,LP-IND-003,3,"Sehr gutes Produkt, schnelle Lieferung und tolle Qualitat. Empfehlenswert!",positive,0.5607585906982422,0.5,0.63179622013243,"{""very negative"": 0.019466347992420197, ""neutral"": 0.01999477855861187, ""positive"": 0.5607585906982422, ""very positive"": 0.3811355233192444}",neutral,"{""neutral"": 0.9314554929733276}","[{""label"": ""neutral"", ""score"": 0.9314554929733276}, {""label"": ""approval"", ""score"": 0.03372388705611229}, {""label"": ""annoyance"", ""score"": 0.009257086552679539}, {""label"": ""admiration"", ""score"": 0.006478950381278992}, {""label"": ""realization"", ""score"": 0.0048216269351542}]",non_irony,0.9127270579338074,False,non-offensive,0.7963050007820129,False
2025-02-20,WM-IND-004,5,Energy efficient and very quiet operation. Highly recommend!,positive,0.7586772441864014,0.5,0.5307734316802475,"{""very negative"": 0.016845209524035454, ""neutral"": 0.03081432357430458, ""positive"": 0.7586772441864014, ""very positive"": 0.17657209932804108}",admiration,"{""admiration"": 0.8203734159469604}","[{""label"": ""admiration"", ""score"": 0.8203734159469604}, {""label"": ""approval"", ""score"": 0.24129898846149445}, {""label"": ""gratitude"", ""score"": 0.08020996302366257}, {""label"": ""neutral"", ""score"": 0.031993474811315536}, {""label"": ""optimism"", ""score"": 0.015411066822707653}]",non_irony,0.5187515020370483,False,non-offensive,0.9350569248199463,False
2025-03-03,RF-IND-008,3,It is okay. Works as expected but nothing special compared to competitors.,positive,0.4286438226699829,0.5,0.3626781987528287,"{""very negative"": 0.015589638613164425, ""neutral"": 0.0978032648563385, ""positive"": 0.4286438226699829, ""very positive"": 0.017732756212353706}",approval,"{""approval"": 0.8651418089866638}","[{""label"": ""approval"", ""score"": 0.8651418089866638}, {""label"": ""neutral"", ""score"": 0.11388786137104034}, {""label"": ""realization"", ""score"": 0.024218831211328506}, {""label"": ""optimism"", ""score"": 0.014182043261826038}, {""label"": ""annoyance"", ""score"": 0.013593513518571854}]",non_irony,0.8429244756698608,False,non-offensive,0.9375155568122864,False
2024-12-30,RF-IND-008,2,Software is buggy and crashes frequently. Needs serious updates.,very negative,0.16292156279087067,-1.0,-0.549398270482279,"{""very negative"": 0.16292156279087067, ""neutral"": 0.038247622549533844, ""positive"": 0.017066175118088722, ""very positive"": 0.017066175118088722}",annoyance,"{""annoyance"": 0.35407698154449463}","[{""label"": ""annoyance"", ""score"": 0.35407698154449463}, {""label"": ""disappointment"", ""score"": 0.2594839036464691}, {""label"": ""neutral"", ""score"": 0.24903368949890137}, {""label"": ""disapproval"", ""score"": 0.0876527801156044}, {""label"": ""approval"", ""score"": 0.08709853142499924}]",non_irony,0.9079406261444092,False,non-offensive,0.7005749940872192,False
2024-11-22,WM-IND-004,3,"Average performance. Some features are good, others need improvement.",positive,0.61644446849823,0.5,0.34826672452702356,"{""very negative"": 0.025447191670536995, ""neutral"": 0.1476220041513443, ""positive"": 0.61644446849823, ""very positive"": 0.021131806075572968}","approval,admiration","{""approval"": 0.6711743474006653, ""admiration"": 0.3304252624511719}","[{""label"": ""approval"", ""score"": 0.6711743474006653}, {""label"": ""admiration"", ""score"": 0.3304252624511719}, {""label"": ""neutral"", ""score"": 0.1314345896244049}, {""label"": ""optimism"", ""score"": 0.0660710483789444}, {""label"": ""realization"", ""score"": 0.028510229662060738}]",non_irony,0.9071303606033325,False,non-offensive,0.930716335773468,False
2025-01-07,HP-IND-006,2,Software is buggy and crashes frequently. Needs serious updates.,very negative,0.16292156279087067,-1.0,-0.549398270482279,"{""very negative"": 0.16292156279087067, ""neutral"": 0.038247622549533844, ""positive"": 0.017066175118088722, ""very positive"": 0.017066175118088722}",annoyance,"{""annoyance"": 0.35407698154449463}","[{""label"": ""annoyance"", ""score"": 0.35407698154449463}, {""label"": ""disappointment"", ""score"": 0.2594839036464691}, {""label"": ""neutral"", ""score"": 0.24903368949890137}, {""label"": ""disapproval"", ""score"": 0.0876527801156044}, {""label"": ""approval"", ""score"": 0.08709853142499924}]",non_irony,0.9079406261444092,False,non-offensive,0.7005749940872192,False
2025-03-06,LP-IND-003,1,Sound quality is tinny and distorted at higher volumes. Not acceptable.,very negative,0.12479760497808456,-1.0,-0.493778516965209,"{""very negative"": 0.12479760497808456, ""neutral"": 0.04836035519838333, ""positive"": 0.01610911823809147, ""very positive"": 0.01610911823809147}",disapproval,"{""disapproval"": 0.7381646633148193}","[{""label"": ""disapproval"", ""score"": 0.7381646633148193}, {""label"": ""annoyance"", ""score"": 0.21084058284759521}, {""label"": ""neutral"", ""score"": 0.112130306661129}, {""label"": ""disappointment"", ""score"": 0.06412441283464432}, {""label"": ""approval"", ""score"": 0.023751674219965935}]",non_irony,0.9257212281227112,False,non-offensive,0.7237016558647156,False
2024-11-08,RF-IND-008,2,Customer service is non-existent. Been waiting 3 weeks for a response.,very negative,0.4578317105770111,-1.0,-0.579201002717572,"{""very negative"": 0.4578317105770111, ""neutral"": 0.15317650139331818, ""positive"": 0.025456801056861877, ""very positive"": 0.025456801056861877}","disappointment,annoyance","{""disappointment"": 0.5341309905052185, ""annoyance"": 0.31432658433914185}","[{""label"": ""disappointment"", ""score"": 0.5341309905052185}, {""label"": ""annoyance"", ""score"": 0.31432658433914185}, {""label"": ""neutral"", ""score"": 0.20545412600040436}, {""label"": ""disapproval"", ""score"": 0.15114009380340576}, {""label"": ""sadness"", ""score"": 0.023914506658911705}]",non_irony,0.6569333672523499,False,non-offensive,0.8544687032699585,False
2025-02-24,TV-IND-001,4,Excellent cooling performance even during peak summer. Very satisfied.,positive,0.7707273960113525,0.5,0.5362639801740339,"{""very negative"": 0.014967979863286018, ""neutral"": 0.02442777529358864, ""positive"": 0.7707273960113525, ""very positive"": 0.17155218124389648}",admiration,"{""admiration"": 0.9331638216972351}","[{""label"": ""admiration"", ""score"": 0.9331638216972351}, {""label"": ""approval"", ""score"": 0.07154010981321335}, {""label"": ""gratitude"", ""score"": 0.04528460651636124}, {""label"": ""neutral"", ""score"": 0.019264668226242065}, {""label"": ""joy"", ""score"": 0.010110114701092243}]",non_irony,0.602388322353363,False,non-offensive,0.9177484512329102,False
2024-12-10,LP-IND-003,5,Customer service was amazing. They resolved my query within minutes.,positive,0.6071091294288635,0.5,0.5974647468222958,"{""very negative"": 0.017765464261174202, ""neutral"": 0.03513293340802193, ""positive"": 0.6071091294288635, ""very positive"": 0.31808170676231384}",admiration,"{""admiration"": 0.9301038980484009}","[{""label"": ""admiration"", ""score"": 0.9301038980484009}, {""label"": ""approval"", ""score"": 0.06624912470579147}, {""label"": ""neutral"", ""score"": 0.026406768709421158}, {""label"": ""excitement"", ""score"": 0.022681886330246925}, {""label"": ""joy"", ""score"": 0.018670279532670975}]",irony,0.8352649807929993,True,non-offensive,0.9490030407905579,False
2025-02-02,HP-IND-006,5,"Screen resolution is crystal clear, perfect for streaming and gaming.",positive,0.392398476600647,0.5,0.542207413406494,"{""very negative"": 0.025593694299459457, ""neutral"": 0.16940507292747498, ""positive"": 0.392398476600647, ""very positive"": 0.38130703568458557}",approval,"{""approval"": 0.5070986747741699}","[{""label"": ""approval"", ""score"": 0.5070986747741699}, {""label"": ""neutral"", ""score"": 0.2965473234653473}, {""label"": ""admiration"", ""score"": 0.2750425338745117}, {""label"": ""realization"", ""score"": 0.009711122140288353}, {""label"": ""optimism"", ""score"": 0.009128984063863754}]",irony,0.6862936615943909,True,non-offensive,0.9093480110168457,False
2024-12-25,RF-IND-008,3,The camera is absolutely stunning but the battery life is a real letdown. Screen quality is decent though.,very negative,0.10432986915111542,-1.0,-0.45428586728316794,"{""very negative"": 0.10432986915111542, ""neutral"": 0.04633806273341179, ""positive"": 0.020227625966072083, ""very positive"": 0.014680723659694195}","admiration,disappointment","{""admiration"": 0.7581881284713745, ""disappointment"": 0.40491002798080444}","[{""label"": ""admiration"", ""score"": 0.7581881284713745}, {""label"": ""disappointment"", ""score"": 0.40491002798080444}, {""label"": ""disapproval"", ""score"": 0.04816196858882904}, {""label"": ""annoyance"", ""score"": 0.04007705673575401}, {""label"": ""sadness"", ""score"": 0.03249528631567955}]",non_irony,0.7837050557136536,False,non-offensive,0.8634015321731567,False
2025-03-11,WM-IND-004,2,"Battery drains extremely fast, barely lasts 4 hours. Very disappointed.",very negative,0.6408287286758423,-1.0,-0.693952186917115,"{""very negative"": 0.6408287286758423, ""neutral"": 0.027352793142199516, ""positive"": 0.018346326425671577, ""very positive"": 0.01826965995132923}",disappointment,"{""disappointment"": 0.8434377312660217}","[{""label"": ""disappointment"", ""score"": 0.8434377312660217}, {""label"": ""annoyance"", ""score"": 0.10580381751060486}, {""label"": ""neutral"", ""score"": 0.10369166731834412}, {""label"": ""disapproval"", ""score"": 0.08525507897138596}, {""label"": ""sadness"", ""score"": 0.06935909390449524}]",non_irony,0.9296731352806091,False,non-offensive,0.7599592208862305,False
2025-02-09,LP-IND-003,3,It is an acceptable product. Neither great nor terrible overall.,neutral,0.6794472932815552,0.0,0.11969010975899572,"{""very negative"": 0.021728726103901863, ""neutral"": 0.6794472932815552, ""positive"": 0.24736584722995758, ""very positive"": 0.028446754440665245}",approval,"{""approval"": 0.8612683415412903}","[{""label"": ""approval"", ""score"": 0.8612683415412903}, {""label"": ""admiration"", ""score"": 0.13370481133460999}, {""label"": ""neutral"", ""score"": 0.05180679261684418}, {""label"": ""disapproval"", ""score"": 0.02096419222652912}, {""label"": ""realization"", ""score"": 0.014821445569396019}]",non_irony,0.9514107704162598,False,non-offensive,0.8791451454162598,False
2024-10-21,MB-IND-002,2,Build quality is cheap and flimsy. Does not feel worth the price at all.,very negative,0.14990851283073425,-1.0,-0.560529625903086,"{""very negative"": 0.14990851283073425, ""neutral"": 0.028574587777256966, ""positive"": 0.015562235377728939, ""very positive"": 0.015562235377728939}",disapproval,"{""disapproval"": 0.5688949823379517}","[{""label"": ""disapproval"", ""score"": 0.5688949823379517}, {""label"": ""annoyance"", ""score"": 0.26531776785850525}, {""label"": ""disappointment"", ""score"": 0.19667105376720428}, {""label"": ""neutral"", ""score"": 0.17501303553581238}, {""label"": ""approval"", ""score"": 0.019899286329746246}]",non_irony,0.9473848938941956,False,non-offensive,0.6788666248321533,False
2025-01-19,WM-IND-004,4,"Durability is impressive, been using for 6 months with zero issues.",positive,0.8207300305366516,0.5,0.47055570951936276,"{""very negative"": 0.01670188084244728, ""neutral"": 0.05924329534173012, ""positive"": 0.8207300305366516, ""very positive"": 0.0840175449848175}",admiration,"{""admiration"": 0.901075005531311}","[{""label"": ""admiration"", ""score"": 0.901075005531311}, {""label"": ""approval"", ""score"": 0.09503141790628433}, {""label"": ""neutral"", ""score"": 0.046847887337207794}, {""label"": ""realization"", ""score"": 0.013351649045944214}, {""label"": ""gratitude"", ""score"": 0.0120680071413517}]",irony,0.8547757267951965,True,non-offensive,0.930757999420166,False
2025-02-21,TV-IND-001,3,Product is fine for basic use but power users might find it limiting.,neutral,0.2278260439634323,0.0,0.13598060049171318,"{""very negative"": 0.017182493582367897, ""neutral"": 0.2278260439634323, ""positive"": 0.11778126657009125, ""very positive"": 0.021471703425049782}","neutral,approval","{""neutral"": 0.6480686068534851, ""approval"": 0.39360511302948}","[{""label"": ""neutral"", ""score"": 0.6480686068534851}, {""label"": ""approval"", ""score"": 0.39360511302948}, {""label"": ""realization"", ""score"": 0.027473531663417816}, {""label"": ""optimism"", ""score"": 0.021502286195755005}, {""label"": ""disapproval"", ""score"": 0.013942357152700424}]",non_irony,0.6216647624969482,False,non-offensive,0.8438470363616943,False
2024-12-27,AC-IND-005,1,The battery dies faster than my enthusiasm for this brand. Remarkable achievement!,positive,0.7221293449401855,0.5,0.7025799770686348,"{""very negative"": 0.0158077459782362, ""neutral"": 0.03211413696408272, ""positive"": 0.7221293449401855, ""very positive"": 0.7221293449401855}",admiration,"{""admiration"": 0.9155632853507996}","[{""label"": ""admiration"", ""score"": 0.9155632853507996}, {""label"": ""approval"", ""score"": 0.058518778532743454}, {""label"": ""excitement"", ""score"": 0.057543788105249405}, {""label"": ""neutral"", ""score"": 0.024362027645111084}, {""label"": ""surprise"", ""score"": 0.020907849073410034}]",irony,0.943659245967865,True,non-offensive,0.8459072709083557,False
2025-03-01,HP-IND-006,1,Bluetooth connectivity drops every few minutes. Extremely frustrating.,very negative,0.6028462648391724,-1.0,-0.6743283178692285,"{""very negative"": 0.6028462648391724, ""neutral"": 0.050933293998241425, ""positive"": 0.02046809531748295, ""very positive"": 0.019622648134827614}",annoyance,"{""annoyance"": 0.755325436592102}","[{""label"": ""annoyance"", ""score"": 0.755325436592102}, {""label"": ""anger"", ""score"": 0.23799586296081543}, {""label"": ""neutral"", ""score"": 0.06979986280202866}, {""label"": ""disappointment"", ""score"": 0.05000713840126991}, {""label"": ""disapproval"", ""score"": 0.037070609629154205}]",irony,0.6903656721115112,True,non-offensive,0.7488885521888733,False
2024-11-01,MB-IND-002,2,Wash quality is superb and very gentle on clothes. But the spin cycle is noisy and takes too long.,neutral,0.12252725660800934,0.0,-0.08810374244550431,"{""very negative"": 0.028522823005914688, ""neutral"": 0.12252725660800934, ""positive"": 0.025434179231524467, ""very positive"": 0.011033188551664352}","neutral,admiration","{""neutral"": 0.3840573728084564, ""admiration"": 0.34550753235816956}","[{""label"": ""neutral"", ""score"": 0.3840573728084564}, {""label"": ""admiration"", ""score"": 0.34550753235816956}, {""label"": ""approval"", ""score"": 0.09356952458620071}, {""label"": ""disappointment"", ""score"": 0.0653710588812828}, {""label"": ""annoyance"", ""score"": 0.05638834461569786}]",irony,0.6539191007614136,True,non-offensive,0.8536752462387085,False
2024-11-23,HP-IND-006,4,"Fast delivery, great packaging, and the product works flawlessly.",positive,0.6741796135902405,0.5,0.5512896068214521,"{""very negative"": 0.01956154778599739, ""neutral"": 0.04252088442444801, ""positive"": 0.6741796135902405, ""very positive"": 0.24276283383369446}",admiration,"{""admiration"": 0.9123939275741577}","[{""label"": ""admiration"", ""score"": 0.9123939275741577}, {""label"": ""approval"", ""score"": 0.11531123518943787}, {""label"": ""neutral"", ""score"": 0.05167611688375473}, {""label"": ""gratitude"", ""score"": 0.016645468771457672}, {""label"": ""realization"", ""score"": 0.009102078154683113}]",irony,0.6614562273025513,True,non-offensive,0.9098259210586548,False
2025-01-22,MB-IND-002,5,Best purchase I have made this year. Great value for money and excellent features.,positive,0.44873490929603577,0.5,0.5963910590069607,"{""very negative"": 0.028467901051044464, ""neutral"": 0.07443559914827347, ""positive"": 0.44873490929603577, ""very positive"": 0.40708863735198975}",admiration,"{""admiration"": 0.947281539440155}","[{""label"": ""admiration"", ""score"": 0.947281539440155}, {""label"": ""approval"", ""score"": 0.04991918429732323}, {""label"": ""gratitude"", ""score"": 0.017717011272907257}, {""label"": ""neutral"", ""score"": 0.016094906255602837}, {""label"": ""realization"", ""score"": 0.006029242649674416}]",non_irony,0.6735737919807434,False,non-offensive,0.953192949295044,False
2025-02-05,MB-IND-002,2,Overheats constantly during normal usage. Had to return it.,neutral,0.11558523774147034,0.0,-0.36611235721466906,"{""very negative"": 0.10191556066274643, ""neutral"": 0.11558523774147034, ""positive"": 0.016096526756882668, ""very positive"": 0.016096526756882668}",neutral,"{""neutral"": 0.9388406872749329}","[{""label"": ""neutral"", ""score"": 0.9388406872749329}, {""label"": ""approval"", ""score"": 0.02460838295519352}, {""label"": ""annoyance"", ""score"": 0.019031492993235588}, {""label"": ""realization"", ""score"": 0.016972018405795097}, {""label"": ""disappointment"", ""score"": 0.011426879093050957}]",non_irony,0.9186547994613647,False,non-offensive,0.881855309009552,False
2024-11-16,RF-IND-008,4,"The camera quality is outstanding, perfect for everyday photography.",positive,0.4490591287612915,0.5,0.6009954280279384,"{""very negative"": 0.025144625455141068, ""neutral"": 0.08400725573301315, ""positive"": 0.4490591287612915, ""very positive"": 0.41047510504722595}",admiration,"{""admiration"": 0.9424173831939697}","[{""label"": ""admiration"", ""score"": 0.9424173831939697}, {""label"": ""approval"", ""score"": 0.058339230716228485}, {""label"": ""neutral"", ""score"": 0.0315530002117157}, {""label"": ""gratitude"", ""score"": 0.010911427438259125}, {""label"": ""realization"", ""score"": 0.006474080961197615}]",irony,0.561927080154419,True,non-offensive,0.924063503742218,False
2024-12-08,LP-IND-003,1,After 3 months the motor started making grinding noises. Poor quality.,very negative,0.21506524085998535,-1.0,-0.5608611558829494,"{""very negative"": 0.21506524085998535, ""neutral"": 0.06599922478199005, ""positive"": 0.018860796466469765, ""very positive"": 0.0155870970338583}","disappointment,neutral","{""disappointment"": 0.5225762724876404, ""neutral"": 0.32229286432266235}","[{""label"": ""disappointment"", ""score"": 0.5225762724876404}, {""label"": ""neutral"", ""score"": 0.32229286432266235}, {""label"": ""annoyance"", ""score"": 0.204111248254776}, {""label"": ""sadness"", ""score"": 0.08719734847545624}, {""label"": ""disapproval"", ""score"": 0.04562728479504585}]",non_irony,0.6407272219657898,False,non-offensive,0.7529452443122864,False
2025-01-31,TV-IND-001,3,"Performance is blazing fast and battery lasts all day, but the camera struggles in low light.",neutral,0.22503750026226044,0.0,0.04969891873383892,"{""very negative"": 0.02442760020494461, ""neutral"": 0.22503750026226044, ""positive"": 0.07423778623342514, ""very positive"": 0.017704090103507042}","neutral,admiration","{""neutral"": 0.5054706335067749, ""admiration"": 0.3082411289215088}","[{""label"": ""neutral"", ""score"": 0.5054706335067749}, {""label"": ""admiration"", ""score"": 0.3082411289215088}, {""label"": ""approval"", ""score"": 0.08437317609786987}, {""label"": ""disappointment"", ""score"": 0.061942923814058304}, {""label"": ""realization"", ""score"": 0.027526095509529114}]",non_irony,0.705230712890625,False,non-offensive,0.8822543025016785,False
2024-11-06,MB-IND-002,2,Storage capacity is generous but the app crashes frequently when transferring large files.,neutral,0.21944527328014374,0.0,-0.016317923227209753,"{""very negative"": 0.026355694979429245, ""neutral"": 0.21944527328014374, ""positive"": 0.028247667476534843, ""very positive"": 0.02017846331000328}","neutral,disappointment","{""neutral"": 0.565437376499176, ""disappointment"": 0.34233924746513367}","[{""label"": ""neutral"", ""score"": 0.565437376499176}, {""label"": ""disappointment"", ""score"": 0.34233924746513367}, {""label"": ""disapproval"", ""score"": 0.0853864774107933}, {""label"": ""annoyance"", ""score"": 0.07664201408624649}, {""label"": ""approval"", ""score"": 0.055152952671051025}]",non_irony,0.8343307971954346,False,non-offensive,0.7884221076965332,False
2024-10-06,HP-IND-006,5,Excellent cooling performance even during peak summer. Very satisfied.,positive,0.7707273960113525,0.5,0.5362639801740339,"{""very negative"": 0.014967979863286018, ""neutral"": 0.02442777529358864, ""positive"": 0.7707273960113525, ""very positive"": 0.17155218124389648}",admiration,"{""admiration"": 0.9331638216972351}","[{""label"": ""admiration"", ""score"": 0.9331638216972351}, {""label"": ""approval"", ""score"": 0.07154010981321335}, {""label"": ""gratitude"", ""score"": 0.04528460651636124}, {""label"": ""neutral"", ""score"": 0.019264668226242065}, {""label"": ""joy"", ""score"": 0.010110114701092243}]",non_irony,0.602388322353363,False,non-offensive,0.9177484512329102,False
2024-12-20,MB-IND-002,4,The processor handles multitasking effortlessly. No lag whatsoever.,neutral,0.7597368359565735,0.0,0.00797338825580054,"{""very negative"": 0.045921143144369125, ""neutral"": 0.7597368359565735, ""positive"": 0.05292467027902603, ""very positive"": 0.05003025010228157}","admiration,approval,neutral","{""admiration"": 0.3868221342563629, ""approval"": 0.3720160722732544, ""neutral"": 0.3502216339111328}","[{""label"": ""admiration"", ""score"": 0.3868221342563629}, {""label"": ""approval"", ""score"": 0.3720160722732544}, {""label"": ""neutral"", ""score"": 0.3502216339111328}, {""label"": ""realization"", ""score"": 0.014902401715517044}, {""label"": ""pride"", ""score"": 0.008550484664738178}]",irony,0.5463454127311707,True,non-offensive,0.8667475581169128,False
2025-01-09,RF-IND-008,3,Storage capacity is generous but the app crashes frequently when transferring large files.,neutral,0.21944527328014374,0.0,-0.016317923227209753,"{""very negative"": 0.026355694979429245, ""neutral"": 0.21944527328014374, ""positive"": 0.028247667476534843, ""very positive"": 0.02017846331000328}","neutral,disappointment","{""neutral"": 0.565437376499176, ""disappointment"": 0.34233924746513367}","[{""label"": ""neutral"", ""score"": 0.565437376499176}, {""label"": ""disappointment"", ""score"": 0.34233924746513367}, {""label"": ""disapproval"", ""score"": 0.0853864774107933}, {""label"": ""annoyance"", ""score"": 0.07664201408624649}, {""label"": ""approval"", ""score"": 0.055152952671051025}]",non_irony,0.8343307971954346,False,non-offensive,0.7884221076965332,False
2024-12-28,RF-IND-008,3,Product is fine for basic use but power users might find it limiting.,neutral,0.2278260439634323,0.0,0.13598060049171318,"{""very negative"": 0.017182493582367897, ""neutral"": 0.2278260439634323, ""positive"": 0.11778126657009125, ""very positive"": 0.021471703425049782}","neutral,approval","{""neutral"": 0.6480686068534851, ""approval"": 0.39360511302948}","[{""label"": ""neutral"", ""score"": 0.6480686068534851}, {""label"": ""approval"", ""score"": 0.39360511302948}, {""label"": ""realization"", ""score"": 0.027473531663417816}, {""label"": ""optimism"", ""score"": 0.021502286195755005}, {""label"": ""disapproval"", ""score"": 0.013942357152700424}]",non_irony,0.6216647624969482,False,non-offensive,0.8438470363616943,False
2025-03-07,TB-IND-007,5,Absolutely love this product! The build quality is exceptional and performance exceeds expectations.,positive,0.7471796870231628,0.5,0.7025448596220167,"{""very negative"": 0.015530555509030819, ""neutral"": 0.036719899624586105, ""positive"": 0.7471796870231628, ""very positive"": 0.7471796870231628}","admiration,love","{""admiration"": 0.8205865025520325, ""love"": 0.7115253806114197}","[{""label"": ""admiration"", ""score"": 0.8205865025520325}, {""label"": ""love"", ""score"": 0.7115253806114197}, {""label"": ""approval"", ""score"": 0.04455780237913132}, {""label"": ""gratitude"", ""score"": 0.016261670738458633}, {""label"": ""optimism"", ""score"": 0.009366675280034542}]",non_irony,0.8729540109634399,False,non-offensive,0.9555073380470276,False
2024-11-22,LP-IND-003,5,The smart features are intuitive and the app integration works seamlessly.,positive,0.8389089703559875,0.5,0.49421363552263087,"{""very negative"": 0.015078968368470669, ""neutral"": 0.0321933850646019, ""positive"": 0.8389089703559875, ""very positive"": 0.09604666382074356}",approval,"{""approval"": 0.7188327312469482}","[{""label"": ""approval"", ""score"": 0.7188327312469482}, {""label"": ""neutral"", ""score"": 0.23967300355434418}, {""label"": ""admiration"", ""score"": 0.1221417710185051}, {""label"": ""realization"", ""score"": 0.02103411592543125}, {""label"": ""optimism"", ""score"": 0.010465051047503948}]",irony,0.6668115258216858,True,non-offensive,0.9256442189216614,False
2024-10-25,HP-IND-006,1,Overheats constantly during normal usage. Had to return it.,neutral,0.11558523774147034,0.0,-0.36611235721466906,"{""very negative"": 0.10191556066274643, ""neutral"": 0.11558523774147034, ""positive"": 0.016096526756882668, ""very positive"": 0.016096526756882668}",neutral,"{""neutral"": 0.9388406872749329}","[{""label"": ""neutral"", ""score"": 0.9388406872749329}, {""label"": ""approval"", ""score"": 0.02460838295519352}, {""label"": ""annoyance"", ""score"": 0.019031492993235588}, {""label"": ""realization"", ""score"": 0.016972018405795097}, {""label"": ""disappointment"", ""score"": 0.011426879093050957}]",non_irony,0.9186547994613647,False,non-offensive,0.881855309009552,False
2024-11-23,MB-IND-002,5,"Great design, sleek and modern. Fits perfectly in my living room.",positive,0.5736238956451416,0.5,0.6753709677943955,"{""very negative"": 0.01719159446656704, ""neutral"": 0.05420605093240738, ""positive"": 0.5736238956451416, ""very positive"": 0.5736238956451416}",admiration,"{""admiration"": 0.9285853505134583}","[{""label"": ""admiration"", ""score"": 0.9285853505134583}, {""label"": ""approval"", ""score"": 0.09943830966949463}, {""label"": ""neutral"", ""score"": 0.02816888317465782}, {""label"": ""gratitude"", ""score"": 0.008972597308456898}, {""label"": ""realization"", ""score"": 0.006490301340818405}]",non_irony,0.6408451795578003,False,non-offensive,0.9143792986869812,False
2025-02-21,WM-IND-004,3,"Produit de mauvaise qualite, je suis tres decu. Ne recommande pas.",very negative,0.376915842294693,-1.0,-0.6515037909879426,"{""very negative"": 0.376915842294693, ""neutral"": 0.02833167091012001, ""positive"": 0.024450555443763733, ""very positive"": 0.01673412136733532}",neutral,"{""neutral"": 0.9460828304290771}","[{""label"": ""neutral"", ""score"": 0.9460828304290771}, {""label"": ""approval"", ""score"": 0.029701441526412964}, {""label"": ""disapproval"", ""score"": 0.009891659021377563}, {""label"": ""realization"", ""score"": 0.00757063552737236}, {""label"": ""annoyance"", ""score"": 0.006734327878803015}]",non_irony,0.8884108662605286,False,non-offensive,0.8112044930458069,False
2024-10-02,TV-IND-001,3,Mixed feelings about this. Good hardware but software needs work.,neutral,0.3529156744480133,0.0,-0.0007012398408806531,"{""very negative"": 0.02983071096241474, ""neutral"": 0.3529156744480133, ""positive"": 0.04370034858584404, ""very positive"": 0.022560112178325653}","approval,admiration","{""approval"": 0.6612764596939087, ""admiration"": 0.3483160436153412}","[{""label"": ""approval"", ""score"": 0.6612764596939087}, {""label"": ""admiration"", ""score"": 0.3483160436153412}, {""label"": ""love"", ""score"": 0.05935299023985863}, {""label"": ""neutral"", ""score"": 0.03666551783680916}, {""label"": ""confusion"", ""score"": 0.03289495036005974}]",non_irony,0.8888905644416809,False,non-offensive,0.8927906155586243,False
2025-01-21,TV-IND-001,3,Product is fine for basic use but power users might find it limiting.,neutral,0.2278260439634323,0.0,0.13598060049171318,"{""very negative"": 0.017182493582367897, ""neutral"": 0.2278260439634323, ""positive"": 0.11778126657009125, ""very positive"": 0.021471703425049782}","neutral,approval","{""neutral"": 0.6480686068534851, ""approval"": 0.39360511302948}","[{""label"": ""neutral"", ""score"": 0.6480686068534851}, {""label"": ""approval"", ""score"": 0.39360511302948}, {""label"": ""realization"", ""score"": 0.027473531663417816}, {""label"": ""optimism"", ""score"": 0.021502286195755005}, {""label"": ""disapproval"", ""score"": 0.013942357152700424}]",non_irony,0.6216647624969482,False,non-offensive,0.8438470363616943,False
2024-11-04,AC-IND-005,5,"The camera quality is outstanding, perfect for everyday photography.",positive,0.4490591287612915,0.5,0.6009954280279384,"{""very negative"": 0.025144625455141068, ""neutral"": 0.08400725573301315, ""positive"": 0.4490591287612915, ""very positive"": 0.41047510504722595}",admiration,"{""admiration"": 0.9424173831939697}","[{""label"": ""admiration"", ""score"": 0.9424173831939697}, {""label"": ""approval"", ""score"": 0.058339230716228485}, {""label"": ""neutral"", ""score"": 0.0315530002117157}, {""label"": ""gratitude"", ""score"": 0.010911427438259125}, {""label"": ""realization"", ""score"": 0.006474080961197615}]",irony,0.561927080154419,True,non-offensive,0.924063503742218,False
2025-01-16,RF-IND-008,5,"Sehr gutes Produkt, schnelle Lieferung und tolle Qualitat. Empfehlenswert!",positive,0.5607585906982422,0.5,0.63179622013243,"{""very negative"": 0.019466347992420197, ""neutral"": 0.01999477855861187, ""positive"": 0.5607585906982422, ""very positive"": 0.3811355233192444}",neutral,"{""neutral"": 0.9314554929733276}","[{""label"": ""neutral"", ""score"": 0.9314554929733276}, {""label"": ""approval"", ""score"": 0.03372388705611229}, {""label"": ""annoyance"", ""score"": 0.009257086552679539}, {""label"": ""admiration"", ""score"": 0.006478950381278992}, {""label"": ""realization"", ""score"": 0.0048216269351542}]",non_irony,0.9127270579338074,False,non-offensive,0.7963050007820129,False
2025-01-30,HP-IND-006,1,"Battery drains extremely fast, barely lasts 4 hours. Very disappointed.",very negative,0.6408287286758423,-1.0,-0.693952186917115,"{""very negative"": 0.6408287286758423, ""neutral"": 0.027352793142199516, ""positive"": 0.018346326425671577, ""very positive"": 0.01826965995132923}",disappointment,"{""disappointment"": 0.8434377312660217}","[{""label"": ""disappointment"", ""score"": 0.8434377312660217}, {""label"": ""annoyance"", ""score"": 0.10580381751060486}, {""label"": ""neutral"", ""score"": 0.10369166731834412}, {""label"": ""disapproval"", ""score"": 0.08525507897138596}, {""label"": ""sadness"", ""score"": 0.06935909390449524}]",non_irony,0.9296731352806091,False,non-offensive,0.7599592208862305,False
2024-10-10,RF-IND-008,3,"Excelente producto, muy buena calidad y buen precio. Totalmente recomendado.",positive,0.5041067004203796,0.5,0.6816197815857253,"{""very negative"": 0.020635204389691353, ""neutral"": 0.014463076367974281, ""positive"": 0.5041067004203796, ""very positive"": 0.5041067004203796}",neutral,"{""neutral"": 0.6544529795646667}","[{""label"": ""neutral"", ""score"": 0.6544529795646667}, {""label"": ""admiration"", ""score"": 0.23028439283370972}, {""label"": ""approval"", ""score"": 0.12289128452539444}, {""label"": ""disapproval"", ""score"": 0.007028191816061735}, {""label"": ""realization"", ""score"": 0.0057449983432888985}]",non_irony,0.9285407662391663,False,non-offensive,0.7380510568618774,False
2024-11-06,RF-IND-008,2,Bluetooth connectivity drops every few minutes. Extremely frustrating.,very negative,0.6028462648391724,-1.0,-0.6743283178692285,"{""very negative"": 0.6028462648391724, ""neutral"": 0.050933293998241425, ""positive"": 0.02046809531748295, ""very positive"": 0.019622648134827614}",annoyance,"{""annoyance"": 0.755325436592102}","[{""label"": ""annoyance"", ""score"": 0.755325436592102}, {""label"": ""anger"", ""score"": 0.23799586296081543}, {""label"": ""neutral"", ""score"": 0.06979986280202866}, {""label"": ""disappointment"", ""score"": 0.05000713840126991}, {""label"": ""disapproval"", ""score"": 0.037070609629154205}]",irony,0.6903656721115112,True,non-offensive,0.7488885521888733,False
2025-01-18,LP-IND-003,3,Mixed feelings about this. Good hardware but software needs work.,neutral,0.3529156744480133,0.0,-0.0007012398408806531,"{""very negative"": 0.02983071096241474, ""neutral"": 0.3529156744480133, ""positive"": 0.04370034858584404, ""very positive"": 0.022560112178325653}","approval,admiration","{""approval"": 0.6612764596939087, ""admiration"": 0.3483160436153412}","[{""label"": ""approval"", ""score"": 0.6612764596939087}, {""label"": ""admiration"", ""score"": 0.3483160436153412}, {""label"": ""love"", ""score"": 0.05935299023985863}, {""label"": ""neutral"", ""score"": 0.03666551783680916}, {""label"": ""confusion"", ""score"": 0.03289495036005974}]",non_irony,0.8888905644416809,False,non-offensive,0.8927906155586243,False
2025-02-18,TB-IND-007,2,"Produit moyen, rien de special. Correct pour le prix.",neutral,0.5150242447853088,0.0,-0.05506495812182074,"{""very negative"": 0.06442885845899582, ""neutral"": 0.5150242447853088, ""positive"": 0.053058139979839325, ""very positive"": 0.03008083999156952}","neutral,approval","{""neutral"": 0.7311878800392151, ""approval"": 0.37109485268592834}","[{""label"": ""neutral"", ""score"": 0.7311878800392151}, {""label"": ""approval"", ""score"": 0.37109485268592834}, {""label"": ""realization"", ""score"": 0.009801529347896576}, {""label"": ""disapproval"", ""score"": 0.0073822857812047005}, {""label"": ""optimism"", ""score"": 0.0072937230579555035}]",non_irony,0.9293095469474792,False,non-offensive,0.8186534643173218,False
2025-03-15,WM-IND-004,3,"Bahut achha product hai, value for money. Camera bhi bahut accha hai.",positive,0.5882152915000916,0.5,0.4220367277463888,"{""very negative"": 0.0290150735527277, ""neutral"": 0.18226198852062225, ""positive"": 0.5882152915000916, ""very positive"": 0.1714218407869339}",neutral,"{""neutral"": 0.7110043168067932}","[{""label"": ""neutral"", ""score"": 0.7110043168067932}, {""label"": ""approval"", ""score"": 0.15353593230247498}, {""label"": ""admiration"", ""score"": 0.0266432985663414}, {""label"": ""amusement"", ""score"": 0.018048683181405067}, {""label"": ""joy"", ""score"": 0.013174094259738922}]",non_irony,0.8170913457870483,False,non-offensive,0.7812522053718567,False
2025-02-25,RF-IND-008,3,Decent product for the price. Nothing extraordinary but gets the job done.,positive,0.9262930154800415,0.5,0.4699002944402194,"{""very negative"": 0.008937007747590542, ""neutral"": 0.029806025326251984, ""positive"": 0.9262930154800415, ""very positive"": 0.014957997016608715}",admiration,"{""admiration"": 0.8266987204551697}","[{""label"": ""admiration"", ""score"": 0.8266987204551697}, {""label"": ""approval"", ""score"": 0.24115855991840363}, {""label"": ""neutral"", ""score"": 0.08824765682220459}, {""label"": ""realization"", ""score"": 0.015828154981136322}, {""label"": ""gratitude"", ""score"": 0.015294903889298439}]",non_irony,0.8037245869636536,False,non-offensive,0.9300389289855957,False
2025-03-01,MB-IND-002,1,Overheats constantly during normal usage. Had to return it.,neutral,0.11558523774147034,0.0,-0.36611235721466906,"{""very negative"": 0.10191556066274643, ""neutral"": 0.11558523774147034, ""positive"": 0.016096526756882668, ""very positive"": 0.016096526756882668}",neutral,"{""neutral"": 0.9388406872749329}","[{""label"": ""neutral"", ""score"": 0.9388406872749329}, {""label"": ""approval"", ""score"": 0.02460838295519352}, {""label"": ""annoyance"", ""score"": 0.019031492993235588}, {""label"": ""realization"", ""score"": 0.016972018405795097}, {""label"": ""disappointment"", ""score"": 0.011426879093050957}]",non_irony,0.9186547994613647,False,non-offensive,0.881855309009552,False
2025-02-28,WM-IND-004,2,The battery dies faster than my enthusiasm for this brand. Remarkable achievement!,positive,0.7221293449401855,0.5,0.7025799770686348,"{""very negative"": 0.0158077459782362, ""neutral"": 0.03211413696408272, ""positive"": 0.7221293449401855, ""very positive"": 0.7221293449401855}",admiration,"{""admiration"": 0.9155632853507996}","[{""label"": ""admiration"", ""score"": 0.9155632853507996}, {""label"": ""approval"", ""score"": 0.058518778532743454}, {""label"": ""excitement"", ""score"": 0.057543788105249405}, {""label"": ""neutral"", ""score"": 0.024362027645111084}, {""label"": ""surprise"", ""score"": 0.020907849073410034}]",irony,0.943659245967865,True,non-offensive,0.8459072709083557,False
2024-11-15,AC-IND-005,2,Customer service is non-existent. Been waiting 3 weeks for a response.,very negative,0.4578317105770111,-1.0,-0.579201002717572,"{""very negative"": 0.4578317105770111, ""neutral"": 0.15317650139331818, ""positive"": 0.025456801056861877, ""very positive"": 0.025456801056861877}","disappointment,annoyance","{""disappointment"": 0.5341309905052185, ""annoyance"": 0.31432658433914185}","[{""label"": ""disappointment"", ""score"": 0.5341309905052185}, {""label"": ""annoyance"", ""score"": 0.31432658433914185}, {""label"": ""neutral"", ""score"": 0.20545412600040436}, {""label"": ""disapproval"", ""score"": 0.15114009380340576}, {""label"": ""sadness"", ""score"": 0.023914506658911705}]",non_irony,0.6569333672523499,False,non-offensive,0.8544687032699585,False
2025-02-20,HP-IND-006,2,"Produit de mauvaise qualite, je suis tres decu. Ne recommande pas.",very negative,0.376915842294693,-1.0,-0.6515037909879426,"{""very negative"": 0.376915842294693, ""neutral"": 0.02833167091012001, ""positive"": 0.024450555443763733, ""very positive"": 0.01673412136733532}",neutral,"{""neutral"": 0.9460828304290771}","[{""label"": ""neutral"", ""score"": 0.9460828304290771}, {""label"": ""approval"", ""score"": 0.029701441526412964}, {""label"": ""disapproval"", ""score"": 0.009891659021377563}, {""label"": ""realization"", ""score"": 0.00757063552737236}, {""label"": ""annoyance"", ""score"": 0.006734327878803015}]",non_irony,0.8884108662605286,False,non-offensive,0.8112044930458069,False
2025-02-07,WM-IND-004,1,The display has dead pixels and color accuracy is way off.,very negative,0.25316378474235535,-1.0,-0.5860613671830489,"{""very negative"": 0.25316378474235535, ""neutral"": 0.05497826635837555, ""positive"": 0.019282788038253784, ""very positive"": 0.01881624571979046}","disapproval,disappointment","{""disapproval"": 0.385021835565567, ""disappointment"": 0.37208980321884155}","[{""label"": ""disapproval"", ""score"": 0.385021835565567}, {""label"": ""disappointment"", ""score"": 0.37208980321884155}, {""label"": ""neutral"", ""score"": 0.2807086706161499}, {""label"": ""annoyance"", ""score"": 0.21509088575839996}, {""label"": ""realization"", ""score"": 0.022136112675070763}]",non_irony,0.8182896375656128,False,non-offensive,0.7423754334449768,False
2025-02-12,WM-IND-004,3,It is an acceptable product. Neither great nor terrible overall.,neutral,0.6794472932815552,0.0,0.11969010975899572,"{""very negative"": 0.021728726103901863, ""neutral"": 0.6794472932815552, ""positive"": 0.24736584722995758, ""very positive"": 0.028446754440665245}",approval,"{""approval"": 0.8612683415412903}","[{""label"": ""approval"", ""score"": 0.8612683415412903}, {""label"": ""admiration"", ""score"": 0.13370481133460999}, {""label"": ""neutral"", ""score"": 0.05180679261684418}, {""label"": ""disapproval"", ""score"": 0.02096419222652912}, {""label"": ""realization"", ""score"": 0.014821445569396019}]",non_irony,0.9514107704162598,False,non-offensive,0.8791451454162598,False
2025-02-11,RF-IND-008,4,Absolutely love this product! The build quality is exceptional and performance exceeds expectations.,positive,0.7471796870231628,0.5,0.7025448596220167,"{""very negative"": 0.015530555509030819, ""neutral"": 0.036719899624586105, ""positive"": 0.7471796870231628, ""very positive"": 0.7471796870231628}","admiration,love","{""admiration"": 0.8205865025520325, ""love"": 0.7115253806114197}","[{""label"": ""admiration"", ""score"": 0.8205865025520325}, {""label"": ""love"", ""score"": 0.7115253806114197}, {""label"": ""approval"", ""score"": 0.04455780237913132}, {""label"": ""gratitude"", ""score"": 0.016261670738458633}, {""label"": ""optimism"", ""score"": 0.009366675280034542}]",non_irony,0.8729540109634399,False,non-offensive,0.9555073380470276,False
2024-12-04,RF-IND-008,2,"Produit de mauvaise qualite, je suis tres decu. Ne recommande pas.",very negative,0.376915842294693,-1.0,-0.6515037909879426,"{""very negative"": 0.376915842294693, ""neutral"": 0.02833167091012001, ""positive"": 0.024450555443763733, ""very positive"": 0.01673412136733532}",neutral,"{""neutral"": 0.9460828304290771}","[{""label"": ""neutral"", ""score"": 0.9460828304290771}, {""label"": ""approval"", ""score"": 0.029701441526412964}, {""label"": ""disapproval"", ""score"": 0.009891659021377563}, {""label"": ""realization"", ""score"": 0.00757063552737236}, {""label"": ""annoyance"", ""score"": 0.006734327878803015}]",non_irony,0.8884108662605286,False,non-offensive,0.8112044930458069,False
2025-02-09,AC-IND-005,4,Love the display and design but the speaker quality is terrible and overheats during gaming.,very negative,0.3773541748523712,-1.0,-0.6110164372537351,"{""very negative"": 0.3773541748523712, ""neutral"": 0.08313998579978943, ""positive"": 0.019871970638632774, ""very positive"": 0.019871970638632774}","love,disgust","{""love"": 0.410555899143219, ""disgust"": 0.3163873255252838}","[{""label"": ""love"", ""score"": 0.410555899143219}, {""label"": ""disgust"", ""score"": 0.3163873255252838}, {""label"": ""admiration"", ""score"": 0.14251857995986938}, {""label"": ""disappointment"", ""score"": 0.14123332500457764}, {""label"": ""annoyance"", ""score"": 0.09878356009721756}]",non_irony,0.6289689540863037,False,non-offensive,0.7254443764686584,False
2025-02-25,WM-IND-004,5,Excellent cooling performance even during peak summer. Very satisfied.,positive,0.7707273960113525,0.5,0.5362639801740339,"{""very negative"": 0.014967979863286018, ""neutral"": 0.02442777529358864, ""positive"": 0.7707273960113525, ""very positive"": 0.17155218124389648}",admiration,"{""admiration"": 0.9331638216972351}","[{""label"": ""admiration"", ""score"": 0.9331638216972351}, {""label"": ""approval"", ""score"": 0.07154010981321335}, {""label"": ""gratitude"", ""score"": 0.04528460651636124}, {""label"": ""neutral"", ""score"": 0.019264668226242065}, {""label"": ""joy"", ""score"": 0.010110114701092243}]",non_irony,0.602388322353363,False,non-offensive,0.9177484512329102,False
2024-10-17,TB-IND-007,2,Love the display and design but the speaker quality is terrible and overheats during gaming.,very negative,0.3773541748523712,-1.0,-0.6110164372537351,"{""very negative"": 0.3773541748523712, ""neutral"": 0.08313998579978943, ""positive"": 0.019871970638632774, ""very positive"": 0.019871970638632774}","love,disgust","{""love"": 0.410555899143219, ""disgust"": 0.3163873255252838}","[{""label"": ""love"", ""score"": 0.410555899143219}, {""label"": ""disgust"", ""score"": 0.3163873255252838}, {""label"": ""admiration"", ""score"": 0.14251857995986938}, {""label"": ""disappointment"", ""score"": 0.14123332500457764}, {""label"": ""annoyance"", ""score"": 0.09878356009721756}]",non_irony,0.6289689540863037,False,non-offensive,0.7254443764686584,False
2024-11-28,WM-IND-004,5,Absolutely love this product! The build quality is exceptional and performance exceeds expectations.,positive,0.7471796870231628,0.5,0.7025448596220167,"{""very negative"": 0.015530555509030819, ""neutral"": 0.036719899624586105, ""positive"": 0.7471796870231628, ""very positive"": 0.7471796870231628}","admiration,love","{""admiration"": 0.8205865025520325, ""love"": 0.7115253806114197}","[{""label"": ""admiration"", ""score"": 0.8205865025520325}, {""label"": ""love"", ""score"": 0.7115253806114197}, {""label"": ""approval"", ""score"": 0.04455780237913132}, {""label"": ""gratitude"", ""score"": 0.016261670738458633}, {""label"": ""optimism"", ""score"": 0.009366675280034542}]",non_irony,0.8729540109634399,False,non-offensive,0.9555073380470276,False
2024-10-18,AC-IND-005,5,"Screen resolution is crystal clear, perfect for streaming and gaming.",positive,0.392398476600647,0.5,0.542207413406494,"{""very negative"": 0.025593694299459457, ""neutral"": 0.16940507292747498, ""positive"": 0.392398476600647, ""very positive"": 0.38130703568458557}",approval,"{""approval"": 0.5070986747741699}","[{""label"": ""approval"", ""score"": 0.5070986747741699}, {""label"": ""neutral"", ""score"": 0.2965473234653473}, {""label"": ""admiration"", ""score"": 0.2750425338745117}, {""label"": ""realization"", ""score"": 0.009711122140288353}, {""label"": ""optimism"", ""score"": 0.009128984063863754}]",irony,0.6862936615943909,True,non-offensive,0.9093480110168457,False
2024-12-19,WM-IND-004,1,Overheats constantly during normal usage. Had to return it.,neutral,0.11558523774147034,0.0,-0.36611235721466906,"{""very negative"": 0.10191556066274643, ""neutral"": 0.11558523774147034, ""positive"": 0.016096526756882668, ""very positive"": 0.016096526756882668}",neutral,"{""neutral"": 0.9388406872749329}","[{""label"": ""neutral"", ""score"": 0.9388406872749329}, {""label"": ""approval"", ""score"": 0.02460838295519352}, {""label"": ""annoyance"", ""score"": 0.019031492993235588}, {""label"": ""realization"", ""score"": 0.016972018405795097}, {""label"": ""disappointment"", ""score"": 0.011426879093050957}]",non_irony,0.9186547994613647,False,non-offensive,0.881855309009552,False
2025-01-22,TB-IND-007,4,Energy efficient and very quiet operation. Highly recommend!,positive,0.7586772441864014,0.5,0.5307734316802475,"{""very negative"": 0.016845209524035454, ""neutral"": 0.03081432357430458, ""positive"": 0.7586772441864014, ""very positive"": 0.17657209932804108}",admiration,"{""admiration"": 0.8203734159469604}","[{""label"": ""admiration"", ""score"": 0.8203734159469604}, {""label"": ""approval"", ""score"": 0.24129898846149445}, {""label"": ""gratitude"", ""score"": 0.08020996302366257}, {""label"": ""neutral"", ""score"": 0.031993474811315536}, {""label"": ""optimism"", ""score"": 0.015411066822707653}]",non_irony,0.5187515020370483,False,non-offensive,0.9350569248199463,False
2024-10-22,RF-IND-008,4,The smart features are intuitive and the app integration works seamlessly.,positive,0.8389089703559875,0.5,0.49421363552263087,"{""very negative"": 0.015078968368470669, ""neutral"": 0.0321933850646019, ""positive"": 0.8389089703559875, ""very positive"": 0.09604666382074356}",approval,"{""approval"": 0.7188327312469482}","[{""label"": ""approval"", ""score"": 0.7188327312469482}, {""label"": ""neutral"", ""score"": 0.23967300355434418}, {""label"": ""admiration"", ""score"": 0.1221417710185051}, {""label"": ""realization"", ""score"": 0.02103411592543125}, {""label"": ""optimism"", ""score"": 0.010465051047503948}]",irony,0.6668115258216858,True,non-offensive,0.9256442189216614,False
2024-10-27,WM-IND-004,1,What a fantastic feature - random shutdowns keep life exciting and unpredictable!,positive,0.5706542134284973,0.5,0.649035807029748,"{""very negative"": 0.027282441034913063, ""neutral"": 0.05992436781525612, ""positive"": 0.5706542134284973, ""very positive"": 0.5706542134284973}","excitement,admiration","{""excitement"": 0.6452254056930542, ""admiration"": 0.5212389230728149}","[{""label"": ""excitement"", ""score"": 0.6452254056930542}, {""label"": ""admiration"", ""score"": 0.5212389230728149}, {""label"": ""joy"", ""score"": 0.09005238115787506}, {""label"": ""curiosity"", ""score"": 0.03715738654136658}, {""label"": ""approval"", ""score"": 0.03235604241490364}]",irony,0.9249007105827332,True,non-offensive,0.9284485578536987,False
2024-12-03,TB-IND-007,3,"Sehr gutes Produkt, schnelle Lieferung und tolle Qualitat. Empfehlenswert!",positive,0.5607585906982422,0.5,0.63179622013243,"{""very negative"": 0.019466347992420197, ""neutral"": 0.01999477855861187, ""positive"": 0.5607585906982422, ""very positive"": 0.3811355233192444}",neutral,"{""neutral"": 0.9314554929733276}","[{""label"": ""neutral"", ""score"": 0.9314554929733276}, {""label"": ""approval"", ""score"": 0.03372388705611229}, {""label"": ""annoyance"", ""score"": 0.009257086552679539}, {""label"": ""admiration"", ""score"": 0.006478950381278992}, {""label"": ""realization"", ""score"": 0.0048216269351542}]",non_irony,0.9127270579338074,False,non-offensive,0.7963050007820129,False
2024-11-12,WM-IND-004,4,"Sound quality is phenomenal, crisp highs and deep bass. Worth every penny.",positive,0.49539729952812195,0.5,0.6590491162612364,"{""very negative"": 0.019894424825906754, ""neutral"": 0.05166413262486458, ""positive"": 0.49539729952812195, ""very positive"": 0.49539729952812195}",admiration,"{""admiration"": 0.9490026235580444}","[{""label"": ""admiration"", ""score"": 0.9490026235580444}, {""label"": ""approval"", ""score"": 0.04883971065282822}, {""label"": ""neutral"", ""score"": 0.030404893681406975}, {""label"": ""gratitude"", ""score"": 0.010029646568000317}, {""label"": ""disapproval"", ""score"": 0.006704993546009064}]",non_irony,0.7751739025115967,False,non-offensive,0.8951526284217834,False
2024-12-24,AC-IND-005,5,"Great design, sleek and modern. Fits perfectly in my living room.",positive,0.5736238956451416,0.5,0.6753709677943955,"{""very negative"": 0.01719159446656704, ""neutral"": 0.05420605093240738, ""positive"": 0.5736238956451416, ""very positive"": 0.5736238956451416}",admiration,"{""admiration"": 0.9285853505134583}","[{""label"": ""admiration"", ""score"": 0.9285853505134583}, {""label"": ""approval"", ""score"": 0.09943830966949463}, {""label"": ""neutral"", ""score"": 0.02816888317465782}, {""label"": ""gratitude"", ""score"": 0.008972597308456898}, {""label"": ""realization"", ""score"": 0.006490301340818405}]",non_irony,0.6408451795578003,False,non-offensive,0.9143792986869812,False
2024-12-07,RF-IND-008,5,"Sound quality is phenomenal, crisp highs and deep bass. Worth every penny.",positive,0.49539729952812195,0.5,0.6590491162612364,"{""very negative"": 0.019894424825906754, ""neutral"": 0.05166413262486458, ""positive"": 0.49539729952812195, ""very positive"": 0.49539729952812195}",admiration,"{""admiration"": 0.9490026235580444}","[{""label"": ""admiration"", ""score"": 0.9490026235580444}, {""label"": ""approval"", ""score"": 0.04883971065282822}, {""label"": ""neutral"", ""score"": 0.030404893681406975}, {""label"": ""gratitude"", ""score"": 0.010029646568000317}, {""label"": ""disapproval"", ""score"": 0.006704993546009064}]",non_irony,0.7751739025115967,False,non-offensive,0.8951526284217834,False
2025-03-02,LP-IND-003,4,"Screen resolution is crystal clear, perfect for streaming and gaming.",positive,0.392398476600647,0.5,0.542207413406494,"{""very negative"": 0.025593694299459457, ""neutral"": 0.16940507292747498, ""positive"": 0.392398476600647, ""very positive"": 0.38130703568458557}",approval,"{""approval"": 0.5070986747741699}","[{""label"": ""approval"", ""score"": 0.5070986747741699}, {""label"": ""neutral"", ""score"": 0.2965473234653473}, {""label"": ""admiration"", ""score"": 0.2750425338745117}, {""label"": ""realization"", ""score"": 0.009711122140288353}, {""label"": ""optimism"", ""score"": 0.009128984063863754}]",irony,0.6862936615943909,True,non-offensive,0.9093480110168457,False
2025-01-04,TV-IND-001,3,Product is fine for basic use but power users might find it limiting.,neutral,0.2278260439634323,0.0,0.13598060049171318,"{""very negative"": 0.017182493582367897, ""neutral"": 0.2278260439634323, ""positive"": 0.11778126657009125, ""very positive"": 0.021471703425049782}","neutral,approval","{""neutral"": 0.6480686068534851, ""approval"": 0.39360511302948}","[{""label"": ""neutral"", ""score"": 0.6480686068534851}, {""label"": ""approval"", ""score"": 0.39360511302948}, {""label"": ""realization"", ""score"": 0.027473531663417816}, {""label"": ""optimism"", ""score"": 0.021502286195755005}, {""label"": ""disapproval"", ""score"": 0.013942357152700424}]",non_irony,0.6216647624969482,False,non-offensive,0.8438470363616943,False
2024-10-25,TB-IND-007,1,Sound quality is tinny and distorted at higher volumes. Not acceptable.,very negative,0.12479760497808456,-1.0,-0.493778516965209,"{""very negative"": 0.12479760497808456, ""neutral"": 0.04836035519838333, ""positive"": 0.01610911823809147, ""very positive"": 0.01610911823809147}",disapproval,"{""disapproval"": 0.7381646633148193}","[{""label"": ""disapproval"", ""score"": 0.7381646633148193}, {""label"": ""annoyance"", ""score"": 0.21084058284759521}, {""label"": ""neutral"", ""score"": 0.112130306661129}, {""label"": ""disappointment"", ""score"": 0.06412441283464432}, {""label"": ""approval"", ""score"": 0.023751674219965935}]",non_irony,0.9257212281227112,False,non-offensive,0.7237016558647156,False
2024-12-05,WM-IND-004,2,"Oh great, another product that breaks right after warranty expires. How convenient!",very negative,0.13526460528373718,-1.0,-0.5038809908315215,"{""very negative"": 0.13526460528373718, ""neutral"": 0.01894294284284115, ""positive"": 0.02767418511211872, ""very positive"": 0.019453536719083786}",admiration,"{""admiration"": 0.8009824156761169}","[{""label"": ""admiration"", ""score"": 0.8009824156761169}, {""label"": ""approval"", ""score"": 0.10055772960186005}, {""label"": ""disappointment"", ""score"": 0.08632303029298782}, {""label"": ""realization"", ""score"": 0.04643560200929642}, {""label"": ""neutral"", ""score"": 0.027577385306358337}]",irony,0.9890222549438477,True,non-offensive,0.8594326972961426,False
2024-12-18,AC-IND-005,1,"Sure, who needs customer service anyway? Waiting 4 weeks builds character!",neutral,0.7354669570922852,0.0,0.08089343274446564,"{""very negative"": 0.022473178803920746, ""neutral"": 0.7354669570922852, ""positive"": 0.13158436119556427, ""very positive"": 0.04536167159676552}","approval,neutral","{""approval"": 0.39447733759880066, ""neutral"": 0.3930034935474396}","[{""label"": ""approval"", ""score"": 0.39447733759880066}, {""label"": ""neutral"", ""score"": 0.3930034935474396}, {""label"": ""curiosity"", ""score"": 0.25203585624694824}, {""label"": ""confusion"", ""score"": 0.058140382170677185}, {""label"": ""realization"", ""score"": 0.018022604286670685}]",irony,0.8940737843513489,True,non-offensive,0.8660460114479065,False
2024-11-03,HP-IND-006,5,Display is gorgeous with vibrant colors and deep blacks. Very impressed!,positive,0.6351503133773804,0.5,0.581952468814245,"{""very negative"": 0.017654336988925934, ""neutral"": 0.037703920155763626, ""positive"": 0.6351503133773804, ""very positive"": 0.2894969880580902}",admiration,"{""admiration"": 0.9594106674194336}","[{""label"": ""admiration"", ""score"": 0.9594106674194336}, {""label"": ""approval"", ""score"": 0.028953349217772484}, {""label"": ""neutral"", ""score"": 0.013620489276945591}, {""label"": ""excitement"", ""score"": 0.008283348754048347}, {""label"": ""gratitude"", ""score"": 0.008044804446399212}]",non_irony,0.8086977601051331,False,non-offensive,0.9492805600166321,False
2024-12-01,HP-IND-006,5,Excellent cooling performance even during peak summer. Very satisfied.,positive,0.7707273960113525,0.5,0.5362639801740339,"{""very negative"": 0.014967979863286018, ""neutral"": 0.02442777529358864, ""positive"": 0.7707273960113525, ""very positive"": 0.17155218124389648}",admiration,"{""admiration"": 0.9331638216972351}","[{""label"": ""admiration"", ""score"": 0.9331638216972351}, {""label"": ""approval"", ""score"": 0.07154010981321335}, {""label"": ""gratitude"", ""score"": 0.04528460651636124}, {""label"": ""neutral"", ""score"": 0.019264668226242065}, {""label"": ""joy"", ""score"": 0.010110114701092243}]",non_irony,0.602388322353363,False,non-offensive,0.9177484512329102,False
2024-11-12,TB-IND-007,4,"Noise cancellation is top-notch, blocks out everything around you.",positive,0.6977988481521606,0.5,0.5301263708619881,"{""very negative"": 0.018256666138768196, ""neutral"": 0.04996884986758232, ""positive"": 0.6977988481521606, ""very positive"": 0.20059357583522797}",neutral,"{""neutral"": 0.8535012602806091}","[{""label"": ""neutral"", ""score"": 0.8535012602806091}, {""label"": ""approval"", ""score"": 0.07272456586360931}, {""label"": ""annoyance"", ""score"": 0.035694435238838196}, {""label"": ""admiration"", ""score"": 0.030761508271098137}, {""label"": ""disapproval"", ""score"": 0.014540402218699455}]",irony,0.8790774345397949,True,non-offensive,0.7939949035644531,False
2024-11-10,MB-IND-002,4,"Lightweight and portable, perfect for travel and daily commute.",positive,0.5174983143806458,0.5,0.5698038134424869,"{""very negative"": 0.023364251479506493, ""neutral"": 0.08838778734207153, ""positive"": 0.5174983143806458, ""very positive"": 0.3443998694419861}","approval,neutral","{""approval"": 0.5351202487945557, ""neutral"": 0.32617780566215515}","[{""label"": ""approval"", ""score"": 0.5351202487945557}, {""label"": ""neutral"", ""score"": 0.32617780566215515}, {""label"": ""admiration"", ""score"": 0.16927553713321686}, {""label"": ""optimism"", ""score"": 0.009668011218309402}, {""label"": ""realization"", ""score"": 0.009552353993058205}]",non_irony,0.8543041348457336,False,non-offensive,0.9002076983451843,False
2024-11-30,LP-IND-003,1,"Bahut achha product hai, value for money. Camera bhi bahut accha hai.",positive,0.5882152915000916,0.5,0.4220367277463888,"{""very negative"": 0.0290150735527277, ""neutral"": 0.18226198852062225, ""positive"": 0.5882152915000916, ""very positive"": 0.1714218407869339}",neutral,"{""neutral"": 0.7110043168067932}","[{""label"": ""neutral"", ""score"": 0.7110043168067932}, {""label"": ""approval"", ""score"": 0.15353593230247498}, {""label"": ""admiration"", ""score"": 0.0266432985663414}, {""label"": ""amusement"", ""score"": 0.018048683181405067}, {""label"": ""joy"", ""score"": 0.013174094259738922}]",non_irony,0.8170913457870483,False,non-offensive,0.7812522053718567,False
2025-02-08,AC-IND-005,5,"The camera quality is outstanding, perfect for everyday photography.",positive,0.4490591287612915,0.5,0.6009954280279384,"{""very negative"": 0.025144625455141068, ""neutral"": 0.08400725573301315, ""positive"": 0.4490591287612915, ""very positive"": 0.41047510504722595}",admiration,"{""admiration"": 0.9424173831939697}","[{""label"": ""admiration"", ""score"": 0.9424173831939697}, {""label"": ""approval"", ""score"": 0.058339230716228485}, {""label"": ""neutral"", ""score"": 0.0315530002117157}, {""label"": ""gratitude"", ""score"": 0.010911427438259125}, {""label"": ""realization"", ""score"": 0.006474080961197615}]",irony,0.561927080154419,True,non-offensive,0.924063503742218,False
2024-11-10,HP-IND-006,2,Sound quality is tinny and distorted at higher volumes. Not acceptable.,very negative,0.12479760497808456,-1.0,-0.493778516965209,"{""very negative"": 0.12479760497808456, ""neutral"": 0.04836035519838333, ""positive"": 0.01610911823809147, ""very positive"": 0.01610911823809147}",disapproval,"{""disapproval"": 0.7381646633148193}","[{""label"": ""disapproval"", ""score"": 0.7381646633148193}, {""label"": ""annoyance"", ""score"": 0.21084058284759521}, {""label"": ""neutral"", ""score"": 0.112130306661129}, {""label"": ""disappointment"", ""score"": 0.06412441283464432}, {""label"": ""approval"", ""score"": 0.023751674219965935}]",non_irony,0.9257212281227112,False,non-offensive,0.7237016558647156,False
2024-12-05,LP-IND-003,1,Bluetooth connectivity drops every few minutes. Extremely frustrating.,very negative,0.6028462648391724,-1.0,-0.6743283178692285,"{""very negative"": 0.6028462648391724, ""neutral"": 0.050933293998241425, ""positive"": 0.02046809531748295, ""very positive"": 0.019622648134827614}",annoyance,"{""annoyance"": 0.755325436592102}","[{""label"": ""annoyance"", ""score"": 0.755325436592102}, {""label"": ""anger"", ""score"": 0.23799586296081543}, {""label"": ""neutral"", ""score"": 0.06979986280202866}, {""label"": ""disappointment"", ""score"": 0.05000713840126991}, {""label"": ""disapproval"", ""score"": 0.037070609629154205}]",irony,0.6903656721115112,True,non-offensive,0.7488885521888733,False
2025-01-11,AC-IND-005,1,"Installation was a nightmare, instructions were completely wrong.",very negative,0.7697422504425049,-1.0,-0.6977894863586905,"{""very negative"": 0.7697422504425049, ""neutral"": 0.036633219569921494, ""positive"": 0.020193949341773987, ""very positive"": 0.01803928054869175}",disapproval,"{""disapproval"": 0.3163321614265442}","[{""label"": ""disapproval"", ""score"": 0.3163321614265442}, {""label"": ""annoyance"", ""score"": 0.24686093628406525}, {""label"": ""disappointment"", ""score"": 0.15440554916858673}, {""label"": ""neutral"", ""score"": 0.06965956091880798}, {""label"": ""fear"", ""score"": 0.04962696135044098}]",non_irony,0.7851060032844543,False,non-offensive,0.6006593704223633,False
2024-11-27,RF-IND-008,5,"Build quality feels premium, definitely punches above its price point.",positive,0.5689269304275513,0.5,0.4307623559540791,"{""very negative"": 0.012321094051003456, ""neutral"": 0.05195668712258339, ""positive"": 0.5689269304275513, ""very positive"": 0.021232595667243004}","admiration,approval,neutral","{""admiration"": 0.4633546471595764, ""approval"": 0.39119985699653625, ""neutral"": 0.30986344814300537}","[{""label"": ""admiration"", ""score"": 0.4633546471595764}, {""label"": ""approval"", ""score"": 0.39119985699653625}, {""label"": ""neutral"", ""score"": 0.30986344814300537}, {""label"": ""realization"", ""score"": 0.013269134797155857}, {""label"": ""annoyance"", ""score"": 0.010357970371842384}]",non_irony,0.5766015648841858,False,non-offensive,0.8615878224372864,False
2024-11-02,TB-IND-007,5,Setup was a breeze. Works perfectly right out of the box.,positive,0.7648035287857056,0.5,0.47922752030908433,"{""very negative"": 0.018615633249282837, ""neutral"": 0.0714670941233635, ""positive"": 0.7648035287857056, ""very positive"": 0.12313982099294662}",approval,"{""approval"": 0.4734435975551605}","[{""label"": ""approval"", ""score"": 0.4734435975551605}, {""label"": ""neutral"", ""score"": 0.22926150262355804}, {""label"": ""admiration"", ""score"": 0.15972226858139038}, {""label"": ""joy"", ""score"": 0.12473662942647934}, {""label"": ""realization"", ""score"": 0.03085273876786232}]",non_irony,0.7767495512962341,False,non-offensive,0.8942966461181641,False
2025-02-22,WM-IND-004,2,"Battery drains extremely fast, barely lasts 4 hours. Very disappointed.",very negative,0.6408287286758423,-1.0,-0.693952186917115,"{""very negative"": 0.6408287286758423, ""neutral"": 0.027352793142199516, ""positive"": 0.018346326425671577, ""very positive"": 0.01826965995132923}",disappointment,"{""disappointment"": 0.8434377312660217}","[{""label"": ""disappointment"", ""score"": 0.8434377312660217}, {""label"": ""annoyance"", ""score"": 0.10580381751060486}, {""label"": ""neutral"", ""score"": 0.10369166731834412}, {""label"": ""disapproval"", ""score"": 0.08525507897138596}, {""label"": ""sadness"", ""score"": 0.06935909390449524}]",non_irony,0.9296731352806091,False,non-offensive,0.7599592208862305,False
2025-01-23,WM-IND-004,5,Excellent cooling performance even during peak summer. Very satisfied.,positive,0.7707273960113525,0.5,0.5362639801740339,"{""very negative"": 0.014967979863286018, ""neutral"": 0.02442777529358864, ""positive"": 0.7707273960113525, ""very positive"": 0.17155218124389648}",admiration,"{""admiration"": 0.9331638216972351}","[{""label"": ""admiration"", ""score"": 0.9331638216972351}, {""label"": ""approval"", ""score"": 0.07154010981321335}, {""label"": ""gratitude"", ""score"": 0.04528460651636124}, {""label"": ""neutral"", ""score"": 0.019264668226242065}, {""label"": ""joy"", ""score"": 0.010110114701092243}]",non_irony,0.602388322353363,False,non-offensive,0.9177484512329102,False
2025-02-08,HP-IND-006,5,Best purchase I have made this year. Great value for money and excellent features.,positive,0.44873490929603577,0.5,0.5963910590069607,"{""very negative"": 0.028467901051044464, ""neutral"": 0.07443559914827347, ""positive"": 0.44873490929603577, ""very positive"": 0.40708863735198975}",admiration,"{""admiration"": 0.947281539440155}","[{""label"": ""admiration"", ""score"": 0.947281539440155}, {""label"": ""approval"", ""score"": 0.04991918429732323}, {""label"": ""gratitude"", ""score"": 0.017717011272907257}, {""label"": ""neutral"", ""score"": 0.016094906255602837}, {""label"": ""realization"", ""score"": 0.006029242649674416}]",non_irony,0.6735737919807434,False,non-offensive,0.953192949295044,False
2024-12-01,AC-IND-005,1,After 3 months the motor started making grinding noises. Poor quality.,very negative,0.21506524085998535,-1.0,-0.5608611558829494,"{""very negative"": 0.21506524085998535, ""neutral"": 0.06599922478199005, ""positive"": 0.018860796466469765, ""very positive"": 0.0155870970338583}","disappointment,neutral","{""disappointment"": 0.5225762724876404, ""neutral"": 0.32229286432266235}","[{""label"": ""disappointment"", ""score"": 0.5225762724876404}, {""label"": ""neutral"", ""score"": 0.32229286432266235}, {""label"": ""annoyance"", ""score"": 0.204111248254776}, {""label"": ""sadness"", ""score"": 0.08719734847545624}, {""label"": ""disapproval"", ""score"": 0.04562728479504585}]",non_irony,0.6407272219657898,False,non-offensive,0.7529452443122864,False
2024-10-20,AC-IND-005,2,After 3 months the motor started making grinding noises. Poor quality.,very negative,0.21506524085998535,-1.0,-0.5608611558829494,"{""very negative"": 0.21506524085998535, ""neutral"": 0.06599922478199005, ""positive"": 0.018860796466469765, ""very positive"": 0.0155870970338583}","disappointment,neutral","{""disappointment"": 0.5225762724876404, ""neutral"": 0.32229286432266235}","[{""label"": ""disappointment"", ""score"": 0.5225762724876404}, {""label"": ""neutral"", ""score"": 0.32229286432266235}, {""label"": ""annoyance"", ""score"": 0.204111248254776}, {""label"": ""sadness"", ""score"": 0.08719734847545624}, {""label"": ""disapproval"", ""score"": 0.04562728479504585}]",non_irony,0.6407272219657898,False,non-offensive,0.7529452443122864,False
2025-01-07,TV-IND-001,5,"Sound quality is phenomenal, crisp highs and deep bass. Worth every penny.",positive,0.49539729952812195,0.5,0.6590491162612364,"{""very negative"": 0.019894424825906754, ""neutral"": 0.05166413262486458, ""positive"": 0.49539729952812195, ""very positive"": 0.49539729952812195}",admiration,"{""admiration"": 0.9490026235580444}","[{""label"": ""admiration"", ""score"": 0.9490026235580444}, {""label"": ""approval"", ""score"": 0.04883971065282822}, {""label"": ""neutral"", ""score"": 0.030404893681406975}, {""label"": ""gratitude"", ""score"": 0.010029646568000317}, {""label"": ""disapproval"", ""score"": 0.006704993546009064}]",non_irony,0.7751739025115967,False,non-offensive,0.8951526284217834,False
2025-02-18,AC-IND-005,5,Customer service was amazing. They resolved my query within minutes.,positive,0.6071091294288635,0.5,0.5974647468222958,"{""very negative"": 0.017765464261174202, ""neutral"": 0.03513293340802193, ""positive"": 0.6071091294288635, ""very positive"": 0.31808170676231384}",admiration,"{""admiration"": 0.9301038980484009}","[{""label"": ""admiration"", ""score"": 0.9301038980484009}, {""label"": ""approval"", ""score"": 0.06624912470579147}, {""label"": ""neutral"", ""score"": 0.026406768709421158}, {""label"": ""excitement"", ""score"": 0.022681886330246925}, {""label"": ""joy"", ""score"": 0.018670279532670975}]",irony,0.8352649807929993,True,non-offensive,0.9490030407905579,False
2024-12-14,LP-IND-003,1,Overheats constantly during normal usage. Had to return it.,neutral,0.11558523774147034,0.0,-0.36611235721466906,"{""very negative"": 0.10191556066274643, ""neutral"": 0.11558523774147034, ""positive"": 0.016096526756882668, ""very positive"": 0.016096526756882668}",neutral,"{""neutral"": 0.9388406872749329}","[{""label"": ""neutral"", ""score"": 0.9388406872749329}, {""label"": ""approval"", ""score"": 0.02460838295519352}, {""label"": ""annoyance"", ""score"": 0.019031492993235588}, {""label"": ""realization"", ""score"": 0.016972018405795097}, {""label"": ""disappointment"", ""score"": 0.011426879093050957}]",non_irony,0.9186547994613647,False,non-offensive,0.881855309009552,False
2024-10-05,WM-IND-004,4,"Sehr gutes Produkt, schnelle Lieferung und tolle Qualitat. Empfehlenswert!",positive,0.5607585906982422,0.5,0.63179622013243,"{""very negative"": 0.019466347992420197, ""neutral"": 0.01999477855861187, ""positive"": 0.5607585906982422, ""very positive"": 0.3811355233192444}",neutral,"{""neutral"": 0.9314554929733276}","[{""label"": ""neutral"", ""score"": 0.9314554929733276}, {""label"": ""approval"", ""score"": 0.03372388705611229}, {""label"": ""annoyance"", ""score"": 0.009257086552679539}, {""label"": ""admiration"", ""score"": 0.006478950381278992}, {""label"": ""realization"", ""score"": 0.0048216269351542}]",non_irony,0.9127270579338074,False,non-offensive,0.7963050007820129,False
2024-12-15,TB-IND-007,4,"Noise cancellation is top-notch, blocks out everything around you.",positive,0.6977988481521606,0.5,0.5301263708619881,"{""very negative"": 0.018256666138768196, ""neutral"": 0.04996884986758232, ""positive"": 0.6977988481521606, ""very positive"": 0.20059357583522797}",neutral,"{""neutral"": 0.8535012602806091}","[{""label"": ""neutral"", ""score"": 0.8535012602806091}, {""label"": ""approval"", ""score"": 0.07272456586360931}, {""label"": ""annoyance"", ""score"": 0.035694435238838196}, {""label"": ""admiration"", ""score"": 0.030761508271098137}, {""label"": ""disapproval"", ""score"": 0.014540402218699455}]",irony,0.8790774345397949,True,non-offensive,0.7939949035644531,False
2024-11-30,TB-IND-007,1,"Produit de mauvaise qualite, je suis tres decu. Ne recommande pas.",very negative,0.376915842294693,-1.0,-0.6515037909879426,"{""very negative"": 0.376915842294693, ""neutral"": 0.02833167091012001, ""positive"": 0.024450555443763733, ""very positive"": 0.01673412136733532}",neutral,"{""neutral"": 0.9460828304290771}","[{""label"": ""neutral"", ""score"": 0.9460828304290771}, {""label"": ""approval"", ""score"": 0.029701441526412964}, {""label"": ""disapproval"", ""score"": 0.009891659021377563}, {""label"": ""realization"", ""score"": 0.00757063552737236}, {""label"": ""annoyance"", ""score"": 0.006734327878803015}]",non_irony,0.8884108662605286,False,non-offensive,0.8112044930458069,False
2025-01-08,HP-IND-006,4,"Sound quality is phenomenal, crisp highs and deep bass. Worth every penny.",positive,0.49539729952812195,0.5,0.6590491162612364,"{""very negative"": 0.019894424825906754, ""neutral"": 0.05166413262486458, ""positive"": 0.49539729952812195, ""very positive"": 0.49539729952812195}",admiration,"{""admiration"": 0.9490026235580444}","[{""label"": ""admiration"", ""score"": 0.9490026235580444}, {""label"": ""approval"", ""score"": 0.04883971065282822}, {""label"": ""neutral"", ""score"": 0.030404893681406975}, {""label"": ""gratitude"", ""score"": 0.010029646568000317}, {""label"": ""disapproval"", ""score"": 0.006704993546009064}]",non_irony,0.7751739025115967,False,non-offensive,0.8951526284217834,False
2025-01-24,AC-IND-005,2,"Sure, who needs customer service anyway? Waiting 4 weeks builds character!",neutral,0.7354669570922852,0.0,0.08089343274446564,"{""very negative"": 0.022473178803920746, ""neutral"": 0.7354669570922852, ""positive"": 0.13158436119556427, ""very positive"": 0.04536167159676552}","approval,neutral","{""approval"": 0.39447733759880066, ""neutral"": 0.3930034935474396}","[{""label"": ""approval"", ""score"": 0.39447733759880066}, {""label"": ""neutral"", ""score"": 0.3930034935474396}, {""label"": ""curiosity"", ""score"": 0.25203585624694824}, {""label"": ""confusion"", ""score"": 0.058140382170677185}, {""label"": ""realization"", ""score"": 0.018022604286670685}]",irony,0.8940737843513489,True,non-offensive,0.8660460114479065,False
2024-11-04,MB-IND-002,3,Decent product for the price. Nothing extraordinary but gets the job done.,positive,0.9262930154800415,0.5,0.4699002944402194,"{""very negative"": 0.008937007747590542, ""neutral"": 0.029806025326251984, ""positive"": 0.9262930154800415, ""very positive"": 0.014957997016608715}",admiration,"{""admiration"": 0.8266987204551697}","[{""label"": ""admiration"", ""score"": 0.8266987204551697}, {""label"": ""approval"", ""score"": 0.24115855991840363}, {""label"": ""neutral"", ""score"": 0.08824765682220459}, {""label"": ""realization"", ""score"": 0.015828154981136322}, {""label"": ""gratitude"", ""score"": 0.015294903889298439}]",non_irony,0.8037245869636536,False,non-offensive,0.9300389289855957,False
2025-02-12,TV-IND-001,4,"Build quality feels premium, definitely punches above its price point.",positive,0.5689269304275513,0.5,0.4307623559540791,"{""very negative"": 0.012321094051003456, ""neutral"": 0.05195668712258339, ""positive"": 0.5689269304275513, ""very positive"": 0.021232595667243004}","admiration,approval,neutral","{""admiration"": 0.4633546471595764, ""approval"": 0.39119985699653625, ""neutral"": 0.30986344814300537}","[{""label"": ""admiration"", ""score"": 0.4633546471595764}, {""label"": ""approval"", ""score"": 0.39119985699653625}, {""label"": ""neutral"", ""score"": 0.30986344814300537}, {""label"": ""realization"", ""score"": 0.013269134797155857}, {""label"": ""annoyance"", ""score"": 0.010357970371842384}]",non_irony,0.5766015648841858,False,non-offensive,0.8615878224372864,False
2024-11-25,TB-IND-007,4,"Build quality feels premium, definitely punches above its price point.",positive,0.5689269304275513,0.5,0.4307623559540791,"{""very negative"": 0.012321094051003456, ""neutral"": 0.05195668712258339, ""positive"": 0.5689269304275513, ""very positive"": 0.021232595667243004}","admiration,approval,neutral","{""admiration"": 0.4633546471595764, ""approval"": 0.39119985699653625, ""neutral"": 0.30986344814300537}","[{""label"": ""admiration"", ""score"": 0.4633546471595764}, {""label"": ""approval"", ""score"": 0.39119985699653625}, {""label"": ""neutral"", ""score"": 0.30986344814300537}, {""label"": ""realization"", ""score"": 0.013269134797155857}, {""label"": ""annoyance"", ""score"": 0.010357970371842384}]",non_irony,0.5766015648841858,False,non-offensive,0.8615878224372864,False
2024-11-10,TV-IND-001,1,Amazing how they managed to make something this expensive feel this cheap. Truly impressive engineering.,positive,0.4396990239620209,0.5,0.31582474380543,"{""very negative"": 0.1261758953332901, ""neutral"": 0.04508422315120697, ""positive"": 0.4396990239620209, ""very positive"": 0.29556727409362793}",admiration,"{""admiration"": 0.9478908181190491}","[{""label"": ""admiration"", ""score"": 0.9478908181190491}, {""label"": ""approval"", ""score"": 0.02901063673198223}, {""label"": ""neutral"", ""score"": 0.022152459248900414}, {""label"": ""excitement"", ""score"": 0.01925773359835148}, {""label"": ""surprise"", ""score"": 0.016320671886205673}]",irony,0.9598375558853149,True,non-offensive,0.8323938250541687,False
2024-10-22,TB-IND-007,2,The promised features do not work as advertised. False marketing.,very negative,0.11003702878952026,-1.0,-0.4876406735014096,"{""very negative"": 0.11003702878952026, ""neutral"": 0.03954793140292168, ""positive"": 0.016627198085188866, ""very positive"": 0.014809762127697468}",disapproval,"{""disapproval"": 0.7108097076416016}","[{""label"": ""disapproval"", ""score"": 0.7108097076416016}, {""label"": ""disappointment"", ""score"": 0.235524520277977}, {""label"": ""annoyance"", ""score"": 0.2101682424545288}, {""label"": ""neutral"", ""score"": 0.11439910531044006}, {""label"": ""anger"", ""score"": 0.018257828429341316}]",irony,0.5804412961006165,True,non-offensive,0.8188140392303467,False
2024-12-04,MB-IND-002,5,"Noise cancellation is top-notch, blocks out everything around you.",positive,0.6977988481521606,0.5,0.5301263708619881,"{""very negative"": 0.018256666138768196, ""neutral"": 0.04996884986758232, ""positive"": 0.6977988481521606, ""very positive"": 0.20059357583522797}",neutral,"{""neutral"": 0.8535012602806091}","[{""label"": ""neutral"", ""score"": 0.8535012602806091}, {""label"": ""approval"", ""score"": 0.07272456586360931}, {""label"": ""annoyance"", ""score"": 0.035694435238838196}, {""label"": ""admiration"", ""score"": 0.030761508271098137}, {""label"": ""disapproval"", ""score"": 0.014540402218699455}]",irony,0.8790774345397949,True,non-offensive,0.7939949035644531,False
2024-11-16,LP-IND-003,1,"Produit de mauvaise qualite, je suis tres decu. Ne recommande pas.",very negative,0.376915842294693,-1.0,-0.6515037909879426,"{""very negative"": 0.376915842294693, ""neutral"": 0.02833167091012001, ""positive"": 0.024450555443763733, ""very positive"": 0.01673412136733532}",neutral,"{""neutral"": 0.9460828304290771}","[{""label"": ""neutral"", ""score"": 0.9460828304290771}, {""label"": ""approval"", ""score"": 0.029701441526412964}, {""label"": ""disapproval"", ""score"": 0.009891659021377563}, {""label"": ""realization"", ""score"": 0.00757063552737236}, {""label"": ""annoyance"", ""score"": 0.006734327878803015}]",non_irony,0.8884108662605286,False,non-offensive,0.8112044930458069,False
2025-01-31,MB-IND-002,1,Overheats constantly during normal usage. Had to return it.,neutral,0.11558523774147034,0.0,-0.36611235721466906,"{""very negative"": 0.10191556066274643, ""neutral"": 0.11558523774147034, ""positive"": 0.016096526756882668, ""very positive"": 0.016096526756882668}",neutral,"{""neutral"": 0.9388406872749329}","[{""label"": ""neutral"", ""score"": 0.9388406872749329}, {""label"": ""approval"", ""score"": 0.02460838295519352}, {""label"": ""annoyance"", ""score"": 0.019031492993235588}, {""label"": ""realization"", ""score"": 0.016972018405795097}, {""label"": ""disappointment"", ""score"": 0.011426879093050957}]",non_irony,0.9186547994613647,False,non-offensive,0.881855309009552,False
2024-12-26,LP-IND-003,4,"Battery life is incredible, easily lasts two full days with heavy usage.",positive,0.5513941645622253,0.5,0.65847089364473,"{""very negative"": 0.022336257621645927, ""neutral"": 0.05773572251200676, ""positive"": 0.5513941645622253, ""very positive"": 0.5513941645622253}",admiration,"{""admiration"": 0.9398247599601746}","[{""label"": ""admiration"", ""score"": 0.9398247599601746}, {""label"": ""approval"", ""score"": 0.055740565061569214}, {""label"": ""neutral"", ""score"": 0.025282323360443115}, {""label"": ""excitement"", ""score"": 0.016244882717728615}, {""label"": ""optimism"", ""score"": 0.009911395609378815}]",irony,0.7044013738632202,True,non-offensive,0.8911383748054504,False
2024-11-29,LP-IND-003,4,"Build quality feels premium, definitely punches above its price point.",positive,0.5689269304275513,0.5,0.4307623559540791,"{""very negative"": 0.012321094051003456, ""neutral"": 0.05195668712258339, ""positive"": 0.5689269304275513, ""very positive"": 0.021232595667243004}","admiration,approval,neutral","{""admiration"": 0.4633546471595764, ""approval"": 0.39119985699653625, ""neutral"": 0.30986344814300537}","[{""label"": ""admiration"", ""score"": 0.4633546471595764}, {""label"": ""approval"", ""score"": 0.39119985699653625}, {""label"": ""neutral"", ""score"": 0.30986344814300537}, {""label"": ""realization"", ""score"": 0.013269134797155857}, {""label"": ""annoyance"", ""score"": 0.010357970371842384}]",non_irony,0.5766015648841858,False,non-offensive,0.8615878224372864,False
2025-01-03,WM-IND-004,1,What a fantastic feature - random shutdowns keep life exciting and unpredictable!,positive,0.5706542134284973,0.5,0.649035807029748,"{""very negative"": 0.027282441034913063, ""neutral"": 0.05992436781525612, ""positive"": 0.5706542134284973, ""very positive"": 0.5706542134284973}","excitement,admiration","{""excitement"": 0.6452254056930542, ""admiration"": 0.5212389230728149}","[{""label"": ""excitement"", ""score"": 0.6452254056930542}, {""label"": ""admiration"", ""score"": 0.5212389230728149}, {""label"": ""joy"", ""score"": 0.09005238115787506}, {""label"": ""curiosity"", ""score"": 0.03715738654136658}, {""label"": ""approval"", ""score"": 0.03235604241490364}]",irony,0.9249007105827332,True,non-offensive,0.9284485578536987,False
2024-10-01,RF-IND-008,4,"Sound quality is phenomenal, crisp highs and deep bass. Worth every penny.",positive,0.49539729952812195,0.5,0.6590491162612364,"{""very negative"": 0.019894424825906754, ""neutral"": 0.05166413262486458, ""positive"": 0.49539729952812195, ""very positive"": 0.49539729952812195}",admiration,"{""admiration"": 0.9490026235580444}","[{""label"": ""admiration"", ""score"": 0.9490026235580444}, {""label"": ""approval"", ""score"": 0.04883971065282822}, {""label"": ""neutral"", ""score"": 0.030404893681406975}, {""label"": ""gratitude"", ""score"": 0.010029646568000317}, {""label"": ""disapproval"", ""score"": 0.006704993546009064}]",non_irony,0.7751739025115967,False,non-offensive,0.8951526284217834,False
2024-12-30,TB-IND-007,3,Packaging was good but product is just average in terms of quality.,neutral,0.22643636167049408,0.0,0.02154465263355148,"{""very negative"": 0.020769914612174034, ""neutral"": 0.22643636167049408, ""positive"": 0.03994236886501312, ""very positive"": 0.018210014328360558}","disappointment,admiration","{""disappointment"": 0.35051408410072327, ""admiration"": 0.31660306453704834}","[{""label"": ""disappointment"", ""score"": 0.35051408410072327}, {""label"": ""admiration"", ""score"": 0.31660306453704834}, {""label"": ""disapproval"", ""score"": 0.20833034813404083}, {""label"": ""approval"", ""score"": 0.14557017385959625}, {""label"": ""neutral"", ""score"": 0.10623263567686081}]",non_irony,0.5526584982872009,False,non-offensive,0.8434349298477173,False
2025-02-27,WM-IND-004,2,"Sehr gutes Produkt, schnelle Lieferung und tolle Qualitat. Empfehlenswert!",positive,0.5607585906982422,0.5,0.63179622013243,"{""very negative"": 0.019466347992420197, ""neutral"": 0.01999477855861187, ""positive"": 0.5607585906982422, ""very positive"": 0.3811355233192444}",neutral,"{""neutral"": 0.9314554929733276}","[{""label"": ""neutral"", ""score"": 0.9314554929733276}, {""label"": ""approval"", ""score"": 0.03372388705611229}, {""label"": ""annoyance"", ""score"": 0.009257086552679539}, {""label"": ""admiration"", ""score"": 0.006478950381278992}, {""label"": ""realization"", ""score"": 0.0048216269351542}]",non_irony,0.9127270579338074,False,non-offensive,0.7963050007820129,False
2025-03-06,TB-IND-007,4,"Fast delivery, great packaging, and the product works flawlessly.",positive,0.6741796135902405,0.5,0.5512896068214521,"{""very negative"": 0.01956154778599739, ""neutral"": 0.04252088442444801, ""positive"": 0.6741796135902405, ""very positive"": 0.24276283383369446}",admiration,"{""admiration"": 0.9123939275741577}","[{""label"": ""admiration"", ""score"": 0.9123939275741577}, {""label"": ""approval"", ""score"": 0.11531123518943787}, {""label"": ""neutral"", ""score"": 0.05167611688375473}, {""label"": ""gratitude"", ""score"": 0.016645468771457672}, {""label"": ""realization"", ""score"": 0.009102078154683113}]",irony,0.6614562273025513,True,non-offensive,0.9098259210586548,False
2024-10-23,WM-IND-004,3,"Produit de mauvaise qualite, je suis tres decu. Ne recommande pas.",very negative,0.376915842294693,-1.0,-0.6515037909879426,"{""very negative"": 0.376915842294693, ""neutral"": 0.02833167091012001, ""positive"": 0.024450555443763733, ""very positive"": 0.01673412136733532}",neutral,"{""neutral"": 0.9460828304290771}","[{""label"": ""neutral"", ""score"": 0.9460828304290771}, {""label"": ""approval"", ""score"": 0.029701441526412964}, {""label"": ""disapproval"", ""score"": 0.009891659021377563}, {""label"": ""realization"", ""score"": 0.00757063552737236}, {""label"": ""annoyance"", ""score"": 0.006734327878803015}]",non_irony,0.8884108662605286,False,non-offensive,0.8112044930458069,False
2024-12-04,TV-IND-001,3,Mixed feelings about this. Good hardware but software needs work.,neutral,0.3529156744480133,0.0,-0.0007012398408806531,"{""very negative"": 0.02983071096241474, ""neutral"": 0.3529156744480133, ""positive"": 0.04370034858584404, ""very positive"": 0.022560112178325653}","approval,admiration","{""approval"": 0.6612764596939087, ""admiration"": 0.3483160436153412}","[{""label"": ""approval"", ""score"": 0.6612764596939087}, {""label"": ""admiration"", ""score"": 0.3483160436153412}, {""label"": ""love"", ""score"": 0.05935299023985863}, {""label"": ""neutral"", ""score"": 0.03666551783680916}, {""label"": ""confusion"", ""score"": 0.03289495036005974}]",non_irony,0.8888905644416809,False,non-offensive,0.8927906155586243,False
2024-10-15,TV-IND-001,5,"Fast delivery, great packaging, and the product works flawlessly.",positive,0.6741796135902405,0.5,0.5512896068214521,"{""very negative"": 0.01956154778599739, ""neutral"": 0.04252088442444801, ""positive"": 0.6741796135902405, ""very positive"": 0.24276283383369446}",admiration,"{""admiration"": 0.9123939275741577}","[{""label"": ""admiration"", ""score"": 0.9123939275741577}, {""label"": ""approval"", ""score"": 0.11531123518943787}, {""label"": ""neutral"", ""score"": 0.05167611688375473}, {""label"": ""gratitude"", ""score"": 0.016645468771457672}, {""label"": ""realization"", ""score"": 0.009102078154683113}]",irony,0.6614562273025513,True,non-offensive,0.9098259210586548,False
2024-10-19,RF-IND-008,3,Product is fine for basic use but power users might find it limiting.,neutral,0.2278260439634323,0.0,0.13598060049171318,"{""very negative"": 0.017182493582367897, ""neutral"": 0.2278260439634323, ""positive"": 0.11778126657009125, ""very positive"": 0.021471703425049782}","neutral,approval","{""neutral"": 0.6480686068534851, ""approval"": 0.39360511302948}","[{""label"": ""neutral"", ""score"": 0.6480686068534851}, {""label"": ""approval"", ""score"": 0.39360511302948}, {""label"": ""realization"", ""score"": 0.027473531663417816}, {""label"": ""optimism"", ""score"": 0.021502286195755005}, {""label"": ""disapproval"", ""score"": 0.013942357152700424}]",non_irony,0.6216647624969482,False,non-offensive,0.8438470363616943,False
2024-12-08,TB-IND-007,3,"Excellent sound quality and comfortable fit, but the ANC could be much stronger for the price.",positive,0.15356729924678802,0.5,0.3086620512949099,"{""very negative"": 0.012060086242854595, ""neutral"": 0.07317974418401718, ""positive"": 0.15356729924678802, ""very positive"": 0.027106380090117455}",admiration,"{""admiration"": 0.9374375939369202}","[{""label"": ""admiration"", ""score"": 0.9374375939369202}, {""label"": ""approval"", ""score"": 0.089204341173172}, {""label"": ""neutral"", ""score"": 0.03402496129274368}, {""label"": ""optimism"", ""score"": 0.025380540639162064}, {""label"": ""gratitude"", ""score"": 0.018238363787531853}]",non_irony,0.9199045896530151,False,non-offensive,0.8908013105392456,False
2025-03-10,LP-IND-003,1,Amazing how they managed to make something this expensive feel this cheap. Truly impressive engineering.,positive,0.4396990239620209,0.5,0.31582474380543,"{""very negative"": 0.1261758953332901, ""neutral"": 0.04508422315120697, ""positive"": 0.4396990239620209, ""very positive"": 0.29556727409362793}",admiration,"{""admiration"": 0.9478908181190491}","[{""label"": ""admiration"", ""score"": 0.9478908181190491}, {""label"": ""approval"", ""score"": 0.02901063673198223}, {""label"": ""neutral"", ""score"": 0.022152459248900414}, {""label"": ""excitement"", ""score"": 0.01925773359835148}, {""label"": ""surprise"", ""score"": 0.016320671886205673}]",irony,0.9598375558853149,True,non-offensive,0.8323938250541687,False
2024-11-17,LP-IND-003,3,Some features work well but others feel half-baked and unfinished.,neutral,0.11231619864702225,0.0,-0.017368461427197737,"{""very negative"": 0.024700509384274483, ""neutral"": 0.11231619864702225, ""positive"": 0.031947653740644455, ""very positive"": 0.017410876229405403}",neutral,"{""neutral"": 0.42452213168144226}","[{""label"": ""neutral"", ""score"": 0.42452213168144226}, {""label"": ""approval"", ""score"": 0.262663334608078}, {""label"": ""disapproval"", ""score"": 0.08497705310583115}, {""label"": ""disappointment"", ""score"": 0.07289377599954605}, {""label"": ""annoyance"", ""score"": 0.06537593901157379}]",non_irony,0.7920966744422913,False,non-offensive,0.8468405604362488,False
2024-10-22,MB-IND-002,2,Software is buggy and crashes frequently. Needs serious updates.,very negative,0.16292156279087067,-1.0,-0.549398270482279,"{""very negative"": 0.16292156279087067, ""neutral"": 0.038247622549533844, ""positive"": 0.017066175118088722, ""very positive"": 0.017066175118088722}",annoyance,"{""annoyance"": 0.35407698154449463}","[{""label"": ""annoyance"", ""score"": 0.35407698154449463}, {""label"": ""disappointment"", ""score"": 0.2594839036464691}, {""label"": ""neutral"", ""score"": 0.24903368949890137}, {""label"": ""disapproval"", ""score"": 0.0876527801156044}, {""label"": ""approval"", ""score"": 0.08709853142499924}]",non_irony,0.9079406261444092,False,non-offensive,0.7005749940872192,False
2025-01-08,AC-IND-005,4,The processor handles multitasking effortlessly. No lag whatsoever.,neutral,0.7597368359565735,0.0,0.00797338825580054,"{""very negative"": 0.045921143144369125, ""neutral"": 0.7597368359565735, ""positive"": 0.05292467027902603, ""very positive"": 0.05003025010228157}","admiration,approval,neutral","{""admiration"": 0.3868221342563629, ""approval"": 0.3720160722732544, ""neutral"": 0.3502216339111328}","[{""label"": ""admiration"", ""score"": 0.3868221342563629}, {""label"": ""approval"", ""score"": 0.3720160722732544}, {""label"": ""neutral"", ""score"": 0.3502216339111328}, {""label"": ""realization"", ""score"": 0.014902401715517044}, {""label"": ""pride"", ""score"": 0.008550484664738178}]",irony,0.5463454127311707,True,non-offensive,0.8667475581169128,False
2024-11-20,MB-IND-002,2,Wash quality is superb and very gentle on clothes. But the spin cycle is noisy and takes too long.,neutral,0.12252725660800934,0.0,-0.08810374244550431,"{""very negative"": 0.028522823005914688, ""neutral"": 0.12252725660800934, ""positive"": 0.025434179231524467, ""very positive"": 0.011033188551664352}","neutral,admiration","{""neutral"": 0.3840573728084564, ""admiration"": 0.34550753235816956}","[{""label"": ""neutral"", ""score"": 0.3840573728084564}, {""label"": ""admiration"", ""score"": 0.34550753235816956}, {""label"": ""approval"", ""score"": 0.09356952458620071}, {""label"": ""disappointment"", ""score"": 0.0653710588812828}, {""label"": ""annoyance"", ""score"": 0.05638834461569786}]",irony,0.6539191007614136,True,non-offensive,0.8536752462387085,False
2025-02-05,AC-IND-005,4,"Screen resolution is crystal clear, perfect for streaming and gaming.",positive,0.392398476600647,0.5,0.542207413406494,"{""very negative"": 0.025593694299459457, ""neutral"": 0.16940507292747498, ""positive"": 0.392398476600647, ""very positive"": 0.38130703568458557}",approval,"{""approval"": 0.5070986747741699}","[{""label"": ""approval"", ""score"": 0.5070986747741699}, {""label"": ""neutral"", ""score"": 0.2965473234653473}, {""label"": ""admiration"", ""score"": 0.2750425338745117}, {""label"": ""realization"", ""score"": 0.009711122140288353}, {""label"": ""optimism"", ""score"": 0.009128984063863754}]",irony,0.6862936615943909,True,non-offensive,0.9093480110168457,False
2024-12-20,TB-IND-007,1,Terrible experience. Product stopped working within a week of purchase.,very negative,0.49440306425094604,-1.0,-0.6392283390705386,"{""very negative"": 0.49440306425094604, ""neutral"": 0.08719932287931442, ""positive"": 0.01936017908155918, ""very positive"": 0.01936017908155918}",sadness,"{""sadness"": 0.39730533957481384}","[{""label"": ""sadness"", ""score"": 0.39730533957481384}, {""label"": ""fear"", ""score"": 0.2838751971721649}, {""label"": ""disappointment"", ""score"": 0.2159164994955063}, {""label"": ""nervousness"", ""score"": 0.041859596967697144}, {""label"": ""annoyance"", ""score"": 0.027089202776551247}]",non_irony,0.8665359616279602,False,non-offensive,0.810444176197052,False
2024-11-18,HP-IND-006,4,Display is gorgeous with vibrant colors and deep blacks. Very impressed!,positive,0.6351503133773804,0.5,0.581952468814245,"{""very negative"": 0.017654336988925934, ""neutral"": 0.037703920155763626, ""positive"": 0.6351503133773804, ""very positive"": 0.2894969880580902}",admiration,"{""admiration"": 0.9594106674194336}","[{""label"": ""admiration"", ""score"": 0.9594106674194336}, {""label"": ""approval"", ""score"": 0.028953349217772484}, {""label"": ""neutral"", ""score"": 0.013620489276945591}, {""label"": ""excitement"", ""score"": 0.008283348754048347}, {""label"": ""gratitude"", ""score"": 0.008044804446399212}]",non_irony,0.8086977601051331,False,non-offensive,0.9492805600166321,False
2024-10-06,LP-IND-003,4,"Fast delivery, great packaging, and the product works flawlessly.",positive,0.6741796135902405,0.5,0.5512896068214521,"{""very negative"": 0.01956154778599739, ""neutral"": 0.04252088442444801, ""positive"": 0.6741796135902405, ""very positive"": 0.24276283383369446}",admiration,"{""admiration"": 0.9123939275741577}","[{""label"": ""admiration"", ""score"": 0.9123939275741577}, {""label"": ""approval"", ""score"": 0.11531123518943787}, {""label"": ""neutral"", ""score"": 0.05167611688375473}, {""label"": ""gratitude"", ""score"": 0.016645468771457672}, {""label"": ""realization"", ""score"": 0.009102078154683113}]",irony,0.6614562273025513,True,non-offensive,0.9098259210586548,False
2024-11-25,AC-IND-005,2,"Very noisy operation, you can hear it from across the room.",very negative,0.2273368090391159,-1.0,-0.5590371333032957,"{""very negative"": 0.2273368090391159, ""neutral"": 0.040130890905857086, ""positive"": 0.03464279696345329, ""very positive"": 0.01776937209069729}","neutral,annoyance,disgust","{""neutral"": 0.20088286697864532, ""annoyance"": 0.18471433222293854, ""disgust"": 0.029139941558241844}","[{""label"": ""neutral"", ""score"": 0.20088286697864532}, {""label"": ""annoyance"", ""score"": 0.18471433222293854}, {""label"": ""disgust"", ""score"": 0.029139941558241844}, {""label"": ""approval"", ""score"": 0.024515606462955475}, {""label"": ""anger"", ""score"": 0.023660719394683838}]",irony,0.5849149227142334,True,non-offensive,0.7706944346427917,False
2025-02-07,MB-IND-002,3,Some features work well but others feel half-baked and unfinished.,neutral,0.11231619864702225,0.0,-0.017368461427197737,"{""very negative"": 0.024700509384274483, ""neutral"": 0.11231619864702225, ""positive"": 0.031947653740644455, ""very positive"": 0.017410876229405403}",neutral,"{""neutral"": 0.42452213168144226}","[{""label"": ""neutral"", ""score"": 0.42452213168144226}, {""label"": ""approval"", ""score"": 0.262663334608078}, {""label"": ""disapproval"", ""score"": 0.08497705310583115}, {""label"": ""disappointment"", ""score"": 0.07289377599954605}, {""label"": ""annoyance"", ""score"": 0.06537593901157379}]",non_irony,0.7920966744422913,False,non-offensive,0.8468405604362488,False
2024-10-21,TB-IND-007,3,Mixed feelings about this. Good hardware but software needs work.,neutral,0.3529156744480133,0.0,-0.0007012398408806531,"{""very negative"": 0.02983071096241474, ""neutral"": 0.3529156744480133, ""positive"": 0.04370034858584404, ""very positive"": 0.022560112178325653}","approval,admiration","{""approval"": 0.6612764596939087, ""admiration"": 0.3483160436153412}","[{""label"": ""approval"", ""score"": 0.6612764596939087}, {""label"": ""admiration"", ""score"": 0.3483160436153412}, {""label"": ""love"", ""score"": 0.05935299023985863}, {""label"": ""neutral"", ""score"": 0.03666551783680916}, {""label"": ""confusion"", ""score"": 0.03289495036005974}]",non_irony,0.8888905644416809,False,non-offensive,0.8927906155586243,False
2025-02-01,LP-IND-003,2,Amazing how they managed to make something this expensive feel this cheap. Truly impressive engineering.,positive,0.4396990239620209,0.5,0.31582474380543,"{""very negative"": 0.1261758953332901, ""neutral"": 0.04508422315120697, ""positive"": 0.4396990239620209, ""very positive"": 0.29556727409362793}",admiration,"{""admiration"": 0.9478908181190491}","[{""label"": ""admiration"", ""score"": 0.9478908181190491}, {""label"": ""approval"", ""score"": 0.02901063673198223}, {""label"": ""neutral"", ""score"": 0.022152459248900414}, {""label"": ""excitement"", ""score"": 0.01925773359835148}, {""label"": ""surprise"", ""score"": 0.016320671886205673}]",irony,0.9598375558853149,True,non-offensive,0.8323938250541687,False
2025-03-01,AC-IND-005,2,"Very noisy operation, you can hear it from across the room.",very negative,0.2273368090391159,-1.0,-0.5590371333032957,"{""very negative"": 0.2273368090391159, ""neutral"": 0.040130890905857086, ""positive"": 0.03464279696345329, ""very positive"": 0.01776937209069729}","neutral,annoyance,disgust","{""neutral"": 0.20088286697864532, ""annoyance"": 0.18471433222293854, ""disgust"": 0.029139941558241844}","[{""label"": ""neutral"", ""score"": 0.20088286697864532}, {""label"": ""annoyance"", ""score"": 0.18471433222293854}, {""label"": ""disgust"", ""score"": 0.029139941558241844}, {""label"": ""approval"", ""score"": 0.024515606462955475}, {""label"": ""anger"", ""score"": 0.023660719394683838}]",irony,0.5849149227142334,True,non-offensive,0.7706944346427917,False
2025-01-12,MB-IND-002,3,Some features work well but others feel half-baked and unfinished.,neutral,0.11231619864702225,0.0,-0.017368461427197737,"{""very negative"": 0.024700509384274483, ""neutral"": 0.11231619864702225, ""positive"": 0.031947653740644455, ""very positive"": 0.017410876229405403}",neutral,"{""neutral"": 0.42452213168144226}","[{""label"": ""neutral"", ""score"": 0.42452213168144226}, {""label"": ""approval"", ""score"": 0.262663334608078}, {""label"": ""disapproval"", ""score"": 0.08497705310583115}, {""label"": ""disappointment"", ""score"": 0.07289377599954605}, {""label"": ""annoyance"", ""score"": 0.06537593901157379}]",non_irony,0.7920966744422913,False,non-offensive,0.8468405604362488,False
2025-03-15,HP-IND-006,3,Product is fine for basic use but power users might find it limiting.,neutral,0.2278260439634323,0.0,0.13598060049171318,"{""very negative"": 0.017182493582367897, ""neutral"": 0.2278260439634323, ""positive"": 0.11778126657009125, ""very positive"": 0.021471703425049782}","neutral,approval","{""neutral"": 0.6480686068534851, ""approval"": 0.39360511302948}","[{""label"": ""neutral"", ""score"": 0.6480686068534851}, {""label"": ""approval"", ""score"": 0.39360511302948}, {""label"": ""realization"", ""score"": 0.027473531663417816}, {""label"": ""optimism"", ""score"": 0.021502286195755005}, {""label"": ""disapproval"", ""score"": 0.013942357152700424}]",non_irony,0.6216647624969482,False,non-offensive,0.8438470363616943,False
2024-11-05,MB-IND-002,1,I just love paying premium prices for something that works half the time. Wonderful!,positive,0.4681796431541443,0.5,0.3093943984333868,"{""very negative"": 0.08025987446308136, ""neutral"": 0.054569948464632034, ""positive"": 0.4681796431541443, ""very positive"": 0.14146959781646729}","love,admiration","{""love"": 0.9180864095687866, ""admiration"": 0.30730876326560974}","[{""label"": ""love"", ""score"": 0.9180864095687866}, {""label"": ""admiration"", ""score"": 0.30730876326560974}, {""label"": ""joy"", ""score"": 0.07236479967832565}, {""label"": ""approval"", ""score"": 0.03508445620536804}, {""label"": ""excitement"", ""score"": 0.01018813531845808}]",irony,0.9883338212966919,True,non-offensive,0.9597514867782593,False
2025-03-11,TV-IND-001,1,Customer service is non-existent. Been waiting 3 weeks for a response.,very negative,0.4578317105770111,-1.0,-0.579201002717572,"{""very negative"": 0.4578317105770111, ""neutral"": 0.15317650139331818, ""positive"": 0.025456801056861877, ""very positive"": 0.025456801056861877}","disappointment,annoyance","{""disappointment"": 0.5341309905052185, ""annoyance"": 0.31432658433914185}","[{""label"": ""disappointment"", ""score"": 0.5341309905052185}, {""label"": ""annoyance"", ""score"": 0.31432658433914185}, {""label"": ""neutral"", ""score"": 0.20545412600040436}, {""label"": ""disapproval"", ""score"": 0.15114009380340576}, {""label"": ""sadness"", ""score"": 0.023914506658911705}]",non_irony,0.6569333672523499,False,non-offensive,0.8544687032699585,False
2024-12-05,AC-IND-005,3,"Bahut achha product hai, value for money. Camera bhi bahut accha hai.",positive,0.5882152915000916,0.5,0.4220367277463888,"{""very negative"": 0.0290150735527277, ""neutral"": 0.18226198852062225, ""positive"": 0.5882152915000916, ""very positive"": 0.1714218407869339}",neutral,"{""neutral"": 0.7110043168067932}","[{""label"": ""neutral"", ""score"": 0.7110043168067932}, {""label"": ""approval"", ""score"": 0.15353593230247498}, {""label"": ""admiration"", ""score"": 0.0266432985663414}, {""label"": ""amusement"", ""score"": 0.018048683181405067}, {""label"": ""joy"", ""score"": 0.013174094259738922}]",non_irony,0.8170913457870483,False,non-offensive,0.7812522053718567,False
2024-12-09,LP-IND-003,4,Absolutely love this product! The build quality is exceptional and performance exceeds expectations.,positive,0.7471796870231628,0.5,0.7025448596220167,"{""very negative"": 0.015530555509030819, ""neutral"": 0.036719899624586105, ""positive"": 0.7471796870231628, ""very positive"": 0.7471796870231628}","admiration,love","{""admiration"": 0.8205865025520325, ""love"": 0.7115253806114197}","[{""label"": ""admiration"", ""score"": 0.8205865025520325}, {""label"": ""love"", ""score"": 0.7115253806114197}, {""label"": ""approval"", ""score"": 0.04455780237913132}, {""label"": ""gratitude"", ""score"": 0.016261670738458633}, {""label"": ""optimism"", ""score"": 0.009366675280034542}]",non_irony,0.8729540109634399,False,non-offensive,0.9555073380470276,False
2024-11-08,AC-IND-005,4,Photo quality rivals phones twice the price. Very happy with the camera.,positive,0.9200547933578491,0.5,0.4818561179793535,"{""very negative"": 0.009893827140331268, ""neutral"": 0.01960623636841774, ""positive"": 0.9200547933578491, ""very positive"": 0.03305947035551071}",joy,"{""joy"": 0.8326600790023804}","[{""label"": ""joy"", ""score"": 0.8326600790023804}, {""label"": ""admiration"", ""score"": 0.12147273868322372}, {""label"": ""approval"", ""score"": 0.08454403281211853}, {""label"": ""neutral"", ""score"": 0.041709545999765396}, {""label"": ""relief"", ""score"": 0.027668539434671402}]",non_irony,0.5060417652130127,False,non-offensive,0.9031765460968018,False
2025-02-11,TB-IND-007,1,I just love paying premium prices for something that works half the time. Wonderful!,positive,0.4681796431541443,0.5,0.3093943984333868,"{""very negative"": 0.08025987446308136, ""neutral"": 0.054569948464632034, ""positive"": 0.4681796431541443, ""very positive"": 0.14146959781646729}","love,admiration","{""love"": 0.9180864095687866, ""admiration"": 0.30730876326560974}","[{""label"": ""love"", ""score"": 0.9180864095687866}, {""label"": ""admiration"", ""score"": 0.30730876326560974}, {""label"": ""joy"", ""score"": 0.07236479967832565}, {""label"": ""approval"", ""score"": 0.03508445620536804}, {""label"": ""excitement"", ""score"": 0.01018813531845808}]",irony,0.9883338212966919,True,non-offensive,0.9597514867782593,False
2024-12-07,WM-IND-004,2,"Oh great, another product that breaks right after warranty expires. How convenient!",very negative,0.13526460528373718,-1.0,-0.5038809908315215,"{""very negative"": 0.13526460528373718, ""neutral"": 0.01894294284284115, ""positive"": 0.02767418511211872, ""very positive"": 0.019453536719083786}",admiration,"{""admiration"": 0.8009824156761169}","[{""label"": ""admiration"", ""score"": 0.8009824156761169}, {""label"": ""approval"", ""score"": 0.10055772960186005}, {""label"": ""disappointment"", ""score"": 0.08632303029298782}, {""label"": ""realization"", ""score"": 0.04643560200929642}, {""label"": ""neutral"", ""score"": 0.027577385306358337}]",irony,0.9890222549438477,True,non-offensive,0.8594326972961426,False
2024-10-26,TB-IND-007,3,Product is fine for basic use but power users might find it limiting.,neutral,0.2278260439634323,0.0,0.13598060049171318,"{""very negative"": 0.017182493582367897, ""neutral"": 0.2278260439634323, ""positive"": 0.11778126657009125, ""very positive"": 0.021471703425049782}","neutral,approval","{""neutral"": 0.6480686068534851, ""approval"": 0.39360511302948}","[{""label"": ""neutral"", ""score"": 0.6480686068534851}, {""label"": ""approval"", ""score"": 0.39360511302948}, {""label"": ""realization"", ""score"": 0.027473531663417816}, {""label"": ""optimism"", ""score"": 0.021502286195755005}, {""label"": ""disapproval"", ""score"": 0.013942357152700424}]",non_irony,0.6216647624969482,False,non-offensive,0.8438470363616943,False
2024-10-30,TB-IND-007,2,Terrible experience. Product stopped working within a week of purchase.,very negative,0.49440306425094604,-1.0,-0.6392283390705386,"{""very negative"": 0.49440306425094604, ""neutral"": 0.08719932287931442, ""positive"": 0.01936017908155918, ""very positive"": 0.01936017908155918}",sadness,"{""sadness"": 0.39730533957481384}","[{""label"": ""sadness"", ""score"": 0.39730533957481384}, {""label"": ""fear"", ""score"": 0.2838751971721649}, {""label"": ""disappointment"", ""score"": 0.2159164994955063}, {""label"": ""nervousness"", ""score"": 0.041859596967697144}, {""label"": ""annoyance"", ""score"": 0.027089202776551247}]",non_irony,0.8665359616279602,False,non-offensive,0.810444176197052,False
2025-01-17,TB-IND-007,5,Excellent cooling performance even during peak summer. Very satisfied.,positive,0.7707273960113525,0.5,0.5362639801740339,"{""very negative"": 0.014967979863286018, ""neutral"": 0.02442777529358864, ""positive"": 0.7707273960113525, ""very positive"": 0.17155218124389648}",admiration,"{""admiration"": 0.9331638216972351}","[{""label"": ""admiration"", ""score"": 0.9331638216972351}, {""label"": ""approval"", ""score"": 0.07154010981321335}, {""label"": ""gratitude"", ""score"": 0.04528460651636124}, {""label"": ""neutral"", ""score"": 0.019264668226242065}, {""label"": ""joy"", ""score"": 0.010110114701092243}]",non_irony,0.602388322353363,False,non-offensive,0.9177484512329102,False
2024-11-09,MB-IND-002,3,Packaging was good but product is just average in terms of quality.,neutral,0.22643636167049408,0.0,0.02154465263355148,"{""very negative"": 0.020769914612174034, ""neutral"": 0.22643636167049408, ""positive"": 0.03994236886501312, ""very positive"": 0.018210014328360558}","disappointment,admiration","{""disappointment"": 0.35051408410072327, ""admiration"": 0.31660306453704834}","[{""label"": ""disappointment"", ""score"": 0.35051408410072327}, {""label"": ""admiration"", ""score"": 0.31660306453704834}, {""label"": ""disapproval"", ""score"": 0.20833034813404083}, {""label"": ""approval"", ""score"": 0.14557017385959625}, {""label"": ""neutral"", ""score"": 0.10623263567686081}]",non_irony,0.5526584982872009,False,non-offensive,0.8434349298477173,False
2024-11-04,TV-IND-001,4,Best purchase I have made this year. Great value for money and excellent features.,positive,0.44873490929603577,0.5,0.5963910590069607,"{""very negative"": 0.028467901051044464, ""neutral"": 0.07443559914827347, ""positive"": 0.44873490929603577, ""very positive"": 0.40708863735198975}",admiration,"{""admiration"": 0.947281539440155}","[{""label"": ""admiration"", ""score"": 0.947281539440155}, {""label"": ""approval"", ""score"": 0.04991918429732323}, {""label"": ""gratitude"", ""score"": 0.017717011272907257}, {""label"": ""neutral"", ""score"": 0.016094906255602837}, {""label"": ""realization"", ""score"": 0.006029242649674416}]",non_irony,0.6735737919807434,False,non-offensive,0.953192949295044,False
2025-01-20,AC-IND-005,5,Best purchase I have made this year. Great value for money and excellent features.,positive,0.44873490929603577,0.5,0.5963910590069607,"{""very negative"": 0.028467901051044464, ""neutral"": 0.07443559914827347, ""positive"": 0.44873490929603577, ""very positive"": 0.40708863735198975}",admiration,"{""admiration"": 0.947281539440155}","[{""label"": ""admiration"", ""score"": 0.947281539440155}, {""label"": ""approval"", ""score"": 0.04991918429732323}, {""label"": ""gratitude"", ""score"": 0.017717011272907257}, {""label"": ""neutral"", ""score"": 0.016094906255602837}, {""label"": ""realization"", ""score"": 0.006029242649674416}]",non_irony,0.6735737919807434,False,non-offensive,0.953192949295044,False
2024-10-11,WM-IND-004,5,"Sound quality is phenomenal, crisp highs and deep bass. Worth every penny.",positive,0.49539729952812195,0.5,0.6590491162612364,"{""very negative"": 0.019894424825906754, ""neutral"": 0.05166413262486458, ""positive"": 0.49539729952812195, ""very positive"": 0.49539729952812195}",admiration,"{""admiration"": 0.9490026235580444}","[{""label"": ""admiration"", ""score"": 0.9490026235580444}, {""label"": ""approval"", ""score"": 0.04883971065282822}, {""label"": ""neutral"", ""score"": 0.030404893681406975}, {""label"": ""gratitude"", ""score"": 0.010029646568000317}, {""label"": ""disapproval"", ""score"": 0.006704993546009064}]",non_irony,0.7751739025115967,False,non-offensive,0.8951526284217834,False
2025-02-24,RF-IND-008,3,Decent product for the price. Nothing extraordinary but gets the job done.,positive,0.9262930154800415,0.5,0.4699002944402194,"{""very negative"": 0.008937007747590542, ""neutral"": 0.029806025326251984, ""positive"": 0.9262930154800415, ""very positive"": 0.014957997016608715}",admiration,"{""admiration"": 0.8266987204551697}","[{""label"": ""admiration"", ""score"": 0.8266987204551697}, {""label"": ""approval"", ""score"": 0.24115855991840363}, {""label"": ""neutral"", ""score"": 0.08824765682220459}, {""label"": ""realization"", ""score"": 0.015828154981136322}, {""label"": ""gratitude"", ""score"": 0.015294903889298439}]",non_irony,0.8037245869636536,False,non-offensive,0.9300389289855957,False
2024-12-31,TV-IND-001,1,Terrible experience. Product stopped working within a week of purchase.,very negative,0.49440306425094604,-1.0,-0.6392283390705386,"{""very negative"": 0.49440306425094604, ""neutral"": 0.08719932287931442, ""positive"": 0.01936017908155918, ""very positive"": 0.01936017908155918}",sadness,"{""sadness"": 0.39730533957481384}","[{""label"": ""sadness"", ""score"": 0.39730533957481384}, {""label"": ""fear"", ""score"": 0.2838751971721649}, {""label"": ""disappointment"", ""score"": 0.2159164994955063}, {""label"": ""nervousness"", ""score"": 0.041859596967697144}, {""label"": ""annoyance"", ""score"": 0.027089202776551247}]",non_irony,0.8665359616279602,False,non-offensive,0.810444176197052,False
2024-12-07,HP-IND-006,2,The battery dies faster than my enthusiasm for this brand. Remarkable achievement!,positive,0.7221293449401855,0.5,0.7025799770686348,"{""very negative"": 0.0158077459782362, ""neutral"": 0.03211413696408272, ""positive"": 0.7221293449401855, ""very positive"": 0.7221293449401855}",admiration,"{""admiration"": 0.9155632853507996}","[{""label"": ""admiration"", ""score"": 0.9155632853507996}, {""label"": ""approval"", ""score"": 0.058518778532743454}, {""label"": ""excitement"", ""score"": 0.057543788105249405}, {""label"": ""neutral"", ""score"": 0.024362027645111084}, {""label"": ""surprise"", ""score"": 0.020907849073410034}]",irony,0.943659245967865,True,non-offensive,0.8459072709083557,False
2024-12-06,WM-IND-004,4,"Sound quality is phenomenal, crisp highs and deep bass. Worth every penny.",positive,0.49539729952812195,0.5,0.6590491162612364,"{""very negative"": 0.019894424825906754, ""neutral"": 0.05166413262486458, ""positive"": 0.49539729952812195, ""very positive"": 0.49539729952812195}",admiration,"{""admiration"": 0.9490026235580444}","[{""label"": ""admiration"", ""score"": 0.9490026235580444}, {""label"": ""approval"", ""score"": 0.04883971065282822}, {""label"": ""neutral"", ""score"": 0.030404893681406975}, {""label"": ""gratitude"", ""score"": 0.010029646568000317}, {""label"": ""disapproval"", ""score"": 0.006704993546009064}]",non_irony,0.7751739025115967,False,non-offensive,0.8951526284217834,False
2025-01-21,AC-IND-005,1,Sound quality is tinny and distorted at higher volumes. Not acceptable.,very negative,0.12479760497808456,-1.0,-0.493778516965209,"{""very negative"": 0.12479760497808456, ""neutral"": 0.04836035519838333, ""positive"": 0.01610911823809147, ""very positive"": 0.01610911823809147}",disapproval,"{""disapproval"": 0.7381646633148193}","[{""label"": ""disapproval"", ""score"": 0.7381646633148193}, {""label"": ""annoyance"", ""score"": 0.21084058284759521}, {""label"": ""neutral"", ""score"": 0.112130306661129}, {""label"": ""disappointment"", ""score"": 0.06412441283464432}, {""label"": ""approval"", ""score"": 0.023751674219965935}]",non_irony,0.9257212281227112,False,non-offensive,0.7237016558647156,False
2024-12-15,MB-IND-002,4,The processor handles multitasking effortlessly. No lag whatsoever.,neutral,0.7597368359565735,0.0,0.00797338825580054,"{""very negative"": 0.045921143144369125, ""neutral"": 0.7597368359565735, ""positive"": 0.05292467027902603, ""very positive"": 0.05003025010228157}","admiration,approval,neutral","{""admiration"": 0.3868221342563629, ""approval"": 0.3720160722732544, ""neutral"": 0.3502216339111328}","[{""label"": ""admiration"", ""score"": 0.3868221342563629}, {""label"": ""approval"", ""score"": 0.3720160722732544}, {""label"": ""neutral"", ""score"": 0.3502216339111328}, {""label"": ""realization"", ""score"": 0.014902401715517044}, {""label"": ""pride"", ""score"": 0.008550484664738178}]",irony,0.5463454127311707,True,non-offensive,0.8667475581169128,False
2024-10-14,TV-IND-001,2,Screen cracked with normal use. Quality control is terrible.,very negative,0.5559578537940979,-1.0,-0.6692550732481275,"{""very negative"": 0.5559578537940979, ""neutral"": 0.049877576529979706, ""positive"": 0.019869836047291756, ""very positive"": 0.019869836047291756}",fear,"{""fear"": 0.6690434813499451}","[{""label"": ""fear"", ""score"": 0.6690434813499451}, {""label"": ""disgust"", ""score"": 0.12236551195383072}, {""label"": ""neutral"", ""score"": 0.052940722554922104}, {""label"": ""annoyance"", ""score"": 0.04901452735066414}, {""label"": ""disapproval"", ""score"": 0.03401099890470505}]",non_irony,0.7531394362449646,False,non-offensive,0.6582257747650146,False
2025-02-27,MB-IND-002,4,Wash quality is superb and very gentle on clothes. But the spin cycle is noisy and takes too long.,neutral,0.12252725660800934,0.0,-0.08810374244550431,"{""very negative"": 0.028522823005914688, ""neutral"": 0.12252725660800934, ""positive"": 0.025434179231524467, ""very positive"": 0.011033188551664352}","neutral,admiration","{""neutral"": 0.3840573728084564, ""admiration"": 0.34550753235816956}","[{""label"": ""neutral"", ""score"": 0.3840573728084564}, {""label"": ""admiration"", ""score"": 0.34550753235816956}, {""label"": ""approval"", ""score"": 0.09356952458620071}, {""label"": ""disappointment"", ""score"": 0.0653710588812828}, {""label"": ""annoyance"", ""score"": 0.05638834461569786}]",irony,0.6539191007614136,True,non-offensive,0.8536752462387085,False
2025-01-11,WM-IND-004,4,Display is gorgeous with vibrant colors and deep blacks. Very impressed!,positive,0.6351503133773804,0.5,0.581952468814245,"{""very negative"": 0.017654336988925934, ""neutral"": 0.037703920155763626, ""positive"": 0.6351503133773804, ""very positive"": 0.2894969880580902}",admiration,"{""admiration"": 0.9594106674194336}","[{""label"": ""admiration"", ""score"": 0.9594106674194336}, {""label"": ""approval"", ""score"": 0.028953349217772484}, {""label"": ""neutral"", ""score"": 0.013620489276945591}, {""label"": ""excitement"", ""score"": 0.008283348754048347}, {""label"": ""gratitude"", ""score"": 0.008044804446399212}]",non_irony,0.8086977601051331,False,non-offensive,0.9492805600166321,False
2024-11-25,LP-IND-003,3,Product is fine for basic use but power users might find it limiting.,neutral,0.2278260439634323,0.0,0.13598060049171318,"{""very negative"": 0.017182493582367897, ""neutral"": 0.2278260439634323, ""positive"": 0.11778126657009125, ""very positive"": 0.021471703425049782}","neutral,approval","{""neutral"": 0.6480686068534851, ""approval"": 0.39360511302948}","[{""label"": ""neutral"", ""score"": 0.6480686068534851}, {""label"": ""approval"", ""score"": 0.39360511302948}, {""label"": ""realization"", ""score"": 0.027473531663417816}, {""label"": ""optimism"", ""score"": 0.021502286195755005}, {""label"": ""disapproval"", ""score"": 0.013942357152700424}]",non_irony,0.6216647624969482,False,non-offensive,0.8438470363616943,False
2024-10-01,MB-IND-002,2,After 3 months the motor started making grinding noises. Poor quality.,very negative,0.21506524085998535,-1.0,-0.5608611558829494,"{""very negative"": 0.21506524085998535, ""neutral"": 0.06599922478199005, ""positive"": 0.018860796466469765, ""very positive"": 0.0155870970338583}","disappointment,neutral","{""disappointment"": 0.5225762724876404, ""neutral"": 0.32229286432266235}","[{""label"": ""disappointment"", ""score"": 0.5225762724876404}, {""label"": ""neutral"", ""score"": 0.32229286432266235}, {""label"": ""annoyance"", ""score"": 0.204111248254776}, {""label"": ""sadness"", ""score"": 0.08719734847545624}, {""label"": ""disapproval"", ""score"": 0.04562728479504585}]",non_irony,0.6407272219657898,False,non-offensive,0.7529452443122864,False
2024-10-11,HP-IND-006,3,"Average performance. Some features are good, others need improvement.",positive,0.61644446849823,0.5,0.34826672452702356,"{""very negative"": 0.025447191670536995, ""neutral"": 0.1476220041513443, ""positive"": 0.61644446849823, ""very positive"": 0.021131806075572968}","approval,admiration","{""approval"": 0.6711743474006653, ""admiration"": 0.3304252624511719}","[{""label"": ""approval"", ""score"": 0.6711743474006653}, {""label"": ""admiration"", ""score"": 0.3304252624511719}, {""label"": ""neutral"", ""score"": 0.1314345896244049}, {""label"": ""optimism"", ""score"": 0.0660710483789444}, {""label"": ""realization"", ""score"": 0.028510229662060738}]",non_irony,0.9071303606033325,False,non-offensive,0.930716335773468,False
2024-10-21,TV-IND-001,3,"Average performance. Some features are good, others need improvement.",positive,0.61644446849823,0.5,0.34826672452702356,"{""very negative"": 0.025447191670536995, ""neutral"": 0.1476220041513443, ""positive"": 0.61644446849823, ""very positive"": 0.021131806075572968}","approval,admiration","{""approval"": 0.6711743474006653, ""admiration"": 0.3304252624511719}","[{""label"": ""approval"", ""score"": 0.6711743474006653}, {""label"": ""admiration"", ""score"": 0.3304252624511719}, {""label"": ""neutral"", ""score"": 0.1314345896244049}, {""label"": ""optimism"", ""score"": 0.0660710483789444}, {""label"": ""realization"", ""score"": 0.028510229662060738}]",non_irony,0.9071303606033325,False,non-offensive,0.930716335773468,False
2025-02-26,WM-IND-004,5,Setup was a breeze. Works perfectly right out of the box.,positive,0.7648035287857056,0.5,0.47922752030908433,"{""very negative"": 0.018615633249282837, ""neutral"": 0.0714670941233635, ""positive"": 0.7648035287857056, ""very positive"": 0.12313982099294662}",approval,"{""approval"": 0.4734435975551605}","[{""label"": ""approval"", ""score"": 0.4734435975551605}, {""label"": ""neutral"", ""score"": 0.22926150262355804}, {""label"": ""admiration"", ""score"": 0.15972226858139038}, {""label"": ""joy"", ""score"": 0.12473662942647934}, {""label"": ""realization"", ""score"": 0.03085273876786232}]",non_irony,0.7767495512962341,False,non-offensive,0.8942966461181641,False
2025-03-08,TB-IND-007,2,Storage capacity is generous but the app crashes frequently when transferring large files.,neutral,0.21944527328014374,0.0,-0.016317923227209753,"{""very negative"": 0.026355694979429245, ""neutral"": 0.21944527328014374, ""positive"": 0.028247667476534843, ""very positive"": 0.02017846331000328}","neutral,disappointment","{""neutral"": 0.565437376499176, ""disappointment"": 0.34233924746513367}","[{""label"": ""neutral"", ""score"": 0.565437376499176}, {""label"": ""disappointment"", ""score"": 0.34233924746513367}, {""label"": ""disapproval"", ""score"": 0.0853864774107933}, {""label"": ""annoyance"", ""score"": 0.07664201408624649}, {""label"": ""approval"", ""score"": 0.055152952671051025}]",non_irony,0.8343307971954346,False,non-offensive,0.7884221076965332,False
2024-10-02,HP-IND-006,1,I just love paying premium prices for something that works half the time. Wonderful!,positive,0.4681796431541443,0.5,0.3093943984333868,"{""very negative"": 0.08025987446308136, ""neutral"": 0.054569948464632034, ""positive"": 0.4681796431541443, ""very positive"": 0.14146959781646729}","love,admiration","{""love"": 0.9180864095687866, ""admiration"": 0.30730876326560974}","[{""label"": ""love"", ""score"": 0.9180864095687866}, {""label"": ""admiration"", ""score"": 0.30730876326560974}, {""label"": ""joy"", ""score"": 0.07236479967832565}, {""label"": ""approval"", ""score"": 0.03508445620536804}, {""label"": ""excitement"", ""score"": 0.01018813531845808}]",irony,0.9883338212966919,True,non-offensive,0.9597514867782593,False
2025-01-14,RF-IND-008,1,The promised features do not work as advertised. False marketing.,very negative,0.11003702878952026,-1.0,-0.4876406735014096,"{""very negative"": 0.11003702878952026, ""neutral"": 0.03954793140292168, ""positive"": 0.016627198085188866, ""very positive"": 0.014809762127697468}",disapproval,"{""disapproval"": 0.7108097076416016}","[{""label"": ""disapproval"", ""score"": 0.7108097076416016}, {""label"": ""disappointment"", ""score"": 0.235524520277977}, {""label"": ""annoyance"", ""score"": 0.2101682424545288}, {""label"": ""neutral"", ""score"": 0.11439910531044006}, {""label"": ""anger"", ""score"": 0.018257828429341316}]",irony,0.5804412961006165,True,non-offensive,0.8188140392303467,False
2024-12-04,WM-IND-004,2,"Bahut achha product hai, value for money. Camera bhi bahut accha hai.",positive,0.5882152915000916,0.5,0.4220367277463888,"{""very negative"": 0.0290150735527277, ""neutral"": 0.18226198852062225, ""positive"": 0.5882152915000916, ""very positive"": 0.1714218407869339}",neutral,"{""neutral"": 0.7110043168067932}","[{""label"": ""neutral"", ""score"": 0.7110043168067932}, {""label"": ""approval"", ""score"": 0.15353593230247498}, {""label"": ""admiration"", ""score"": 0.0266432985663414}, {""label"": ""amusement"", ""score"": 0.018048683181405067}, {""label"": ""joy"", ""score"": 0.013174094259738922}]",non_irony,0.8170913457870483,False,non-offensive,0.7812522053718567,False
2025-03-13,RF-IND-008,4,"Produit moyen, rien de special. Correct pour le prix.",neutral,0.5150242447853088,0.0,-0.05506495812182074,"{""very negative"": 0.06442885845899582, ""neutral"": 0.5150242447853088, ""positive"": 0.053058139979839325, ""very positive"": 0.03008083999156952}","neutral,approval","{""neutral"": 0.7311878800392151, ""approval"": 0.37109485268592834}","[{""label"": ""neutral"", ""score"": 0.7311878800392151}, {""label"": ""approval"", ""score"": 0.37109485268592834}, {""label"": ""realization"", ""score"": 0.009801529347896576}, {""label"": ""disapproval"", ""score"": 0.0073822857812047005}, {""label"": ""optimism"", ""score"": 0.0072937230579555035}]",non_irony,0.9293095469474792,False,non-offensive,0.8186534643173218,False
2024-10-23,AC-IND-005,5,"Bahut achha product hai, value for money. Camera bhi bahut accha hai.",positive,0.5882152915000916,0.5,0.4220367277463888,"{""very negative"": 0.0290150735527277, ""neutral"": 0.18226198852062225, ""positive"": 0.5882152915000916, ""very positive"": 0.1714218407869339}",neutral,"{""neutral"": 0.7110043168067932}","[{""label"": ""neutral"", ""score"": 0.7110043168067932}, {""label"": ""approval"", ""score"": 0.15353593230247498}, {""label"": ""admiration"", ""score"": 0.0266432985663414}, {""label"": ""amusement"", ""score"": 0.018048683181405067}, {""label"": ""joy"", ""score"": 0.013174094259738922}]",non_irony,0.8170913457870483,False,non-offensive,0.7812522053718567,False
2025-02-05,HP-IND-006,1,After 3 months the motor started making grinding noises. Poor quality.,very negative,0.21506524085998535,-1.0,-0.5608611558829494,"{""very negative"": 0.21506524085998535, ""neutral"": 0.06599922478199005, ""positive"": 0.018860796466469765, ""very positive"": 0.0155870970338583}","disappointment,neutral","{""disappointment"": 0.5225762724876404, ""neutral"": 0.32229286432266235}","[{""label"": ""disappointment"", ""score"": 0.5225762724876404}, {""label"": ""neutral"", ""score"": 0.32229286432266235}, {""label"": ""annoyance"", ""score"": 0.204111248254776}, {""label"": ""sadness"", ""score"": 0.08719734847545624}, {""label"": ""disapproval"", ""score"": 0.04562728479504585}]",non_irony,0.6407272219657898,False,non-offensive,0.7529452443122864,False
2024-10-24,MB-IND-002,3,Some features work well but others feel half-baked and unfinished.,neutral,0.11231619864702225,0.0,-0.017368461427197737,"{""very negative"": 0.024700509384274483, ""neutral"": 0.11231619864702225, ""positive"": 0.031947653740644455, ""very positive"": 0.017410876229405403}",neutral,"{""neutral"": 0.42452213168144226}","[{""label"": ""neutral"", ""score"": 0.42452213168144226}, {""label"": ""approval"", ""score"": 0.262663334608078}, {""label"": ""disapproval"", ""score"": 0.08497705310583115}, {""label"": ""disappointment"", ""score"": 0.07289377599954605}, {""label"": ""annoyance"", ""score"": 0.06537593901157379}]",non_irony,0.7920966744422913,False,non-offensive,0.8468405604362488,False
2025-02-23,HP-IND-006,2,The promised features do not work as advertised. False marketing.,very negative,0.11003702878952026,-1.0,-0.4876406735014096,"{""very negative"": 0.11003702878952026, ""neutral"": 0.03954793140292168, ""positive"": 0.016627198085188866, ""very positive"": 0.014809762127697468}",disapproval,"{""disapproval"": 0.7108097076416016}","[{""label"": ""disapproval"", ""score"": 0.7108097076416016}, {""label"": ""disappointment"", ""score"": 0.235524520277977}, {""label"": ""annoyance"", ""score"": 0.2101682424545288}, {""label"": ""neutral"", ""score"": 0.11439910531044006}, {""label"": ""anger"", ""score"": 0.018257828429341316}]",irony,0.5804412961006165,True,non-offensive,0.8188140392303467,False
2024-11-05,AC-IND-005,4,"Sehr gutes Produkt, schnelle Lieferung und tolle Qualitat. Empfehlenswert!",positive,0.5607585906982422,0.5,0.63179622013243,"{""very negative"": 0.019466347992420197, ""neutral"": 0.01999477855861187, ""positive"": 0.5607585906982422, ""very positive"": 0.3811355233192444}",neutral,"{""neutral"": 0.9314554929733276}","[{""label"": ""neutral"", ""score"": 0.9314554929733276}, {""label"": ""approval"", ""score"": 0.03372388705611229}, {""label"": ""annoyance"", ""score"": 0.009257086552679539}, {""label"": ""admiration"", ""score"": 0.006478950381278992}, {""label"": ""realization"", ""score"": 0.0048216269351542}]",non_irony,0.9127270579338074,False,non-offensive,0.7963050007820129,False
2024-10-13,WM-IND-004,4,Display is gorgeous with vibrant colors and deep blacks. Very impressed!,positive,0.6351503133773804,0.5,0.581952468814245,"{""very negative"": 0.017654336988925934, ""neutral"": 0.037703920155763626, ""positive"": 0.6351503133773804, ""very positive"": 0.2894969880580902}",admiration,"{""admiration"": 0.9594106674194336}","[{""label"": ""admiration"", ""score"": 0.9594106674194336}, {""label"": ""approval"", ""score"": 0.028953349217772484}, {""label"": ""neutral"", ""score"": 0.013620489276945591}, {""label"": ""excitement"", ""score"": 0.008283348754048347}, {""label"": ""gratitude"", ""score"": 0.008044804446399212}]",non_irony,0.8086977601051331,False,non-offensive,0.9492805600166321,False
2024-12-26,TB-IND-007,3,It is an acceptable product. Neither great nor terrible overall.,neutral,0.6794472932815552,0.0,0.11969010975899572,"{""very negative"": 0.021728726103901863, ""neutral"": 0.6794472932815552, ""positive"": 0.24736584722995758, ""very positive"": 0.028446754440665245}",approval,"{""approval"": 0.8612683415412903}","[{""label"": ""approval"", ""score"": 0.8612683415412903}, {""label"": ""admiration"", ""score"": 0.13370481133460999}, {""label"": ""neutral"", ""score"": 0.05180679261684418}, {""label"": ""disapproval"", ""score"": 0.02096419222652912}, {""label"": ""realization"", ""score"": 0.014821445569396019}]",non_irony,0.9514107704162598,False,non-offensive,0.8791451454162598,False
2025-02-20,LP-IND-003,5,Display is gorgeous with vibrant colors and deep blacks. Very impressed!,positive,0.6351503133773804,0.5,0.581952468814245,"{""very negative"": 0.017654336988925934, ""neutral"": 0.037703920155763626, ""positive"": 0.6351503133773804, ""very positive"": 0.2894969880580902}",admiration,"{""admiration"": 0.9594106674194336}","[{""label"": ""admiration"", ""score"": 0.9594106674194336}, {""label"": ""approval"", ""score"": 0.028953349217772484}, {""label"": ""neutral"", ""score"": 0.013620489276945591}, {""label"": ""excitement"", ""score"": 0.008283348754048347}, {""label"": ""gratitude"", ""score"": 0.008044804446399212}]",non_irony,0.8086977601051331,False,non-offensive,0.9492805600166321,False
2024-10-27,HP-IND-006,5,"Lightweight and portable, perfect for travel and daily commute.",positive,0.5174983143806458,0.5,0.5698038134424869,"{""very negative"": 0.023364251479506493, ""neutral"": 0.08838778734207153, ""positive"": 0.5174983143806458, ""very positive"": 0.3443998694419861}","approval,neutral","{""approval"": 0.5351202487945557, ""neutral"": 0.32617780566215515}","[{""label"": ""approval"", ""score"": 0.5351202487945557}, {""label"": ""neutral"", ""score"": 0.32617780566215515}, {""label"": ""admiration"", ""score"": 0.16927553713321686}, {""label"": ""optimism"", ""score"": 0.009668011218309402}, {""label"": ""realization"", ""score"": 0.009552353993058205}]",non_irony,0.8543041348457336,False,non-offensive,0.9002076983451843,False
2024-12-23,AC-IND-005,1,The display has dead pixels and color accuracy is way off.,very negative,0.25316378474235535,-1.0,-0.5860613671830489,"{""very negative"": 0.25316378474235535, ""neutral"": 0.05497826635837555, ""positive"": 0.019282788038253784, ""very positive"": 0.01881624571979046}","disapproval,disappointment","{""disapproval"": 0.385021835565567, ""disappointment"": 0.37208980321884155}","[{""label"": ""disapproval"", ""score"": 0.385021835565567}, {""label"": ""disappointment"", ""score"": 0.37208980321884155}, {""label"": ""neutral"", ""score"": 0.2807086706161499}, {""label"": ""annoyance"", ""score"": 0.21509088575839996}, {""label"": ""realization"", ""score"": 0.022136112675070763}]",non_irony,0.8182896375656128,False,non-offensive,0.7423754334449768,False
2024-12-26,MB-IND-002,5,Best purchase I have made this year. Great value for money and excellent features.,positive,0.44873490929603577,0.5,0.5963910590069607,"{""very negative"": 0.028467901051044464, ""neutral"": 0.07443559914827347, ""positive"": 0.44873490929603577, ""very positive"": 0.40708863735198975}",admiration,"{""admiration"": 0.947281539440155}","[{""label"": ""admiration"", ""score"": 0.947281539440155}, {""label"": ""approval"", ""score"": 0.04991918429732323}, {""label"": ""gratitude"", ""score"": 0.017717011272907257}, {""label"": ""neutral"", ""score"": 0.016094906255602837}, {""label"": ""realization"", ""score"": 0.006029242649674416}]",non_irony,0.6735737919807434,False,non-offensive,0.953192949295044,False
2024-10-22,TV-IND-001,3,It is okay. Works as expected but nothing special compared to competitors.,positive,0.4286438226699829,0.5,0.3626781987528287,"{""very negative"": 0.015589638613164425, ""neutral"": 0.0978032648563385, ""positive"": 0.4286438226699829, ""very positive"": 0.017732756212353706}",approval,"{""approval"": 0.8651418089866638}","[{""label"": ""approval"", ""score"": 0.8651418089866638}, {""label"": ""neutral"", ""score"": 0.11388786137104034}, {""label"": ""realization"", ""score"": 0.024218831211328506}, {""label"": ""optimism"", ""score"": 0.014182043261826038}, {""label"": ""annoyance"", ""score"": 0.013593513518571854}]",non_irony,0.8429244756698608,False,non-offensive,0.9375155568122864,False
2025-02-05,LP-IND-003,2,Bluetooth connectivity drops every few minutes. Extremely frustrating.,very negative,0.6028462648391724,-1.0,-0.6743283178692285,"{""very negative"": 0.6028462648391724, ""neutral"": 0.050933293998241425, ""positive"": 0.02046809531748295, ""very positive"": 0.019622648134827614}",annoyance,"{""annoyance"": 0.755325436592102}","[{""label"": ""annoyance"", ""score"": 0.755325436592102}, {""label"": ""anger"", ""score"": 0.23799586296081543}, {""label"": ""neutral"", ""score"": 0.06979986280202866}, {""label"": ""disappointment"", ""score"": 0.05000713840126991}, {""label"": ""disapproval"", ""score"": 0.037070609629154205}]",irony,0.6903656721115112,True,non-offensive,0.7488885521888733,False
2024-10-23,RF-IND-008,2,Build quality is cheap and flimsy. Does not feel worth the price at all.,very negative,0.14990851283073425,-1.0,-0.560529625903086,"{""very negative"": 0.14990851283073425, ""neutral"": 0.028574587777256966, ""positive"": 0.015562235377728939, ""very positive"": 0.015562235377728939}",disapproval,"{""disapproval"": 0.5688949823379517}","[{""label"": ""disapproval"", ""score"": 0.5688949823379517}, {""label"": ""annoyance"", ""score"": 0.26531776785850525}, {""label"": ""disappointment"", ""score"": 0.19667105376720428}, {""label"": ""neutral"", ""score"": 0.17501303553581238}, {""label"": ""approval"", ""score"": 0.019899286329746246}]",non_irony,0.9473848938941956,False,non-offensive,0.6788666248321533,False
2025-01-19,MB-IND-002,2,Delivery was delayed by 2 weeks and the product arrived damaged.,very negative,0.2179221659898758,-1.0,-0.5323195026573361,"{""very negative"": 0.2179221659898758, ""neutral"": 0.07148028910160065, ""positive"": 0.02215690352022648, ""very positive"": 0.02215690352022648}",disappointment,"{""disappointment"": 0.6985851526260376}","[{""label"": ""disappointment"", ""score"": 0.6985851526260376}, {""label"": ""neutral"", ""score"": 0.26860493421554565}, {""label"": ""annoyance"", ""score"": 0.10525964200496674}, {""label"": ""sadness"", ""score"": 0.09905389696359634}, {""label"": ""disapproval"", ""score"": 0.036296263337135315}]",non_irony,0.7698453068733215,False,non-offensive,0.8377794027328491,False
2025-02-03,HP-IND-006,1,"Battery drains extremely fast, barely lasts 4 hours. Very disappointed.",very negative,0.6408287286758423,-1.0,-0.693952186917115,"{""very negative"": 0.6408287286758423, ""neutral"": 0.027352793142199516, ""positive"": 0.018346326425671577, ""very positive"": 0.01826965995132923}",disappointment,"{""disappointment"": 0.8434377312660217}","[{""label"": ""disappointment"", ""score"": 0.8434377312660217}, {""label"": ""annoyance"", ""score"": 0.10580381751060486}, {""label"": ""neutral"", ""score"": 0.10369166731834412}, {""label"": ""disapproval"", ""score"": 0.08525507897138596}, {""label"": ""sadness"", ""score"": 0.06935909390449524}]",non_irony,0.9296731352806091,False,non-offensive,0.7599592208862305,False
2024-11-23,RF-IND-008,1,"Produit moyen, rien de special. Correct pour le prix.",neutral,0.5150242447853088,0.0,-0.05506495812182074,"{""very negative"": 0.06442885845899582, ""neutral"": 0.5150242447853088, ""positive"": 0.053058139979839325, ""very positive"": 0.03008083999156952}","neutral,approval","{""neutral"": 0.7311878800392151, ""approval"": 0.37109485268592834}","[{""label"": ""neutral"", ""score"": 0.7311878800392151}, {""label"": ""approval"", ""score"": 0.37109485268592834}, {""label"": ""realization"", ""score"": 0.009801529347896576}, {""label"": ""disapproval"", ""score"": 0.0073822857812047005}, {""label"": ""optimism"", ""score"": 0.0072937230579555035}]",non_irony,0.9293095469474792,False,non-offensive,0.8186534643173218,False
2024-11-23,LP-IND-003,1,"Installation was a nightmare, instructions were completely wrong.",very negative,0.7697422504425049,-1.0,-0.6977894863586905,"{""very negative"": 0.7697422504425049, ""neutral"": 0.036633219569921494, ""positive"": 0.020193949341773987, ""very positive"": 0.01803928054869175}",disapproval,"{""disapproval"": 0.3163321614265442}","[{""label"": ""disapproval"", ""score"": 0.3163321614265442}, {""label"": ""annoyance"", ""score"": 0.24686093628406525}, {""label"": ""disappointment"", ""score"": 0.15440554916858673}, {""label"": ""neutral"", ""score"": 0.06965956091880798}, {""label"": ""fear"", ""score"": 0.04962696135044098}]",non_irony,0.7851060032844543,False,non-offensive,0.6006593704223633,False
2025-02-19,AC-IND-005,2,The battery dies faster than my enthusiasm for this brand. Remarkable achievement!,positive,0.7221293449401855,0.5,0.7025799770686348,"{""very negative"": 0.0158077459782362, ""neutral"": 0.03211413696408272, ""positive"": 0.7221293449401855, ""very positive"": 0.7221293449401855}",admiration,"{""admiration"": 0.9155632853507996}","[{""label"": ""admiration"", ""score"": 0.9155632853507996}, {""label"": ""approval"", ""score"": 0.058518778532743454}, {""label"": ""excitement"", ""score"": 0.057543788105249405}, {""label"": ""neutral"", ""score"": 0.024362027645111084}, {""label"": ""surprise"", ""score"": 0.020907849073410034}]",irony,0.943659245967865,True,non-offensive,0.8459072709083557,False
2024-10-12,LP-IND-003,1,The promised features do not work as advertised. False marketing.,very negative,0.11003702878952026,-1.0,-0.4876406735014096,"{""very negative"": 0.11003702878952026, ""neutral"": 0.03954793140292168, ""positive"": 0.016627198085188866, ""very positive"": 0.014809762127697468}",disapproval,"{""disapproval"": 0.7108097076416016}","[{""label"": ""disapproval"", ""score"": 0.7108097076416016}, {""label"": ""disappointment"", ""score"": 0.235524520277977}, {""label"": ""annoyance"", ""score"": 0.2101682424545288}, {""label"": ""neutral"", ""score"": 0.11439910531044006}, {""label"": ""anger"", ""score"": 0.018257828429341316}]",irony,0.5804412961006165,True,non-offensive,0.8188140392303467,False
2025-01-14,AC-IND-005,1,Bluetooth connectivity drops every few minutes. Extremely frustrating.,very negative,0.6028462648391724,-1.0,-0.6743283178692285,"{""very negative"": 0.6028462648391724, ""neutral"": 0.050933293998241425, ""positive"": 0.02046809531748295, ""very positive"": 0.019622648134827614}",annoyance,"{""annoyance"": 0.755325436592102}","[{""label"": ""annoyance"", ""score"": 0.755325436592102}, {""label"": ""anger"", ""score"": 0.23799586296081543}, {""label"": ""neutral"", ""score"": 0.06979986280202866}, {""label"": ""disappointment"", ""score"": 0.05000713840126991}, {""label"": ""disapproval"", ""score"": 0.037070609629154205}]",irony,0.6903656721115112,True,non-offensive,0.7488885521888733,False
2025-02-08,TV-IND-001,5,"The camera quality is outstanding, perfect for everyday photography.",positive,0.4490591287612915,0.5,0.6009954280279384,"{""very negative"": 0.025144625455141068, ""neutral"": 0.08400725573301315, ""positive"": 0.4490591287612915, ""very positive"": 0.41047510504722595}",admiration,"{""admiration"": 0.9424173831939697}","[{""label"": ""admiration"", ""score"": 0.9424173831939697}, {""label"": ""approval"", ""score"": 0.058339230716228485}, {""label"": ""neutral"", ""score"": 0.0315530002117157}, {""label"": ""gratitude"", ""score"": 0.010911427438259125}, {""label"": ""realization"", ""score"": 0.006474080961197615}]",irony,0.561927080154419,True,non-offensive,0.924063503742218,False
2024-11-11,HP-IND-006,5,"The camera quality is outstanding, perfect for everyday photography.",positive,0.4490591287612915,0.5,0.6009954280279384,"{""very negative"": 0.025144625455141068, ""neutral"": 0.08400725573301315, ""positive"": 0.4490591287612915, ""very positive"": 0.41047510504722595}",admiration,"{""admiration"": 0.9424173831939697}","[{""label"": ""admiration"", ""score"": 0.9424173831939697}, {""label"": ""approval"", ""score"": 0.058339230716228485}, {""label"": ""neutral"", ""score"": 0.0315530002117157}, {""label"": ""gratitude"", ""score"": 0.010911427438259125}, {""label"": ""realization"", ""score"": 0.006474080961197615}]",irony,0.561927080154419,True,non-offensive,0.924063503742218,False
2025-02-05,TB-IND-007,2,Delivery was delayed by 2 weeks and the product arrived damaged.,very negative,0.2179221659898758,-1.0,-0.5323195026573361,"{""very negative"": 0.2179221659898758, ""neutral"": 0.07148028910160065, ""positive"": 0.02215690352022648, ""very positive"": 0.02215690352022648}",disappointment,"{""disappointment"": 0.6985851526260376}","[{""label"": ""disappointment"", ""score"": 0.6985851526260376}, {""label"": ""neutral"", ""score"": 0.26860493421554565}, {""label"": ""annoyance"", ""score"": 0.10525964200496674}, {""label"": ""sadness"", ""score"": 0.09905389696359634}, {""label"": ""disapproval"", ""score"": 0.036296263337135315}]",non_irony,0.7698453068733215,False,non-offensive,0.8377794027328491,False
2024-12-27,TV-IND-001,4,"Great design, sleek and modern. Fits perfectly in my living room.",positive,0.5736238956451416,0.5,0.6753709677943955,"{""very negative"": 0.01719159446656704, ""neutral"": 0.05420605093240738, ""positive"": 0.5736238956451416, ""very positive"": 0.5736238956451416}",admiration,"{""admiration"": 0.9285853505134583}","[{""label"": ""admiration"", ""score"": 0.9285853505134583}, {""label"": ""approval"", ""score"": 0.09943830966949463}, {""label"": ""neutral"", ""score"": 0.02816888317465782}, {""label"": ""gratitude"", ""score"": 0.008972597308456898}, {""label"": ""realization"", ""score"": 0.006490301340818405}]",non_irony,0.6408451795578003,False,non-offensive,0.9143792986869812,False
2025-03-14,MB-IND-002,3,Packaging was good but product is just average in terms of quality.,neutral,0.22643636167049408,0.0,0.02154465263355148,"{""very negative"": 0.020769914612174034, ""neutral"": 0.22643636167049408, ""positive"": 0.03994236886501312, ""very positive"": 0.018210014328360558}","disappointment,admiration","{""disappointment"": 0.35051408410072327, ""admiration"": 0.31660306453704834}","[{""label"": ""disappointment"", ""score"": 0.35051408410072327}, {""label"": ""admiration"", ""score"": 0.31660306453704834}, {""label"": ""disapproval"", ""score"": 0.20833034813404083}, {""label"": ""approval"", ""score"": 0.14557017385959625}, {""label"": ""neutral"", ""score"": 0.10623263567686081}]",non_irony,0.5526584982872009,False,non-offensive,0.8434349298477173,False
2024-12-16,RF-IND-008,3,"Average performance. Some features are good, others need improvement.",positive,0.61644446849823,0.5,0.34826672452702356,"{""very negative"": 0.025447191670536995, ""neutral"": 0.1476220041513443, ""positive"": 0.61644446849823, ""very positive"": 0.021131806075572968}","approval,admiration","{""approval"": 0.6711743474006653, ""admiration"": 0.3304252624511719}","[{""label"": ""approval"", ""score"": 0.6711743474006653}, {""label"": ""admiration"", ""score"": 0.3304252624511719}, {""label"": ""neutral"", ""score"": 0.1314345896244049}, {""label"": ""optimism"", ""score"": 0.0660710483789444}, {""label"": ""realization"", ""score"": 0.028510229662060738}]",non_irony,0.9071303606033325,False,non-offensive,0.930716335773468,False
2025-02-12,LP-IND-003,2,"Installation was a nightmare, instructions were completely wrong.",very negative,0.7697422504425049,-1.0,-0.6977894863586905,"{""very negative"": 0.7697422504425049, ""neutral"": 0.036633219569921494, ""positive"": 0.020193949341773987, ""very positive"": 0.01803928054869175}",disapproval,"{""disapproval"": 0.3163321614265442}","[{""label"": ""disapproval"", ""score"": 0.3163321614265442}, {""label"": ""annoyance"", ""score"": 0.24686093628406525}, {""label"": ""disappointment"", ""score"": 0.15440554916858673}, {""label"": ""neutral"", ""score"": 0.06965956091880798}, {""label"": ""fear"", ""score"": 0.04962696135044098}]",non_irony,0.7851060032844543,False,non-offensive,0.6006593704223633,False
2025-01-30,TV-IND-001,2,"Produit de mauvaise qualite, je suis tres decu. Ne recommande pas.",very negative,0.376915842294693,-1.0,-0.6515037909879426,"{""very negative"": 0.376915842294693, ""neutral"": 0.02833167091012001, ""positive"": 0.024450555443763733, ""very positive"": 0.01673412136733532}",neutral,"{""neutral"": 0.9460828304290771}","[{""label"": ""neutral"", ""score"": 0.9460828304290771}, {""label"": ""approval"", ""score"": 0.029701441526412964}, {""label"": ""disapproval"", ""score"": 0.009891659021377563}, {""label"": ""realization"", ""score"": 0.00757063552737236}, {""label"": ""annoyance"", ""score"": 0.006734327878803015}]",non_irony,0.8884108662605286,False,non-offensive,0.8112044930458069,False
2024-11-18,TB-IND-007,5,Display is gorgeous with vibrant colors and deep blacks. Very impressed!,positive,0.6351503133773804,0.5,0.581952468814245,"{""very negative"": 0.017654336988925934, ""neutral"": 0.037703920155763626, ""positive"": 0.6351503133773804, ""very positive"": 0.2894969880580902}",admiration,"{""admiration"": 0.9594106674194336}","[{""label"": ""admiration"", ""score"": 0.9594106674194336}, {""label"": ""approval"", ""score"": 0.028953349217772484}, {""label"": ""neutral"", ""score"": 0.013620489276945591}, {""label"": ""excitement"", ""score"": 0.008283348754048347}, {""label"": ""gratitude"", ""score"": 0.008044804446399212}]",non_irony,0.8086977601051331,False,non-offensive,0.9492805600166321,False
2025-01-08,TB-IND-007,1,Amazing how they managed to make something this expensive feel this cheap. Truly impressive engineering.,positive,0.4396990239620209,0.5,0.31582474380543,"{""very negative"": 0.1261758953332901, ""neutral"": 0.04508422315120697, ""positive"": 0.4396990239620209, ""very positive"": 0.29556727409362793}",admiration,"{""admiration"": 0.9478908181190491}","[{""label"": ""admiration"", ""score"": 0.9478908181190491}, {""label"": ""approval"", ""score"": 0.02901063673198223}, {""label"": ""neutral"", ""score"": 0.022152459248900414}, {""label"": ""excitement"", ""score"": 0.01925773359835148}, {""label"": ""surprise"", ""score"": 0.016320671886205673}]",irony,0.9598375558853149,True,non-offensive,0.8323938250541687,False
2025-02-12,TB-IND-007,5,Customer service was amazing. They resolved my query within minutes.,positive,0.6071091294288635,0.5,0.5974647468222958,"{""very negative"": 0.017765464261174202, ""neutral"": 0.03513293340802193, ""positive"": 0.6071091294288635, ""very positive"": 0.31808170676231384}",admiration,"{""admiration"": 0.9301038980484009}","[{""label"": ""admiration"", ""score"": 0.9301038980484009}, {""label"": ""approval"", ""score"": 0.06624912470579147}, {""label"": ""neutral"", ""score"": 0.026406768709421158}, {""label"": ""excitement"", ""score"": 0.022681886330246925}, {""label"": ""joy"", ""score"": 0.018670279532670975}]",irony,0.8352649807929993,True,non-offensive,0.9490030407905579,False
2025-02-10,RF-IND-008,2,Picture quality is cinema-grade but the smart TV interface is sluggish and outdated.,neutral,0.11210909485816956,0.0,-0.3432767988114281,"{""very negative"": 0.09767726063728333, ""neutral"": 0.11210909485816956, ""positive"": 0.01873759925365448, ""very positive"": 0.01873759925365448}","disappointment,neutral","{""disappointment"": 0.4849526882171631, ""neutral"": 0.30056726932525635}","[{""label"": ""disappointment"", ""score"": 0.4849526882171631}, {""label"": ""neutral"", ""score"": 0.30056726932525635}, {""label"": ""annoyance"", ""score"": 0.28581249713897705}, {""label"": ""disapproval"", ""score"": 0.16970854997634888}, {""label"": ""realization"", ""score"": 0.04120287299156189}]",non_irony,0.5747299194335938,False,non-offensive,0.7664331793785095,False
2024-10-31,HP-IND-006,2,"Very noisy operation, you can hear it from across the room.",very negative,0.2273368090391159,-1.0,-0.5590371333032957,"{""very negative"": 0.2273368090391159, ""neutral"": 0.040130890905857086, ""positive"": 0.03464279696345329, ""very positive"": 0.01776937209069729}","neutral,annoyance,disgust","{""neutral"": 0.20088286697864532, ""annoyance"": 0.18471433222293854, ""disgust"": 0.029139941558241844}","[{""label"": ""neutral"", ""score"": 0.20088286697864532}, {""label"": ""annoyance"", ""score"": 0.18471433222293854}, {""label"": ""disgust"", ""score"": 0.029139941558241844}, {""label"": ""approval"", ""score"": 0.024515606462955475}, {""label"": ""anger"", ""score"": 0.023660719394683838}]",irony,0.5849149227142334,True,non-offensive,0.7706944346427917,False
2025-02-08,TB-IND-007,4,Customer service was amazing. They resolved my query within minutes.,positive,0.6071091294288635,0.5,0.5974647468222958,"{""very negative"": 0.017765464261174202, ""neutral"": 0.03513293340802193, ""positive"": 0.6071091294288635, ""very positive"": 0.31808170676231384}",admiration,"{""admiration"": 0.9301038980484009}","[{""label"": ""admiration"", ""score"": 0.9301038980484009}, {""label"": ""approval"", ""score"": 0.06624912470579147}, {""label"": ""neutral"", ""score"": 0.026406768709421158}, {""label"": ""excitement"", ""score"": 0.022681886330246925}, {""label"": ""joy"", ""score"": 0.018670279532670975}]",irony,0.8352649807929993,True,non-offensive,0.9490030407905579,False
