date,sku,rating,review_text
2024-11-09,RF-IND-008,4,Excellent cooling performance even during peak summer. Very satisfied.
2025-01-24,TV-IND-001,5,"Produit de mauvaise qualite, je suis tres decu. Ne recommande pas."
2025-02-27,HP-IND-006,3,Packaging was good but product is just average in terms of quality.
2024-10-10,MB-IND-002,2,"Installation was a nightmare, instructions were completely wrong."
2024-12-03,TV-IND-001,5,Customer service was amazing. They resolved my query within minutes.
2025-01-25,WM-IND-004,2,Love the display and design but the speaker quality is terrible and overheats during gaming.
2024-11-27,AC-IND-005,1,Customer service is non-existent. Been waiting 3 weeks for a response.
2025-02-28,LP-IND-003,3,Product is fine for basic use but power users might find it limiting.
2024-10-19,LP-IND-003,3,"Build quality is premium and lightweight. However, the charging speed is disappointingly slow."
2024-11-15,WM-IND-004,4,Best purchase I have made this year. Great value for money and excellent features.
2024-11-10,TB-IND-007,1,Customer service is non-existent. Been waiting 3 weeks for a response.
2025-01-15,LP-IND-003,1,"Sehr gutes Produkt, schnelle Lieferung und tolle Qualitat. Empfehlenswert!"
2024-11-21,HP-IND-006,5,Customer service was amazing. They resolved my query within minutes.
2024-11-19,TV-IND-001,4,Customer service was amazing. They resolved my query within minutes.
2024-12-16,TV-IND-001,4,The processor handles multitasking effortlessly. No lag whatsoever.
2025-01-07,LP-IND-003,3,"Produit moyen, rien de special. Correct pour le prix."
2024-11-14,MB-IND-002,4,"Sound quality is phenomenal, crisp highs and deep bass. Worth every penny."
2024-12-19,TB-IND-007,5,Customer service was amazing. They resolved my query within minutes.
2024-10-07,TB-IND-007,2,"Bahut achha product hai, value for money. Camera bhi bahut accha hai."
2025-01-08,MB-IND-002,4,The processor handles multitasking effortlessly. No lag whatsoever.
2024-11-20,LP-IND-003,4,"Durability is impressive, been using for 6 months with zero issues."
2025-02-23,AC-IND-005,1,Amazing how they managed to make something this expensive feel this cheap. Truly impressive engineering.
2024-12-08,RF-IND-008,3,Packaging was good but product is just average in terms of quality.
2024-12-07,AC-IND-005,5,"Screen resolution is crystal clear, perfect for streaming and gaming."
2024-12-02,HP-IND-006,4,Photo quality rivals phones twice the price. Very happy with the camera.
2025-01-22,AC-IND-005,1,"Oh great, another product that breaks right after warranty expires. How convenient!"
2024-11-04,WM-IND-004,2,Software is buggy and crashes frequently. Needs serious updates.
2025-02-10,MB-IND-002,3,Decent product for the price. Nothing extraordinary but gets the job done.
2024-11-17,AC-IND-005,3,Mixed feelings about this. Good hardware but software needs work.
2024-12-30,AC-IND-005,3,It is an acceptable product. Neither great nor terrible overall.
2024-10-02,TB-IND-007,4,"Fast delivery, great packaging, and the product works flawlessly."
2024-11-25,MB-IND-002,2,Bluetooth connectivity drops every few minutes. Extremely frustrating.
2024-12-08,WM-IND-004,4,"Produit moyen, rien de special. Correct pour le prix."
2025-02-17,LP-IND-003,1,"Battery drains extremely fast, barely lasts 4 hours. Very disappointed."
2025-01-25,RF-IND-008,4,Photo quality rivals phones twice the price. Very happy with the camera.
2024-11-25,WM-IND-004,1,What a fantastic feature - random shutdowns keep life exciting and unpredictable!
2024-12-31,AC-IND-005,4,Absolutely love this product! The build quality is exceptional and performance exceeds expectations.
2024-12-18,LP-IND-003,4,"Bahut achha product hai, value for money. Camera bhi bahut accha hai."
2025-01-18,MB-IND-002,5,"Fast delivery, great packaging, and the product works flawlessly."
2024-10-19,MB-IND-002,2,Overheats constantly during normal usage. Had to return it.
2025-01-01,AC-IND-005,2,Terrible experience. Product stopped working within a week of purchase.
2024-12-21,MB-IND-002,5,Best purchase I have made this year. Great value for money and excellent features.
2024-12-18,TV-IND-001,1,Delivery was delayed by 2 weeks and the product arrived damaged.
2024-11-21,TV-IND-001,2,"Produit moyen, rien de special. Correct pour le prix."
2025-02-21,HP-IND-006,4,Energy efficient and very quiet operation. Highly recommend!
2024-11-07,WM-IND-004,2,"The processor handles everything I throw at it, but RAM management needs improvement."
2024-10-16,HP-IND-006,5,"The camera quality is outstanding, perfect for everyday photography."
2024-10-21,LP-IND-003,5,The smart features are intuitive and the app integration works seamlessly.
2024-10-23,LP-IND-003,3,"Bahut achha product hai, value for money. Camera bhi bahut accha hai."
2024-11-17,RF-IND-008,5,Excellent cooling performance even during peak summer. Very satisfied.
2025-02-02,RF-IND-008,4,Best purchase I have made this year. Great value for money and excellent features.
2024-10-06,WM-IND-004,5,"The camera quality is outstanding, perfect for everyday photography."
2024-11-01,LP-IND-003,5,"Fast delivery, great packaging, and the product works flawlessly."
2024-11-14,TB-IND-007,4,"Lightweight and portable, perfect for travel and daily commute."
2024-11-07,RF-IND-008,2,The battery dies faster than my enthusiasm for this brand. Remarkable achievement!
2024-11-15,HP-IND-006,3,Mixed feelings about this. Good hardware but software needs work.
2024-11-06,TB-IND-007,2,"Very noisy operation, you can hear it from across the room."
2025-03-06,WM-IND-004,4,Absolutely love this product! The build quality is exceptional and performance exceeds expectations.
2024-11-14,TV-IND-001,4,Picture quality is cinema-grade but the smart TV interface is sluggish and outdated.
2025-01-04,LP-IND-003,2,Sound quality is tinny and distorted at higher volumes. Not acceptable.
2024-11-18,AC-IND-005,1,"Installation was a nightmare, instructions were completely wrong."
2024-12-24,RF-IND-008,4,"Noise cancellation is top-notch, blocks out everything around you."
2025-01-17,AC-IND-005,1,The battery dies faster than my enthusiasm for this brand. Remarkable achievement!
2025-01-06,LP-IND-003,4,"Noise cancellation is top-notch, blocks out everything around you."
2025-01-12,LP-IND-003,1,What a fantastic feature - random shutdowns keep life exciting and unpredictable!
2024-10-31,MB-IND-002,5,"Noise cancellation is top-notch, blocks out everything around you."
2024-12-22,TB-IND-007,5,Customer service was amazing. They resolved my query within minutes.
2025-03-12,LP-IND-003,5,"Screen resolution is crystal clear, perfect for streaming and gaming."
2025-02-03,MB-IND-002,3,It is an acceptable product. Neither great nor terrible overall.
2024-11-19,RF-IND-008,5,"Excelente producto, muy buena calidad y buen precio. Totalmente recomendado."
2025-02-23,LP-IND-003,5,"Durability is impressive, been using for 6 months with zero issues."
2024-10-09,WM-IND-004,3,It is an acceptable product. Neither great nor terrible overall.
2025-03-12,AC-IND-005,3,Decent product for the price. Nothing extraordinary but gets the job done.
2024-10-20,LP-IND-003,2,Love the display and design but the speaker quality is terrible and overheats during gaming.
2025-01-04,AC-IND-005,4,"Noise cancellation is top-notch, blocks out everything around you."
2024-11-22,RF-IND-008,1,The promised features do not work as advertised. False marketing.
2024-12-05,MB-IND-002,2,Customer service is non-existent. Been waiting 3 weeks for a response.
2025-03-01,WM-IND-004,2,Build quality is cheap and flimsy. Does not feel worth the price at all.
2024-11-11,TB-IND-007,1,Software is buggy and crashes frequently. Needs serious updates.
2024-11-10,AC-IND-005,3,Decent product for the price. Nothing extraordinary but gets the job done.
2024-10-12,RF-IND-008,3,"Average performance. Some features are good, others need improvement."
2025-01-02,LP-IND-003,2,"Installation was a nightmare, instructions were completely wrong."
2025-02-20,RF-IND-008,4,Customer service was amazing. They resolved my query within minutes.
2024-10-31,RF-IND-008,5,Best purchase I have made this year. Great value for money and excellent features.
2025-01-11,TB-IND-007,5,Best purchase I have made this year. Great value for money and excellent features.
2024-12-05,TV-IND-001,2,"Installation was a nightmare, instructions were completely wrong."
2025-03-04,TB-IND-007,5,The processor handles multitasking effortlessly. No lag whatsoever.
2025-01-10,TV-IND-001,5,The processor handles multitasking effortlessly. No lag whatsoever.
2024-11-03,LP-IND-003,5,The processor handles multitasking effortlessly. No lag whatsoever.
2024-12-03,HP-IND-006,1,Sound quality is tinny and distorted at higher volumes. Not acceptable.
2025-02-11,WM-IND-004,5,Photo quality rivals phones twice the price. Very happy with the camera.
2025-02-16,HP-IND-006,2,The display has dead pixels and color accuracy is way off.
2024-11-28,TV-IND-001,5,"The camera quality is outstanding, perfect for everyday photography."
2025-01-30,RF-IND-008,2,The promised features do not work as advertised. False marketing.
2024-12-08,HP-IND-006,4,"Fast delivery, great packaging, and the product works flawlessly."
2024-12-18,MB-IND-002,3,"Produit de mauvaise qualite, je suis tres decu. Ne recommande pas."
2024-10-24,TV-IND-001,1,Build quality is cheap and flimsy. Does not feel worth the price at all.
2025-01-17,HP-IND-006,1,"Produit moyen, rien de special. Correct pour le prix."
2024-11-13,TV-IND-001,2,"Battery drains extremely fast, barely lasts 4 hours. Very disappointed."
2024-12-17,MB-IND-002,3,Product is fine for basic use but power users might find it limiting.
2024-12-31,WM-IND-004,4,Photo quality rivals phones twice the price. Very happy with the camera.
2025-01-10,AC-IND-005,5,The processor handles multitasking effortlessly. No lag whatsoever.
2024-11-09,LP-IND-003,3,"Produit moyen, rien de special. Correct pour le prix."
2024-12-19,AC-IND-005,1,"Sure, who needs customer service anyway? Waiting 4 weeks builds character!"
2025-03-09,AC-IND-005,4,Display is gorgeous with vibrant colors and deep blacks. Very impressed!
2024-11-02,HP-IND-006,1,"Sure, who needs customer service anyway? Waiting 4 weeks builds character!"
2024-12-24,HP-IND-006,4,"Noise cancellation is top-notch, blocks out everything around you."
2024-10-13,AC-IND-005,1,Build quality is cheap and flimsy. Does not feel worth the price at all.
2024-11-16,TB-IND-007,4,Display is gorgeous with vibrant colors and deep blacks. Very impressed!
2024-12-18,HP-IND-006,4,"Sehr gutes Produkt, schnelle Lieferung und tolle Qualitat. Empfehlenswert!"
2025-02-24,HP-IND-006,3,It is an acceptable product. Neither great nor terrible overall.
2024-12-02,WM-IND-004,5,The smart features are intuitive and the app integration works seamlessly.
2024-12-05,TB-IND-007,4,Best purchase I have made this year. Great value for money and excellent features.
2025-01-23,TB-IND-007,4,"Screen resolution is crystal clear, perfect for streaming and gaming."
2025-01-25,MB-IND-002,5,"Sehr gutes Produkt, schnelle Lieferung und tolle Qualitat. Empfehlenswert!"
2025-02-18,MB-IND-002,5,"Sehr gutes Produkt, schnelle Lieferung und tolle Qualitat. Empfehlenswert!"
2024-11-24,MB-IND-002,3,Some features work well but others feel half-baked and unfinished.
2025-02-01,TB-IND-007,5,"Build quality feels premium, definitely punches above its price point."
2024-12-21,TV-IND-001,3,"Bahut achha product hai, value for money. Camera bhi bahut accha hai."
2024-10-27,LP-IND-003,5,"Sound quality is phenomenal, crisp highs and deep bass. Worth every penny."
2024-12-02,TB-IND-007,5,Customer service was amazing. They resolved my query within minutes.
2025-01-09,LP-IND-003,4,"Durability is impressive, been using for 6 months with zero issues."
2025-01-19,TB-IND-007,1,Build quality is cheap and flimsy. Does not feel worth the price at all.
2024-12-09,WM-IND-004,4,"Produit moyen, rien de special. Correct pour le prix."
2024-11-13,TB-IND-007,5,"The camera quality is outstanding, perfect for everyday photography."
2025-02-01,WM-IND-004,5,Setup was a breeze. Works perfectly right out of the box.
2024-11-26,RF-IND-008,3,Some features work well but others feel half-baked and unfinished.
2024-11-02,TV-IND-001,3,Cooling is incredibly efficient but the noise level at full blast is quite loud. Energy savings are good.
2024-11-25,HP-IND-006,5,Energy efficient and very quiet operation. Highly recommend!
2025-01-09,AC-IND-005,3,Packaging was good but product is just average in terms of quality.
2024-12-28,AC-IND-005,1,Delivery was delayed by 2 weeks and the product arrived damaged.
2025-01-17,RF-IND-008,4,Setup was a breeze. Works perfectly right out of the box.
2024-11-14,WM-IND-004,4,"Fast delivery, great packaging, and the product works flawlessly."
2025-02-18,HP-IND-006,1,Bluetooth connectivity drops every few minutes. Extremely frustrating.
2025-02-11,HP-IND-006,5,Photo quality rivals phones twice the price. Very happy with the camera.
2025-02-10,AC-IND-005,3,Mixed feelings about this. Good hardware but software needs work.
2024-12-13,LP-IND-003,3,Some features work well but others feel half-baked and unfinished.
2025-03-14,AC-IND-005,5,"Great design, sleek and modern. Fits perfectly in my living room."
2025-02-07,AC-IND-005,4,"Build quality feels premium, definitely punches above its price point."
2025-01-08,WM-IND-004,5,"Build quality feels premium, definitely punches above its price point."
2025-02-08,WM-IND-004,5,"Lightweight and portable, perfect for travel and daily commute."
2024-12-27,WM-IND-004,4,Setup was a breeze. Works perfectly right out of the box.
2025-02-07,TB-IND-007,4,Setup was a breeze. Works perfectly right out of the box.
2025-02-17,TB-IND-007,3,"Excelente producto, muy buena calidad y buen precio. Totalmente recomendado."
2025-01-13,WM-IND-004,3,"Sehr gutes Produkt, schnelle Lieferung und tolle Qualitat. Empfehlenswert!"
2025-01-21,WM-IND-004,1,Sound quality is tinny and distorted at higher volumes. Not acceptable.
2024-11-05,LP-IND-003,3,"Excellent sound quality and comfortable fit, but the ANC could be much stronger for the price."
2024-12-13,MB-IND-002,4,Customer service was amazing. They resolved my query within minutes.
2025-02-24,WM-IND-004,1,The display has dead pixels and color accuracy is way off.
2025-03-13,TV-IND-001,3,Love the display and design but the speaker quality is terrible and overheats during gaming.
2024-11-26,WM-IND-004,4,"Durability is impressive, been using for 6 months with zero issues."
2024-11-28,RF-IND-008,5,"Lightweight and portable, perfect for travel and daily commute."
2025-02-09,MB-IND-002,3,Some features work well but others feel half-baked and unfinished.
2025-02-22,TB-IND-007,3,Decent product for the price. Nothing extraordinary but gets the job done.
2024-12-26,TV-IND-001,4,"Durability is impressive, been using for 6 months with zero issues."
2025-02-01,TV-IND-001,5,Energy efficient and very quiet operation. Highly recommend!
2024-11-27,HP-IND-006,4,"Lightweight and portable, perfect for travel and daily commute."
2024-11-20,TB-IND-007,2,"Oh great, another product that breaks right after warranty expires. How convenient!"
2024-12-20,WM-IND-004,5,"Fast delivery, great packaging, and the product works flawlessly."
2025-03-02,RF-IND-008,5,"Battery life is incredible, easily lasts two full days with heavy usage."
2024-12-12,RF-IND-008,4,"Sound quality is phenomenal, crisp highs and deep bass. Worth every penny."
2024-10-14,RF-IND-008,3,It is an acceptable product. Neither great nor terrible overall.
2025-02-01,MB-IND-002,3,"The processor handles everything I throw at it, but RAM management needs improvement."
2024-10-30,WM-IND-004,3,"Average performance. Some features are good, others need improvement."
2025-02-06,TV-IND-001,4,Customer service was amazing. They resolved my query within minutes.
2024-10-11,LP-IND-003,3,Mixed feelings about this. Good hardware but software needs work.
2024-12-10,RF-IND-008,5,"Great design, sleek and modern. Fits perfectly in my living room."
2024-12-25,WM-IND-004,4,Best purchase I have made this year. Great value for money and excellent features.
2024-12-29,HP-IND-006,4,Best purchase I have made this year. Great value for money and excellent features.
2024-11-23,WM-IND-004,1,Overheats constantly during normal usage. Had to return it.
2024-12-05,HP-IND-006,2,"Bahut achha product hai, value for money. Camera bhi bahut accha hai."
2024-10-13,LP-IND-003,5,"Build quality feels premium, definitely punches above its price point."
2024-10-27,MB-IND-002,4,"Noise cancellation is top-notch, blocks out everything around you."
2024-11-23,TB-IND-007,2,Sound quality is tinny and distorted at higher volumes. Not acceptable.
2025-02-22,AC-IND-005,2,After 3 months the motor started making grinding noises. Poor quality.
2024-11-07,TB-IND-007,1,Software is buggy and crashes frequently. Needs serious updates.
2025-01-28,AC-IND-005,1,The promised features do not work as advertised. False marketing.
2024-10-30,TV-IND-001,2,Wash quality is superb and very gentle on clothes. But the spin cycle is noisy and takes too long.
2024-11-28,LP-IND-003,5,The smart features are intuitive and the app integration works seamlessly.
2024-11-16,AC-IND-005,4,Best purchase I have made this year. Great value for money and excellent features.
2024-11-12,MB-IND-002,5,Absolutely love this product! The build quality is exceptional and performance exceeds expectations.
2024-12-10,TB-IND-007,5,"Fast delivery, great packaging, and the product works flawlessly."
2024-11-01,TV-IND-001,3,It is an acceptable product. Neither great nor terrible overall.
2025-02-28,RF-IND-008,1,The display has dead pixels and color accuracy is way off.
2024-11-29,HP-IND-006,4,"Sehr gutes Produkt, schnelle Lieferung und tolle Qualitat. Empfehlenswert!"
2024-10-03,HP-IND-006,2,"Produit moyen, rien de special. Correct pour le prix."
2025-01-16,TB-IND-007,4,Best purchase I have made this year. Great value for money and excellent features.
2024-11-12,LP-IND-003,5,"Build quality feels premium, definitely punches above its price point."
2025-03-04,AC-IND-005,5,The processor handles multitasking effortlessly. No lag whatsoever.
2024-12-10,TV-IND-001,3,"Average performance. Some features are good, others need improvement."
2025-01-12,RF-IND-008,4,"Sehr gutes Produkt, schnelle Lieferung und tolle Qualitat. Empfehlenswert!"
2025-02-25,HP-IND-006,1,"Very noisy operation, you can hear it from across the room."
2025-01-18,HP-IND-006,3,Packaging was good but product is just average in terms of quality.
2025-01-24,TB-IND-007,5,Photo quality rivals phones twice the price. Very happy with the camera.
2025-02-15,MB-IND-002,2,Sound quality is tinny and distorted at higher volumes. Not acceptable.
2024-10-13,HP-IND-006,1,Bluetooth connectivity drops every few minutes. Extremely frustrating.
2024-12-04,HP-IND-006,3,Decent product for the price. Nothing extraordinary but gets the job done.
2025-02-08,MB-IND-002,2,Customer service is non-existent. Been waiting 3 weeks for a response.
2025-02-14,WM-IND-004,2,"Very noisy operation, you can hear it from across the room."
2024-11-19,HP-IND-006,5,"Build quality feels premium, definitely punches above its price point."
2025-02-27,AC-IND-005,5,"Sound quality is phenomenal, crisp highs and deep bass. Worth every penny."
2024-11-29,AC-IND-005,3,Decent product for the price. Nothing extraordinary but gets the job done.
2024-11-18,TV-IND-001,5,The smart features are intuitive and the app integration works seamlessly.
2025-01-22,TV-IND-001,5,"Screen resolution is crystal clear, perfect for streaming and gaming."
2025-03-05,TV-IND-001,5,Customer service was amazing. They resolved my query within minutes.
2024-12-11,MB-IND-002,2,"Installation was a nightmare, instructions were completely wrong."
2025-02-04,LP-IND-003,4,The processor handles multitasking effortlessly. No lag whatsoever.
2025-03-01,RF-IND-008,3,Decent product for the price. Nothing extraordinary but gets the job done.
2025-01-04,MB-IND-002,5,"Sehr gutes Produkt, schnelle Lieferung und tolle Qualitat. Empfehlenswert!"
2025-01-21,RF-IND-008,5,Customer service was amazing. They resolved my query within minutes.
2025-01-24,HP-IND-006,5,Energy efficient and very quiet operation. Highly recommend!
2025-03-05,RF-IND-008,1,The promised features do not work as advertised. False marketing.
2025-02-02,TB-IND-007,4,"Sound quality is phenomenal, crisp highs and deep bass. Worth every penny."
2024-12-14,MB-IND-002,3,Packaging was good but product is just average in terms of quality.
2024-11-02,MB-IND-002,3,Decent product for the price. Nothing extraordinary but gets the job done.
2024-12-07,MB-IND-002,1,Terrible experience. Product stopped working within a week of purchase.
2025-01-20,HP-IND-006,5,Display is gorgeous with vibrant colors and deep blacks. Very impressed!
2025-03-10,AC-IND-005,5,"Screen resolution is crystal clear, perfect for streaming and gaming."
2025-02-28,MB-IND-002,2,Overheats constantly during normal usage. Had to return it.
2025-01-16,TV-IND-001,3,Mixed feelings about this. Good hardware but software needs work.
2025-02-23,TB-IND-007,2,Terrible experience. Product stopped working within a week of purchase.
2025-02-15,HP-IND-006,2,Sound quality is tinny and distorted at higher volumes. Not acceptable.
2024-11-24,TB-IND-007,4,Photo quality rivals phones twice the price. Very happy with the camera.
2024-12-11,TB-IND-007,3,Mixed feelings about this. Good hardware but software needs work.
2024-12-06,AC-IND-005,3,"Excelente producto, muy buena calidad y buen precio. Totalmente recomendado."
2025-01-08,RF-IND-008,4,"Great design, sleek and modern. Fits perfectly in my living room."
2024-11-22,MB-IND-002,3,It is an acceptable product. Neither great nor terrible overall.
2025-01-13,MB-IND-002,5,Customer service was amazing. They resolved my query within minutes.
2024-12-03,RF-IND-008,4,"Durability is impressive, been using for 6 months with zero issues."
2025-01-29,MB-IND-002,3,Some features work well but others feel half-baked and unfinished.
2025-01-20,MB-IND-002,3,Product is fine for basic use but power users might find it limiting.
2025-03-06,HP-IND-006,2,Overheats constantly during normal usage. Had to return it.
2024-12-06,LP-IND-003,4,Display is gorgeous with vibrant colors and deep blacks. Very impressed!
2025-02-15,TB-IND-007,4,Setup was a breeze. Works perfectly right out of the box.
2024-10-29,WM-IND-004,1,Overheats constantly during normal usage. Had to return it.
2024-10-17,WM-IND-004,4,"Lightweight and portable, perfect for travel and daily commute."
2024-10-03,MB-IND-002,5,"Bahut achha product hai, value for money. Camera bhi bahut accha hai."
2025-02-24,TB-IND-007,2,"Produit de mauvaise qualite, je suis tres decu. Ne recommande pas."
2024-11-12,AC-IND-005,4,Display is gorgeous with vibrant colors and deep blacks. Very impressed!
2024-12-28,MB-IND-002,3,Cooling is incredibly efficient but the noise level at full blast is quite loud. Energy savings are good.
2025-03-08,RF-IND-008,3,"Build quality is premium and lightweight. However, the charging speed is disappointingly slow."
2025-03-13,WM-IND-004,4,Storage capacity is generous but the app crashes frequently when transferring large files.
2024-12-31,TB-IND-007,4,"Build quality feels premium, definitely punches above its price point."
2024-10-04,TB-IND-007,4,"Durability is impressive, been using for 6 months with zero issues."
2024-12-31,RF-IND-008,2,Customer service is non-existent. Been waiting 3 weeks for a response.
2024-10-09,MB-IND-002,3,Product is fine for basic use but power users might find it limiting.
2025-01-02,TB-IND-007,1,What a fantastic feature - random shutdowns keep life exciting and unpredictable!
2025-02-26,AC-IND-005,5,The processor handles multitasking effortlessly. No lag whatsoever.
2025-03-04,LP-IND-003,3,"Average performance. Some features are good, others need improvement."
2025-03-02,HP-IND-006,3,Some features work well but others feel half-baked and unfinished.
2024-11-24,TV-IND-001,2,"Produit moyen, rien de special. Correct pour le prix."
2025-01-02,MB-IND-002,2,The battery dies faster than my enthusiasm for this brand. Remarkable achievement!
2024-11-09,HP-IND-006,5,"Noise cancellation is top-notch, blocks out everything around you."
2024-10-30,LP-IND-003,4,"Screen resolution is crystal clear, perfect for streaming and gaming."
2024-11-26,TV-IND-001,4,"Sehr gutes Produkt, schnelle Lieferung und tolle Qualitat. Empfehlenswert!"
2025-01-16,AC-IND-005,4,"Battery life is incredible, easily lasts two full days with heavy usage."
2025-01-15,AC-IND-005,4,The smart features are intuitive and the app integration works seamlessly.
2025-01-18,TV-IND-001,1,Build quality is cheap and flimsy. Does not feel worth the price at all.
2025-03-11,HP-IND-006,5,Setup was a breeze. Works perfectly right out of the box.
2024-10-31,WM-IND-004,5,Setup was a breeze. Works perfectly right out of the box.
2024-11-08,WM-IND-004,5,"Fast delivery, great packaging, and the product works flawlessly."
2025-02-26,TB-IND-007,4,Display is gorgeous with vibrant colors and deep blacks. Very impressed!
2024-11-24,WM-IND-004,5,"Produit moyen, rien de special. Correct pour le prix."
2024-11-05,RF-IND-008,2,"Produit moyen, rien de special. Correct pour le prix."
2024-12-21,WM-IND-004,2,"Installation was a nightmare, instructions were completely wrong."
2024-10-20,TB-IND-007,2,I just love paying premium prices for something that works half the time. Wonderful!
2024-12-19,LP-IND-003,3,Some features work well but others feel half-baked and unfinished.
2024-10-05,MB-IND-002,3,Picture quality is cinema-grade but the smart TV interface is sluggish and outdated.
2025-01-19,HP-IND-006,4,"Fast delivery, great packaging, and the product works flawlessly."
2024-10-11,TB-IND-007,4,Display is gorgeous with vibrant colors and deep blacks. Very impressed!
2024-11-13,MB-IND-002,2,Screen cracked with normal use. Quality control is terrible.
2025-01-05,LP-IND-003,3,It is an acceptable product. Neither great nor terrible overall.
2025-02-18,TV-IND-001,1,After 3 months the motor started making grinding noises. Poor quality.
2024-12-27,HP-IND-006,2,Overheats constantly during normal usage. Had to return it.
2024-12-14,WM-IND-004,5,Setup was a breeze. Works perfectly right out of the box.
2024-11-03,MB-IND-002,2,"Sehr gutes Produkt, schnelle Lieferung und tolle Qualitat. Empfehlenswert!"
2024-11-15,LP-IND-003,5,The processor handles multitasking effortlessly. No lag whatsoever.
2024-12-25,HP-IND-006,5,Display is gorgeous with vibrant colors and deep blacks. Very impressed!
2025-01-01,WM-IND-004,3,Some features work well but others feel half-baked and unfinished.
2024-10-11,TV-IND-001,4,Excellent cooling performance even during peak summer. Very satisfied.
2025-02-25,TV-IND-001,3,Product is fine for basic use but power users might find it limiting.
2025-01-02,WM-IND-004,4,"Sehr gutes Produkt, schnelle Lieferung und tolle Qualitat. Empfehlenswert!"
2024-11-21,WM-IND-004,4,"Noise cancellation is top-notch, blocks out everything around you."
2025-01-07,TB-IND-007,2,Love the display and design but the speaker quality is terrible and overheats during gaming.
2024-10-21,HP-IND-006,2,"Sehr gutes Produkt, schnelle Lieferung und tolle Qualitat. Empfehlenswert!"
2025-01-20,RF-IND-008,1,"Sehr gutes Produkt, schnelle Lieferung und tolle Qualitat. Empfehlenswert!"
2024-11-18,LP-IND-003,4,"Sehr gutes Produkt, schnelle Lieferung und tolle Qualitat. Empfehlenswert!"
2024-12-21,LP-IND-003,5,"The camera quality is outstanding, perfect for everyday photography."
2024-12-15,WM-IND-004,3,Packaging was good but product is just average in terms of quality.
2024-12-02,LP-IND-003,4,Energy efficient and very quiet operation. Highly recommend!
2025-01-25,HP-IND-006,3,Packaging was good but product is just average in terms of quality.
2025-02-13,TV-IND-001,5,"Noise cancellation is top-notch, blocks out everything around you."
2025-02-21,MB-IND-002,2,The display has dead pixels and color accuracy is way off.
2025-02-16,WM-IND-004,2,After 3 months the motor started making grinding noises. Poor quality.
2024-10-15,TB-IND-007,3,It is okay. Works as expected but nothing special compared to competitors.
2024-12-17,RF-IND-008,3,Mixed feelings about this. Good hardware but software needs work.
2024-12-24,WM-IND-004,3,It is an acceptable product. Neither great nor terrible overall.
2025-03-08,TV-IND-001,3,"Average performance. Some features are good, others need improvement."
2024-10-18,RF-IND-008,2,Sound quality is tinny and distorted at higher volumes. Not acceptable.
2024-11-13,AC-IND-005,4,"Produit de mauvaise qualite, je suis tres decu. Ne recommande pas."
2025-03-07,RF-IND-008,5,"Sound quality is phenomenal, crisp highs and deep bass. Worth every penny."
2024-10-15,LP-IND-003,2,"Produit moyen, rien de special. Correct pour le prix."
2025-02-16,TB-IND-007,5,Energy efficient and very quiet operation. Highly recommend!
2024-11-26,HP-IND-006,4,"Lightweight and portable, perfect for travel and daily commute."
2025-02-17,RF-IND-008,3,"Performance is blazing fast and battery lasts all day, but the camera struggles in low light."
2024-12-20,HP-IND-006,4,"Great design, sleek and modern. Fits perfectly in my living room."
2025-02-09,WM-IND-004,2,Storage capacity is generous but the app crashes frequently when transferring large files.
2025-01-05,TV-IND-001,1,Screen cracked with normal use. Quality control is terrible.
2024-11-07,AC-IND-005,2,"Sehr gutes Produkt, schnelle Lieferung und tolle Qualitat. Empfehlenswert!"
2025-02-24,MB-IND-002,5,"Great design, sleek and modern. Fits perfectly in my living room."
2025-03-15,LP-IND-003,1,Overheats constantly during normal usage. Had to return it.
2025-02-12,AC-IND-005,4,"Build quality is premium and lightweight. However, the charging speed is disappointingly slow."
2025-03-06,TV-IND-001,4,"Sound quality is phenomenal, crisp highs and deep bass. Worth every penny."
2024-12-09,TB-IND-007,4,"Screen resolution is crystal clear, perfect for streaming and gaming."
2024-10-16,WM-IND-004,1,The display has dead pixels and color accuracy is way off.
2024-10-08,LP-IND-003,4,"Noise cancellation is top-notch, blocks out everything around you."
2025-03-15,MB-IND-002,3,Picture quality is cinema-grade but the smart TV interface is sluggish and outdated.
2025-03-03,LP-IND-003,4,"Fast delivery, great packaging, and the product works flawlessly."
2025-01-21,HP-IND-006,2,The display has dead pixels and color accuracy is way off.
2025-01-28,LP-IND-003,3,Some features work well but others feel half-baked and unfinished.
2024-10-17,HP-IND-006,4,Storage capacity is generous but the app crashes frequently when transferring large files.
2025-03-06,MB-IND-002,5,"Produit de mauvaise qualite, je suis tres decu. Ne recommande pas."
2025-03-05,HP-IND-006,4,"Noise cancellation is top-notch, blocks out everything around you."
2025-02-20,MB-IND-002,2,Wash quality is superb and very gentle on clothes. But the spin cycle is noisy and takes too long.
2024-11-21,RF-IND-008,4,Display is gorgeous with vibrant colors and deep blacks. Very impressed!
2025-02-20,TB-IND-007,2,The display has dead pixels and color accuracy is way off.
2025-01-14,TB-IND-007,3,Mixed feelings about this. Good hardware but software needs work.
2025-01-11,RF-IND-008,3,Some features work well but others feel half-baked and unfinished.
2025-02-18,WM-IND-004,5,"Noise cancellation is top-notch, blocks out everything around you."
2025-02-06,WM-IND-004,4,"Fast delivery, great packaging, and the product works flawlessly."
2024-10-13,TB-IND-007,3,It is okay. Works as expected but nothing special compared to competitors.
2024-10-13,MB-IND-002,4,Excellent cooling performance even during peak summer. Very satisfied.
2025-01-30,MB-IND-002,3,"Bahut achha product hai, value for money. Camera bhi bahut accha hai."
2025-01-27,RF-IND-008,4,Cooling is incredibly efficient but the noise level at full blast is quite loud. Energy savings are good.
2025-01-18,TB-IND-007,3,"Average performance. Some features are good, others need improvement."
2025-02-06,MB-IND-002,4,Excellent cooling performance even during peak summer. Very satisfied.
2024-12-23,LP-IND-003,5,"Lightweight and portable, perfect for travel and daily commute."
2024-11-22,AC-IND-005,4,"Fast delivery, great packaging, and the product works flawlessly."
2024-12-20,AC-IND-005,2,Sound quality is tinny and distorted at higher volumes. Not acceptable.
2024-10-14,AC-IND-005,3,Some features work well but others feel half-baked and unfinished.
2025-01-22,HP-IND-006,1,Delivery was delayed by 2 weeks and the product arrived damaged.
2024-12-28,TV-IND-001,4,Love the display and design but the speaker quality is terrible and overheats during gaming.
2024-12-13,AC-IND-005,3,Product is fine for basic use but power users might find it limiting.
2025-02-01,RF-IND-008,1,"Very noisy operation, you can hear it from across the room."
2024-12-15,HP-IND-006,5,Customer service was amazing. They resolved my query within minutes.
2024-11-01,RF-IND-008,1,Build quality is cheap and flimsy. Does not feel worth the price at all.
2025-02-12,RF-IND-008,5,The smart features are intuitive and the app integration works seamlessly.
2025-01-12,AC-IND-005,3,The camera is absolutely stunning but the battery life is a real letdown. Screen quality is decent though.
2024-10-16,TB-IND-007,4,"Produit moyen, rien de special. Correct pour le prix."
2025-02-02,MB-IND-002,3,Product is fine for basic use but power users might find it limiting.
2025-01-28,MB-IND-002,5,Photo quality rivals phones twice the price. Very happy with the camera.
2024-10-02,AC-IND-005,2,I just love paying premium prices for something that works half the time. Wonderful!
2025-01-05,RF-IND-008,5,"Build quality feels premium, definitely punches above its price point."
2025-01-10,LP-IND-003,4,"The processor handles everything I throw at it, but RAM management needs improvement."
2025-01-09,MB-IND-002,5,"Noise cancellation is top-notch, blocks out everything around you."
2025-03-11,MB-IND-002,2,"Performance is blazing fast and battery lasts all day, but the camera struggles in low light."
2024-10-17,LP-IND-003,3,It is an acceptable product. Neither great nor terrible overall.
2024-11-30,WM-IND-004,3,"Average performance. Some features are good, others need improvement."
2024-11-29,TV-IND-001,4,The processor handles multitasking effortlessly. No lag whatsoever.
2025-02-24,AC-IND-005,4,"Noise cancellation is top-notch, blocks out everything around you."
2025-01-01,RF-IND-008,5,"Great design, sleek and modern. Fits perfectly in my living room."
2024-10-31,TB-IND-007,4,"Produit de mauvaise qualite, je suis tres decu. Ne recommande pas."
2024-10-29,HP-IND-006,3,Some features work well but others feel half-baked and unfinished.
2025-02-16,AC-IND-005,4,"Excelente producto, muy buena calidad y buen precio. Totalmente recomendado."
2025-02-07,LP-IND-003,5,"The camera quality is outstanding, perfect for everyday photography."
2024-10-02,LP-IND-003,4,"The camera quality is outstanding, perfect for everyday photography."
2024-11-01,TB-IND-007,3,Storage capacity is generous but the app crashes frequently when transferring large files.
2024-12-19,HP-IND-006,5,"Battery life is incredible, easily lasts two full days with heavy usage."
2024-12-12,WM-IND-004,5,The smart features are intuitive and the app integration works seamlessly.
2025-02-09,RF-IND-008,3,Decent product for the price. Nothing extraordinary but gets the job done.
2025-02-08,LP-IND-003,2,The promised features do not work as advertised. False marketing.
2024-12-28,LP-IND-003,2,Bluetooth connectivity drops every few minutes. Extremely frustrating.
2024-11-26,TB-IND-007,2,Love the display and design but the speaker quality is terrible and overheats during gaming.
2024-12-11,HP-IND-006,5,"Bahut achha product hai, value for money. Camera bhi bahut accha hai."
2025-01-13,HP-IND-006,2,The promised features do not work as advertised. False marketing.
2025-03-12,MB-IND-002,2,Build quality is cheap and flimsy. Does not feel worth the price at all.
2025-02-01,AC-IND-005,5,"Noise cancellation is top-notch, blocks out everything around you."
2025-03-02,MB-IND-002,5,"Produit de mauvaise qualite, je suis tres decu. Ne recommande pas."
2024-11-18,RF-IND-008,3,Picture quality is cinema-grade but the smart TV interface is sluggish and outdated.
2024-12-23,TV-IND-001,4,"Fast delivery, great packaging, and the product works flawlessly."
2025-02-07,TV-IND-001,5,"Sound quality is phenomenal, crisp highs and deep bass. Worth every penny."
2024-12-14,HP-IND-006,3,"Average performance. Some features are good, others need improvement."
2025-03-08,LP-IND-003,4,"Durability is impressive, been using for 6 months with zero issues."
2024-10-06,MB-IND-002,3,Wash quality is superb and very gentle on clothes. But the spin cycle is noisy and takes too long.
2024-12-17,WM-IND-004,2,"Sure, who needs customer service anyway? Waiting 4 weeks builds character!"
2025-01-03,MB-IND-002,5,"Sehr gutes Produkt, schnelle Lieferung und tolle Qualitat. Empfehlenswert!"
2025-03-02,WM-IND-004,5,Excellent cooling performance even during peak summer. Very satisfied.
2025-02-22,RF-IND-008,5,Best purchase I have made this year. Great value for money and excellent features.
2025-03-11,RF-IND-008,3,"Bahut achha product hai, value for money. Camera bhi bahut accha hai."
2024-10-16,AC-IND-005,4,Customer service was amazing. They resolved my query within minutes.
2024-10-01,LP-IND-003,5,"Bahut achha product hai, value for money. Camera bhi bahut accha hai."
2024-10-24,LP-IND-003,5,Best purchase I have made this year. Great value for money and excellent features.
2025-02-16,TV-IND-001,4,Photo quality rivals phones twice the price. Very happy with the camera.
2024-11-19,LP-IND-003,4,Best purchase I have made this year. Great value for money and excellent features.
2025-02-04,MB-IND-002,1,What a fantastic feature - random shutdowns keep life exciting and unpredictable!
2025-02-15,RF-IND-008,5,"Bahut achha product hai, value for money. Camera bhi bahut accha hai."
2025-02-10,LP-IND-003,4,Excellent cooling performance even during peak summer. Very satisfied.
2025-02-19,TV-IND-001,5,"The camera quality is outstanding, perfect for everyday photography."
2024-10-09,AC-IND-005,3,Product is fine for basic use but power users might find it limiting.
2025-01-29,WM-IND-004,2,I just love paying premium prices for something that works half the time. Wonderful!
2024-11-10,WM-IND-004,2,The battery dies faster than my enthusiasm for this brand. Remarkable achievement!
2025-02-17,TV-IND-001,4,"Noise cancellation is top-notch, blocks out everything around you."
2024-10-03,RF-IND-008,4,"Battery life is incredible, easily lasts two full days with heavy usage."
2024-11-03,TB-IND-007,1,"Excelente producto, muy buena calidad y buen precio. Totalmente recomendado."
2024-11-28,MB-IND-002,2,What a fantastic feature - random shutdowns keep life exciting and unpredictable!
2024-11-15,TB-IND-007,4,Setup was a breeze. Works perfectly right out of the box.
2025-01-17,MB-IND-002,2,Love the display and design but the speaker quality is terrible and overheats during gaming.
2025-03-07,MB-IND-002,1,"Sehr gutes Produkt, schnelle Lieferung und tolle Qualitat. Empfehlenswert!"
2024-12-30,LP-IND-003,2,"Very noisy operation, you can hear it from across the room."
2024-12-17,LP-IND-003,1,Terrible experience. Product stopped working within a week of purchase.
2025-03-09,MB-IND-002,1,Delivery was delayed by 2 weeks and the product arrived damaged.
2024-11-12,HP-IND-006,2,The promised features do not work as advertised. False marketing.
2025-03-11,LP-IND-003,1,The display has dead pixels and color accuracy is way off.
2024-11-06,AC-IND-005,5,The processor handles multitasking effortlessly. No lag whatsoever.
2024-11-01,WM-IND-004,1,Sound quality is tinny and distorted at higher volumes. Not acceptable.
2024-12-11,RF-IND-008,4,"Great design, sleek and modern. Fits perfectly in my living room."
2024-10-20,RF-IND-008,5,Best purchase I have made this year. Great value for money and excellent features.
2025-02-24,LP-IND-003,2,What a fantastic feature - random shutdowns keep life exciting and unpredictable!
2024-10-30,HP-IND-006,2,Overheats constantly during normal usage. Had to return it.
2025-02-28,AC-IND-005,4,Photo quality rivals phones twice the price. Very happy with the camera.
2025-01-01,HP-IND-006,5,"Produit de mauvaise qualite, je suis tres decu. Ne recommande pas."
2024-12-22,AC-IND-005,4,The processor handles multitasking effortlessly. No lag whatsoever.
2025-01-16,WM-IND-004,3,It is okay. Works as expected but nothing special compared to competitors.
2024-11-11,AC-IND-005,5,Energy efficient and very quiet operation. Highly recommend!
2024-12-23,WM-IND-004,2,"Installation was a nightmare, instructions were completely wrong."
2025-01-26,WM-IND-004,4,"Excelente producto, muy buena calidad y buen precio. Totalmente recomendado."
2025-01-05,WM-IND-004,3,Mixed feelings about this. Good hardware but software needs work.
2024-11-28,AC-IND-005,5,"Screen resolution is crystal clear, perfect for streaming and gaming."
2025-03-05,MB-IND-002,5,Display is gorgeous with vibrant colors and deep blacks. Very impressed!
2025-02-13,LP-IND-003,4,"Battery life is incredible, easily lasts two full days with heavy usage."
2025-03-14,TB-IND-007,3,"Average performance. Some features are good, others need improvement."
2024-10-10,AC-IND-005,2,Terrible experience. Product stopped working within a week of purchase.
2024-11-05,TB-IND-007,5,Best purchase I have made this year. Great value for money and excellent features.
2025-02-04,WM-IND-004,2,"Excellent sound quality and comfortable fit, but the ANC could be much stronger for the price."
2024-11-09,TV-IND-001,3,Product is fine for basic use but power users might find it limiting.
2024-10-31,TV-IND-001,5,Customer service was amazing. They resolved my query within minutes.
2024-12-16,MB-IND-002,5,"Durability is impressive, been using for 6 months with zero issues."
2024-11-20,AC-IND-005,2,"Performance is blazing fast and battery lasts all day, but the camera struggles in low light."
2025-01-12,HP-IND-006,5,"Durability is impressive, been using for 6 months with zero issues."
2025-02-14,TV-IND-001,3,Packaging was good but product is just average in terms of quality.
2025-02-22,MB-IND-002,4,"Lightweight and portable, perfect for travel and daily commute."
2024-10-27,RF-IND-008,2,The battery dies faster than my enthusiasm for this brand. Remarkable achievement!
2024-12-03,WM-IND-004,2,I just love paying premium prices for something that works half the time. Wonderful!
2025-01-24,LP-IND-003,5,"Noise cancellation is top-notch, blocks out everything around you."
2024-10-13,RF-IND-008,5,"Lightweight and portable, perfect for travel and daily commute."
2024-10-20,HP-IND-006,2,"Sure, who needs customer service anyway? Waiting 4 weeks builds character!"
2025-03-06,RF-IND-008,5,"Battery life is incredible, easily lasts two full days with heavy usage."
2024-11-20,WM-IND-004,2,The promised features do not work as advertised. False marketing.
2024-10-04,TV-IND-001,1,Terrible experience. Product stopped working within a week of purchase.
2025-01-20,TV-IND-001,4,Energy efficient and very quiet operation. Highly recommend!
2024-12-12,AC-IND-005,5,Excellent cooling performance even during peak summer. Very satisfied.
2025-02-28,TB-IND-007,4,"Sehr gutes Produkt, schnelle Lieferung und tolle Qualitat. Empfehlenswert!"
2024-10-09,HP-IND-006,5,Excellent cooling performance even during peak summer. Very satisfied.
2024-10-12,TB-IND-007,4,Photo quality rivals phones twice the price. Very happy with the camera.
2025-01-20,TB-IND-007,4,"The camera quality is outstanding, perfect for everyday photography."
2024-12-28,HP-IND-006,5,"Screen resolution is crystal clear, perfect for streaming and gaming."
2024-11-14,LP-IND-003,3,Some features work well but others feel half-baked and unfinished.
2025-01-07,WM-IND-004,1,Software is buggy and crashes frequently. Needs serious updates.
2025-01-30,LP-IND-003,4,"Lightweight and portable, perfect for travel and daily commute."
2024-10-05,TB-IND-007,5,Customer service was amazing. They resolved my query within minutes.
2025-02-26,MB-IND-002,5,Photo quality rivals phones twice the price. Very happy with the camera.
2025-01-16,LP-IND-003,5,Display is gorgeous with vibrant colors and deep blacks. Very impressed!
2025-01-19,LP-IND-003,5,"Screen resolution is crystal clear, perfect for streaming and gaming."
2024-12-21,TB-IND-007,3,"Average performance. Some features are good, others need improvement."
2025-03-03,MB-IND-002,4,"Noise cancellation is top-notch, blocks out everything around you."
2025-01-03,TB-IND-007,5,Setup was a breeze. Works perfectly right out of the box.
2024-12-10,HP-IND-006,2,"Oh great, another product that breaks right after warranty expires. How convenient!"
2024-10-06,TV-IND-001,2,"Installation was a nightmare, instructions were completely wrong."
2025-01-09,TV-IND-001,3,"The processor handles everything I throw at it, but RAM management needs improvement."
2025-01-01,LP-IND-003,4,"The camera quality is outstanding, perfect for everyday photography."
2025-01-23,AC-IND-005,1,Build quality is cheap and flimsy. Does not feel worth the price at all.
2025-02-04,TB-IND-007,4,"Sehr gutes Produkt, schnelle Lieferung und tolle Qualitat. Empfehlenswert!"
2024-10-23,HP-IND-006,3,Packaging was good but product is just average in terms of quality.
2024-11-14,AC-IND-005,3,Some features work well but others feel half-baked and unfinished.
2024-12-31,LP-IND-003,5,Display is gorgeous with vibrant colors and deep blacks. Very impressed!
2025-03-14,HP-IND-006,4,"Build quality feels premium, definitely punches above its price point."
2025-02-25,LP-IND-003,3,Packaging was good but product is just average in terms of quality.
2025-01-24,WM-IND-004,2,After 3 months the motor started making grinding noises. Poor quality.
2024-12-29,TB-IND-007,5,Energy efficient and very quiet operation. Highly recommend!
2025-02-27,LP-IND-003,2,Delivery was delayed by 2 weeks and the product arrived damaged.
2024-12-01,MB-IND-002,2,Amazing how they managed to make something this expensive feel this cheap. Truly impressive engineering.
2024-12-06,RF-IND-008,4,"Noise cancellation is top-notch, blocks out everything around you."
2025-02-23,WM-IND-004,5,"Battery life is incredible, easily lasts two full days with heavy usage."
2025-01-25,AC-IND-005,2,After 3 months the motor started making grinding noises. Poor quality.
2024-10-10,TB-IND-007,4,"Fast delivery, great packaging, and the product works flawlessly."
2024-12-06,TV-IND-001,5,"Durability is impressive, been using for 6 months with zero issues."
2025-02-04,RF-IND-008,2,The display has dead pixels and color accuracy is way off.
2024-12-07,TV-IND-001,5,"Battery life is incredible, easily lasts two full days with heavy usage."
2024-10-15,HP-IND-006,5,Photo quality rivals phones twice the price. Very happy with the camera.
2024-11-15,MB-IND-002,1,Bluetooth connectivity drops every few minutes. Extremely frustrating.
2024-10-13,TV-IND-001,2,"Sure, who needs customer service anyway? Waiting 4 weeks builds character!"
2025-02-02,WM-IND-004,3,"Produit de mauvaise qualite, je suis tres decu. Ne recommande pas."
2025-02-02,AC-IND-005,4,Excellent cooling performance even during peak summer. Very satisfied.
2025-02-11,MB-IND-002,4,The processor handles multitasking effortlessly. No lag whatsoever.
2024-10-17,AC-IND-005,1,"Installation was a nightmare, instructions were completely wrong."
2024-12-18,TB-IND-007,2,"Excellent sound quality and comfortable fit, but the ANC could be much stronger for the price."
2025-02-14,TB-IND-007,2,I just love paying premium prices for something that works half the time. Wonderful!
2024-11-02,RF-IND-008,2,Storage capacity is generous but the app crashes frequently when transferring large files.
2024-12-14,TB-IND-007,1,I just love paying premium prices for something that works half the time. Wonderful!
2025-01-12,TB-IND-007,4,Setup was a breeze. Works perfectly right out of the box.
2024-12-03,AC-IND-005,2,"Battery drains extremely fast, barely lasts 4 hours. Very disappointed."
2025-01-07,RF-IND-008,3,Product is fine for basic use but power users might find it limiting.
2024-10-25,WM-IND-004,2,Build quality is cheap and flimsy. Does not feel worth the price at all.
2024-11-03,RF-IND-008,4,"Battery life is incredible, easily lasts two full days with heavy usage."
2025-02-03,RF-IND-008,1,Customer service is non-existent. Been waiting 3 weeks for a response.
2025-02-09,TB-IND-007,2,"Excellent sound quality and comfortable fit, but the ANC could be much stronger for the price."
2024-10-23,TB-IND-007,1,"Sure, who needs customer service anyway? Waiting 4 weeks builds character!"
2024-12-19,RF-IND-008,5,"Durability is impressive, been using for 6 months with zero issues."
2024-11-08,LP-IND-003,5,Customer service was amazing. They resolved my query within minutes.
2024-10-30,AC-IND-005,3,Some features work well but others feel half-baked and unfinished.
2025-03-03,TB-IND-007,2,The battery dies faster than my enthusiasm for this brand. Remarkable achievement!
2024-11-13,RF-IND-008,1,I just love paying premium prices for something that works half the time. Wonderful!
2025-01-16,MB-IND-002,3,Product is fine for basic use but power users might find it limiting.
2025-01-06,RF-IND-008,4,"Excellent sound quality and comfortable fit, but the ANC could be much stronger for the price."
2024-10-31,LP-IND-003,1,"Installation was a nightmare, instructions were completely wrong."
2024-10-03,TV-IND-001,4,"Battery life is incredible, easily lasts two full days with heavy usage."
2024-10-07,TV-IND-001,5,Photo quality rivals phones twice the price. Very happy with the camera.
2025-02-23,MB-IND-002,3,"Excellent sound quality and comfortable fit, but the ANC could be much stronger for the price."
2024-12-21,AC-IND-005,4,Photo quality rivals phones twice the price. Very happy with the camera.
2025-02-26,RF-IND-008,5,"Battery life is incredible, easily lasts two full days with heavy usage."
2024-11-19,MB-IND-002,4,Energy efficient and very quiet operation. Highly recommend!
2025-01-15,HP-IND-006,2,Storage capacity is generous but the app crashes frequently when transferring large files.
2024-10-28,TV-IND-001,3,"Produit moyen, rien de special. Correct pour le prix."
2024-12-26,HP-IND-006,4,"Screen resolution is crystal clear, perfect for streaming and gaming."
2024-11-06,WM-IND-004,4,Energy efficient and very quiet operation. Highly recommend!
2025-01-09,WM-IND-004,5,"Lightweight and portable, perfect for travel and daily commute."
2024-10-15,AC-IND-005,5,"Lightweight and portable, perfect for travel and daily commute."
2024-10-07,AC-IND-005,5,"Lightweight and portable, perfect for travel and daily commute."
2024-12-30,MB-IND-002,5,Photo quality rivals phones twice the price. Very happy with the camera.
2024-10-26,TV-IND-001,5,Best purchase I have made this year. Great value for money and excellent features.
2024-10-05,LP-IND-003,4,"Excelente producto, muy buena calidad y buen precio. Totalmente recomendado."
2024-11-17,TV-IND-001,1,Delivery was delayed by 2 weeks and the product arrived damaged.
2025-01-15,TV-IND-001,4,"Lightweight and portable, perfect for travel and daily commute."
2025-03-04,HP-IND-006,3,Picture quality is cinema-grade but the smart TV interface is sluggish and outdated.
2024-11-25,TV-IND-001,3,It is an acceptable product. Neither great nor terrible overall.
2024-12-13,RF-IND-008,4,"Screen resolution is crystal clear, perfect for streaming and gaming."
2024-11-17,MB-IND-002,1,What a fantastic feature - random shutdowns keep life exciting and unpredictable!
2025-01-29,TV-IND-001,5,The processor handles multitasking effortlessly. No lag whatsoever.
2025-02-05,RF-IND-008,1,"Oh great, another product that breaks right after warranty expires. How convenient!"
2024-12-26,WM-IND-004,3,It is an acceptable product. Neither great nor terrible overall.
2024-12-12,TV-IND-001,5,"Sound quality is phenomenal, crisp highs and deep bass. Worth every penny."
2025-01-31,WM-IND-004,2,Picture quality is cinema-grade but the smart TV interface is sluggish and outdated.
2024-11-15,TV-IND-001,4,The smart features are intuitive and the app integration works seamlessly.
2025-02-12,HP-IND-006,4,Storage capacity is generous but the app crashes frequently when transferring large files.
2024-10-26,WM-IND-004,1,Software is buggy and crashes frequently. Needs serious updates.
2025-01-01,TB-IND-007,4,"Sound quality is phenomenal, crisp highs and deep bass. Worth every penny."
2024-10-19,AC-IND-005,1,Software is buggy and crashes frequently. Needs serious updates.
2025-02-10,WM-IND-004,2,The camera is absolutely stunning but the battery life is a real letdown. Screen quality is decent though.
2024-11-05,WM-IND-004,5,"The camera quality is outstanding, perfect for everyday photography."
2025-02-11,LP-IND-003,5,"Produit de mauvaise qualite, je suis tres decu. Ne recommande pas."
2024-10-03,AC-IND-005,1,Terrible experience. Product stopped working within a week of purchase.
2024-10-07,RF-IND-008,4,"Durability is impressive, been using for 6 months with zero issues."
2025-01-28,WM-IND-004,4,The processor handles multitasking effortlessly. No lag whatsoever.
2024-11-30,TV-IND-001,1,Terrible experience. Product stopped working within a week of purchase.
2025-01-01,TV-IND-001,2,The promised features do not work as advertised. False marketing.
2024-10-24,RF-IND-008,4,Absolutely love this product! The build quality is exceptional and performance exceeds expectations.
2024-10-29,MB-IND-002,4,Energy efficient and very quiet operation. Highly recommend!
2025-01-23,MB-IND-002,3,Product is fine for basic use but power users might find it limiting.
2024-10-28,LP-IND-003,3,It is okay. Works as expected but nothing special compared to competitors.
2024-10-22,WM-IND-004,2,Build quality is cheap and flimsy. Does not feel worth the price at all.
2024-10-28,RF-IND-008,2,"Excellent sound quality and comfortable fit, but the ANC could be much stronger for the price."
2025-02-20,AC-IND-005,2,Overheats constantly during normal usage. Had to return it.
2024-10-17,MB-IND-002,4,Photo quality rivals phones twice the price. Very happy with the camera.
2025-01-19,TV-IND-001,5,"Noise cancellation is top-notch, blocks out everything around you."
2024-11-08,HP-IND-006,1,"Oh great, another product that breaks right after warranty expires. How convenient!"
2024-10-28,HP-IND-006,1,"Sehr gutes Produkt, schnelle Lieferung und tolle Qualitat. Empfehlenswert!"
2024-11-08,MB-IND-002,2,Customer service is non-existent. Been waiting 3 weeks for a response.
2025-03-03,WM-IND-004,5,"Produit de mauvaise qualite, je suis tres decu. Ne recommande pas."
2025-03-13,HP-IND-006,3,"Produit de mauvaise qualite, je suis tres decu. Ne recommande pas."
2024-11-17,WM-IND-004,4,"Durability is impressive, been using for 6 months with zero issues."
2024-11-30,HP-IND-006,3,"Produit de mauvaise qualite, je suis tres decu. Ne recommande pas."
2024-10-15,RF-IND-008,5,"Produit de mauvaise qualite, je suis tres decu. Ne recommande pas."
2025-03-06,AC-IND-005,1,Bluetooth connectivity drops every few minutes. Extremely frustrating.
2025-01-10,WM-IND-004,3,Some features work well but others feel half-baked and unfinished.
2024-10-18,MB-IND-002,3,Storage capacity is generous but the app crashes frequently when transferring large files.
2025-02-15,TV-IND-001,1,Sound quality is tinny and distorted at higher volumes. Not acceptable.
2025-03-07,HP-IND-006,4,Photo quality rivals phones twice the price. Very happy with the camera.
2024-12-20,TV-IND-001,5,Excellent cooling performance even during peak summer. Very satisfied.
2024-12-24,TB-IND-007,1,"Installation was a nightmare, instructions were completely wrong."
2025-02-22,HP-IND-006,2,"Sure, who needs customer service anyway? Waiting 4 weeks builds character!"
2024-11-13,WM-IND-004,2,"Installation was a nightmare, instructions were completely wrong."
2024-12-30,WM-IND-004,2,Amazing how they managed to make something this expensive feel this cheap. Truly impressive engineering.
2025-02-26,LP-IND-003,2,"The processor handles everything I throw at it, but RAM management needs improvement."
2025-03-15,TV-IND-001,4,Customer service was amazing. They resolved my query within minutes.
2024-12-22,MB-IND-002,3,It is okay. Works as expected but nothing special compared to competitors.
2025-02-19,MB-IND-002,3,It is an acceptable product. Neither great nor terrible overall.
2025-01-16,HP-IND-006,2,"Sure, who needs customer service anyway? Waiting 4 weeks builds character!"
2025-01-15,RF-IND-008,5,Customer service was amazing. They resolved my query within minutes.
2024-10-03,LP-IND-003,3,Product is fine for basic use but power users might find it limiting.
2025-01-06,TV-IND-001,4,"Lightweight and portable, perfect for travel and daily commute."
2025-01-27,TB-IND-007,5,Setup was a breeze. Works perfectly right out of the box.
2024-12-31,HP-IND-006,3,It is okay. Works as expected but nothing special compared to competitors.
2025-03-09,HP-IND-006,2,The camera is absolutely stunning but the battery life is a real letdown. Screen quality is decent though.
2024-11-30,RF-IND-008,5,"Durability is impressive, been using for 6 months with zero issues."
2024-10-14,HP-IND-006,2,The camera is absolutely stunning but the battery life is a real letdown. Screen quality is decent though.
2024-10-26,RF-IND-008,2,"Battery drains extremely fast, barely lasts 4 hours. Very disappointed."
2024-11-01,AC-IND-005,5,Photo quality rivals phones twice the price. Very happy with the camera.
2024-11-11,RF-IND-008,4,"Screen resolution is crystal clear, perfect for streaming and gaming."
2025-02-14,MB-IND-002,3,Product is fine for basic use but power users might find it limiting.
2025-01-04,TB-IND-007,1,Software is buggy and crashes frequently. Needs serious updates.
2024-11-26,LP-IND-003,4,The smart features are intuitive and the app integration works seamlessly.
2024-12-09,MB-IND-002,5,Photo quality rivals phones twice the price. Very happy with the camera.
2024-10-03,TB-IND-007,1,"Battery drains extremely fast, barely lasts 4 hours. Very disappointed."
2024-11-14,HP-IND-006,1,After 3 months the motor started making grinding noises. Poor quality.
2025-02-17,MB-IND-002,4,"Produit de mauvaise qualite, je suis tres decu. Ne recommande pas."
2025-01-26,HP-IND-006,2,"Bahut achha product hai, value for money. Camera bhi bahut accha hai."
2024-12-23,TB-IND-007,3,Packaging was good but product is just average in terms of quality.
2024-12-23,MB-IND-002,3,Some features work well but others feel half-baked and unfinished.
2025-01-10,HP-IND-006,1,What a fantastic feature - random shutdowns keep life exciting and unpredictable!
2025-01-13,TB-IND-007,5,"Bahut achha product hai, value for money. Camera bhi bahut accha hai."
2024-12-11,TV-IND-001,4,Energy efficient and very quiet operation. Highly recommend!
2025-01-03,TV-IND-001,4,Excellent cooling performance even during peak summer. Very satisfied.
2024-10-05,AC-IND-005,1,The display has dead pixels and color accuracy is way off.
2024-11-03,TV-IND-001,5,Display is gorgeous with vibrant colors and deep blacks. Very impressed!
2025-01-23,HP-IND-006,2,Delivery was delayed by 2 weeks and the product arrived damaged.
2025-01-25,LP-IND-003,3,It is an acceptable product. Neither great nor terrible overall.
2025-01-22,LP-IND-003,2,"Performance is blazing fast and battery lasts all day, but the camera struggles in low light."
2024-10-18,TB-IND-007,5,"Battery life is incredible, easily lasts two full days with heavy usage."
2024-11-21,AC-IND-005,4,"Bahut achha product hai, value for money. Camera bhi bahut accha hai."
2024-11-13,HP-IND-006,3,The camera is absolutely stunning but the battery life is a real letdown. Screen quality is decent though.
2024-12-17,TV-IND-001,2,"Produit de mauvaise qualite, je suis tres decu. Ne recommande pas."
2024-12-24,TV-IND-001,5,"Produit moyen, rien de special. Correct pour le prix."
2025-03-12,WM-IND-004,2,After 3 months the motor started making grinding noises. Poor quality.
2024-12-22,TV-IND-001,2,"Installation was a nightmare, instructions were completely wrong."
2025-02-03,LP-IND-003,3,It is okay. Works as expected but nothing special compared to competitors.
2025-01-30,AC-IND-005,2,Terrible experience. Product stopped working within a week of purchase.
2025-01-09,TB-IND-007,4,Energy efficient and very quiet operation. Highly recommend!
2025-01-13,LP-IND-003,3,Product is fine for basic use but power users might find it limiting.
2024-11-24,AC-IND-005,3,"Sehr gutes Produkt, schnelle Lieferung und tolle Qualitat. Empfehlenswert!"
2024-12-21,RF-IND-008,4,Excellent cooling performance even during peak summer. Very satisfied.
2024-12-12,LP-IND-003,4,"Noise cancellation is top-notch, blocks out everything around you."
2025-03-13,TB-IND-007,4,Energy efficient and very quiet operation. Highly recommend!
2024-12-17,AC-IND-005,2,Sound quality is tinny and distorted at higher volumes. Not acceptable.
2024-12-17,TB-IND-007,4,"Excelente producto, muy buena calidad y buen precio. Totalmente recomendado."
2025-01-13,TV-IND-001,2,"Excelente producto, muy buena calidad y buen precio. Totalmente recomendado."
2025-01-20,WM-IND-004,5,Photo quality rivals phones twice the price. Very happy with the camera.
2025-02-27,TB-IND-007,2,What a fantastic feature - random shutdowns keep life exciting and unpredictable!
2024-12-15,AC-IND-005,2,"Bahut achha product hai, value for money. Camera bhi bahut accha hai."
2024-12-02,TV-IND-001,5,Best purchase I have made this year. Great value for money and excellent features.
2025-01-24,MB-IND-002,4,Customer service was amazing. They resolved my query within minutes.
2025-02-21,AC-IND-005,5,"Great design, sleek and modern. Fits perfectly in my living room."
2024-12-12,MB-IND-002,5,"Screen resolution is crystal clear, perfect for streaming and gaming."
2024-11-27,MB-IND-002,4,"Screen resolution is crystal clear, perfect for streaming and gaming."
2025-02-23,TV-IND-001,4,"Fast delivery, great packaging, and the product works flawlessly."
2024-12-18,RF-IND-008,5,"Lightweight and portable, perfect for travel and daily commute."
2024-11-11,LP-IND-003,5,"Battery life is incredible, easily lasts two full days with heavy usage."
2025-01-27,TV-IND-001,5,Best purchase I have made this year. Great value for money and excellent features.
2025-03-10,HP-IND-006,4,"Screen resolution is crystal clear, perfect for streaming and gaming."
2024-12-24,MB-IND-002,5,Absolutely love this product! The build quality is exceptional and performance exceeds expectations.
2025-01-26,RF-IND-008,1,Customer service is non-existent. Been waiting 3 weeks for a response.
2024-10-10,TV-IND-001,5,"Sound quality is phenomenal, crisp highs and deep bass. Worth every penny."
2025-01-26,LP-IND-003,4,"Great design, sleek and modern. Fits perfectly in my living room."
2024-12-29,MB-IND-002,4,Best purchase I have made this year. Great value for money and excellent features.
2025-01-04,WM-IND-004,2,Software is buggy and crashes frequently. Needs serious updates.
2024-11-27,LP-IND-003,2,Customer service is non-existent. Been waiting 3 weeks for a response.
2025-01-07,AC-IND-005,3,Cooling is incredibly efficient but the noise level at full blast is quite loud. Energy savings are good.
2024-12-12,TB-IND-007,2,The promised features do not work as advertised. False marketing.
2024-11-29,WM-IND-004,1,Amazing how they managed to make something this expensive feel this cheap. Truly impressive engineering.
2025-02-06,LP-IND-003,5,Best purchase I have made this year. Great value for money and excellent features.
2024-12-02,RF-IND-008,2,Amazing how they managed to make something this expensive feel this cheap. Truly impressive engineering.
2025-02-22,TV-IND-001,2,"Very noisy operation, you can hear it from across the room."
2024-10-04,WM-IND-004,4,Photo quality rivals phones twice the price. Very happy with the camera.
2024-12-05,RF-IND-008,5,"Screen resolution is crystal clear, perfect for streaming and gaming."
2024-11-11,WM-IND-004,3,"Average performance. Some features are good, others need improvement."
2024-10-12,MB-IND-002,2,Love the display and design but the speaker quality is terrible and overheats during gaming.
2025-01-28,RF-IND-008,4,Best purchase I have made this year. Great value for money and excellent features.
2025-02-18,RF-IND-008,3,"Bahut achha product hai, value for money. Camera bhi bahut accha hai."
2024-10-26,HP-IND-006,4,Customer service was amazing. They resolved my query within minutes.
2025-03-10,TB-IND-007,3,"Average performance. Some features are good, others need improvement."
2025-03-09,RF-IND-008,3,Product is fine for basic use but power users might find it limiting.
2024-10-08,TV-IND-001,1,"Oh great, another product that breaks right after warranty expires. How convenient!"
2024-10-06,TB-IND-007,4,Energy efficient and very quiet operation. Highly recommend!
2024-10-04,AC-IND-005,5,Energy efficient and very quiet operation. Highly recommend!
2024-11-09,TB-IND-007,4,"Fast delivery, great packaging, and the product works flawlessly."
2024-10-26,LP-IND-003,3,Packaging was good but product is just average in terms of quality.
2025-03-13,MB-IND-002,3,It is an acceptable product. Neither great nor terrible overall.
2024-11-04,HP-IND-006,3,It is okay. Works as expected but nothing special compared to competitors.
2024-10-27,TB-IND-007,3,Mixed feelings about this. Good hardware but software needs work.
2025-01-09,HP-IND-006,4,"The camera quality is outstanding, perfect for everyday photography."
2025-01-01,MB-IND-002,1,Software is buggy and crashes frequently. Needs serious updates.
2024-11-22,TB-IND-007,4,Photo quality rivals phones twice the price. Very happy with the camera.
2024-11-10,LP-IND-003,4,Excellent cooling performance even during peak summer. Very satisfied.
2025-01-31,HP-IND-006,2,I just love paying premium prices for something that works half the time. Wonderful!
2025-03-02,AC-IND-005,5,"Durability is impressive, been using for 6 months with zero issues."
2025-02-06,RF-IND-008,3,It is an acceptable product. Neither great nor terrible overall.
2024-10-28,WM-IND-004,4,The camera is absolutely stunning but the battery life is a real letdown. Screen quality is decent though.
2024-10-08,TB-IND-007,2,Customer service is non-existent. Been waiting 3 weeks for a response.
2025-02-17,AC-IND-005,2,"Produit moyen, rien de special. Correct pour le prix."
2025-01-02,HP-IND-006,5,Setup was a breeze. Works perfectly right out of the box.
2025-01-10,RF-IND-008,3,It is okay. Works as expected but nothing special compared to competitors.
2025-01-17,LP-IND-003,4,Absolutely love this product! The build quality is exceptional and performance exceeds expectations.
2024-11-03,WM-IND-004,1,Amazing how they managed to make something this expensive feel this cheap. Truly impressive engineering.
2025-01-23,RF-IND-008,5,Photo quality rivals phones twice the price. Very happy with the camera.
2024-11-30,MB-IND-002,5,"Sound quality is phenomenal, crisp highs and deep bass. Worth every penny."
2024-12-13,HP-IND-006,2,After 3 months the motor started making grinding noises. Poor quality.
2024-12-02,MB-IND-002,4,"Excellent sound quality and comfortable fit, but the ANC could be much stronger for the price."
2025-03-12,TB-IND-007,3,Mixed feelings about this. Good hardware but software needs work.
2024-11-16,MB-IND-002,4,"Fast delivery, great packaging, and the product works flawlessly."
2024-12-19,TV-IND-001,2,The camera is absolutely stunning but the battery life is a real letdown. Screen quality is decent though.
2025-02-26,TV-IND-001,1,Bluetooth connectivity drops every few minutes. Extremely frustrating.
2024-11-30,AC-IND-005,3,Product is fine for basic use but power users might find it limiting.
2024-10-08,AC-IND-005,2,Sound quality is tinny and distorted at higher volumes. Not acceptable.
2024-11-04,TB-IND-007,2,Terrible experience. Product stopped working within a week of purchase.
2024-11-07,HP-IND-006,3,"Bahut achha product hai, value for money. Camera bhi bahut accha hai."
2024-11-26,AC-IND-005,4,"Performance is blazing fast and battery lasts all day, but the camera struggles in low light."
2025-02-11,TV-IND-001,3,"Excelente producto, muy buena calidad y buen precio. Totalmente recomendado."
2024-11-17,TB-IND-007,5,The smart features are intuitive and the app integration works seamlessly.
2024-12-16,LP-IND-003,3,Product is fine for basic use but power users might find it limiting.
2025-01-10,TB-IND-007,5,Customer service was amazing. They resolved my query within minutes.
2024-10-10,WM-IND-004,2,Terrible experience. Product stopped working within a week of purchase.
2024-11-28,TB-IND-007,4,Absolutely love this product! The build quality is exceptional and performance exceeds expectations.
2024-10-07,WM-IND-004,2,"Very noisy operation, you can hear it from across the room."
2024-10-18,HP-IND-006,4,Energy efficient and very quiet operation. Highly recommend!
2024-10-16,LP-IND-003,5,The smart features are intuitive and the app integration works seamlessly.
2024-11-24,LP-IND-003,3,Love the display and design but the speaker quality is terrible and overheats during gaming.
2024-10-01,TV-IND-001,3,Decent product for the price. Nothing extraordinary but gets the job done.
2024-10-29,LP-IND-003,3,Decent product for the price. Nothing extraordinary but gets the job done.
2025-01-03,RF-IND-008,2,The promised features do not work as advertised. False marketing.
2025-02-21,LP-IND-003,4,"Lightweight and portable, perfect for travel and daily commute."
2025-02-21,TB-IND-007,4,Best purchase I have made this year. Great value for money and excellent features.
2024-12-14,RF-IND-008,3,"Produit de mauvaise qualite, je suis tres decu. Ne recommande pas."
2025-01-27,HP-IND-006,5,Excellent cooling performance even during peak summer. Very satisfied.
2025-01-04,HP-IND-006,1,"Sure, who needs customer service anyway? Waiting 4 weeks builds character!"
2024-11-28,HP-IND-006,2,The display has dead pixels and color accuracy is way off.
2024-10-07,MB-IND-002,5,Customer service was amazing. They resolved my query within minutes.
2025-01-27,LP-IND-003,5,"Battery life is incredible, easily lasts two full days with heavy usage."
2025-02-03,TV-IND-001,5,"Battery life is incredible, easily lasts two full days with heavy usage."
2025-01-26,AC-IND-005,4,Display is gorgeous with vibrant colors and deep blacks. Very impressed!
2024-11-02,WM-IND-004,2,Love the display and design but the speaker quality is terrible and overheats during gaming.
2024-11-19,AC-IND-005,4,"Produit de mauvaise qualite, je suis tres decu. Ne recommande pas."
2024-12-30,TV-IND-001,4,Photo quality rivals phones twice the price. Very happy with the camera.
2025-01-31,RF-IND-008,4,Setup was a breeze. Works perfectly right out of the box.
2024-10-16,MB-IND-002,2,Customer service is non-existent. Been waiting 3 weeks for a response.
2024-11-25,RF-IND-008,3,"Excellent sound quality and comfortable fit, but the ANC could be much stronger for the price."
2024-12-22,LP-IND-003,3,"Average performance. Some features are good, others need improvement."
2024-12-25,MB-IND-002,2,Delivery was delayed by 2 weeks and the product arrived damaged.
2024-12-09,TV-IND-001,4,The camera is absolutely stunning but the battery life is a real letdown. Screen quality is decent though.
2025-02-09,TV-IND-001,5,"Great design, sleek and modern. Fits perfectly in my living room."
2025-02-12,MB-IND-002,4,"Bahut achha product hai, value for money. Camera bhi bahut accha hai."
2025-03-03,AC-IND-005,2,"Installation was a nightmare, instructions were completely wrong."
2025-03-10,MB-IND-002,3,It is an acceptable product. Neither great nor terrible overall.
2025-02-14,RF-IND-008,5,Best purchase I have made this year. Great value for money and excellent features.
2024-10-29,TB-IND-007,1,The promised features do not work as advertised. False marketing.
2024-10-02,WM-IND-004,5,"Battery life is incredible, easily lasts two full days with heavy usage."
2025-02-25,AC-IND-005,1,Customer service is non-existent. Been waiting 3 weeks for a response.
2024-11-02,LP-IND-003,3,It is okay. Works as expected but nothing special compared to competitors.
2025-03-13,LP-IND-003,1,The promised features do not work as advertised. False marketing.
2024-12-15,RF-IND-008,5,"Screen resolution is crystal clear, perfect for streaming and gaming."
2024-10-07,LP-IND-003,5,Best purchase I have made this year. Great value for money and excellent features.
2024-12-29,LP-IND-003,5,"Battery life is incredible, easily lasts two full days with heavy usage."
2025-03-14,TV-IND-001,5,"Great design, sleek and modern. Fits perfectly in my living room."
2024-10-29,TV-IND-001,5,"Durability is impressive, been using for 6 months with zero issues."
2024-10-19,WM-IND-004,1,"Very noisy operation, you can hear it from across the room."
2024-10-28,MB-IND-002,2,"Performance is blazing fast and battery lasts all day, but the camera struggles in low light."
2025-01-19,AC-IND-005,1,Delivery was delayed by 2 weeks and the product arrived damaged.
2025-02-08,RF-IND-008,4,The processor handles multitasking effortlessly. No lag whatsoever.
2024-10-04,MB-IND-002,2,What a fantastic feature - random shutdowns keep life exciting and unpredictable!
2024-11-14,RF-IND-008,2,"Very noisy operation, you can hear it from across the room."
2025-03-04,WM-IND-004,5,Best purchase I have made this year. Great value for money and excellent features.
2024-10-08,MB-IND-002,2,What a fantastic feature - random shutdowns keep life exciting and unpredictable!
2024-10-21,WM-IND-004,1,The battery dies faster than my enthusiasm for this brand. Remarkable achievement!
2024-12-25,TB-IND-007,1,Sound quality is tinny and distorted at higher volumes. Not acceptable.
2024-11-01,HP-IND-006,5,"Lightweight and portable, perfect for travel and daily commute."
2025-03-09,LP-IND-003,1,"Bahut achha product hai, value for money. Camera bhi bahut accha hai."
2024-12-13,TV-IND-001,5,Setup was a breeze. Works perfectly right out of the box.
2025-01-26,TB-IND-007,4,"Noise cancellation is top-notch, blocks out everything around you."
2024-12-29,WM-IND-004,4,"The camera quality is outstanding, perfect for everyday photography."
2024-10-06,RF-IND-008,4,"The processor handles everything I throw at it, but RAM management needs improvement."
2025-03-09,WM-IND-004,4,Excellent cooling performance even during peak summer. Very satisfied.
2024-12-08,MB-IND-002,4,Excellent cooling performance even during peak summer. Very satisfied.
2024-12-08,AC-IND-005,5,"Sehr gutes Produkt, schnelle Lieferung und tolle Qualitat. Empfehlenswert!"
2024-11-18,MB-IND-002,5,"Noise cancellation is top-notch, blocks out everything around you."
2025-03-12,TV-IND-001,3,Decent product for the price. Nothing extraordinary but gets the job done.
2025-02-10,TV-IND-001,3,Packaging was good but product is just average in terms of quality.
2025-02-01,HP-IND-006,5,Customer service was amazing. They resolved my query within minutes.
2024-12-09,HP-IND-006,5,Display is gorgeous with vibrant colors and deep blacks. Very impressed!
2025-01-06,TB-IND-007,2,Delivery was delayed by 2 weeks and the product arrived damaged.
2024-10-20,MB-IND-002,1,The battery dies faster than my enthusiasm for this brand. Remarkable achievement!
2024-11-11,TV-IND-001,5,Setup was a breeze. Works perfectly right out of the box.
2024-10-29,AC-IND-005,1,"Sure, who needs customer service anyway? Waiting 4 weeks builds character!"
2025-01-17,TV-IND-001,3,Product is fine for basic use but power users might find it limiting.
2024-11-08,TV-IND-001,1,"Excelente producto, muy buena calidad y buen precio. Totalmente recomendado."
2024-12-10,WM-IND-004,5,"Sound quality is phenomenal, crisp highs and deep bass. Worth every penny."
2025-02-06,AC-IND-005,1,Software is buggy and crashes frequently. Needs serious updates.
2025-03-15,RF-IND-008,3,"Average performance. Some features are good, others need improvement."
2025-01-24,RF-IND-008,2,"Battery drains extremely fast, barely lasts 4 hours. Very disappointed."
2025-03-01,LP-IND-003,1,Overheats constantly during normal usage. Had to return it.
2025-02-14,LP-IND-003,1,Software is buggy and crashes frequently. Needs serious updates.
2024-10-25,TV-IND-001,3,Decent product for the price. Nothing extraordinary but gets the job done.
2025-02-27,RF-IND-008,2,"Battery drains extremely fast, barely lasts 4 hours. Very disappointed."
2025-02-17,HP-IND-006,3,"Sehr gutes Produkt, schnelle Lieferung und tolle Qualitat. Empfehlenswert!"
2025-01-03,HP-IND-006,1,Delivery was delayed by 2 weeks and the product arrived damaged.
2025-02-06,TB-IND-007,3,"Produit moyen, rien de special. Correct pour le prix."
2024-11-04,LP-IND-003,2,Screen cracked with normal use. Quality control is terrible.
2024-10-08,WM-IND-004,1,"Sure, who needs customer service anyway? Waiting 4 weeks builds character!"
2024-10-08,RF-IND-008,4,"The camera quality is outstanding, perfect for everyday photography."
2024-11-21,LP-IND-003,4,The processor handles multitasking effortlessly. No lag whatsoever.
2024-12-10,AC-IND-005,4,The smart features are intuitive and the app integration works seamlessly.
2024-11-23,AC-IND-005,4,Photo quality rivals phones twice the price. Very happy with the camera.
2024-10-21,RF-IND-008,2,Bluetooth connectivity drops every few minutes. Extremely frustrating.
2025-01-31,LP-IND-003,4,"Fast delivery, great packaging, and the product works flawlessly."
2025-01-07,MB-IND-002,4,"The camera quality is outstanding, perfect for everyday photography."
2025-01-11,HP-IND-006,5,"Sound quality is phenomenal, crisp highs and deep bass. Worth every penny."
2024-12-06,MB-IND-002,3,Some features work well but others feel half-baked and unfinished.
2025-01-21,LP-IND-003,1,What a fantastic feature - random shutdowns keep life exciting and unpredictable!
2024-12-03,LP-IND-003,2,"Produit moyen, rien de special. Correct pour le prix."
2024-12-22,HP-IND-006,1,What a fantastic feature - random shutdowns keep life exciting and unpredictable!
2024-10-11,MB-IND-002,5,Energy efficient and very quiet operation. Highly recommend!
2024-10-19,TV-IND-001,5,"Screen resolution is crystal clear, perfect for streaming and gaming."
2024-10-04,RF-IND-008,5,"Screen resolution is crystal clear, perfect for streaming and gaming."
2024-11-05,HP-IND-006,3,Packaging was good but product is just average in terms of quality.
2024-10-09,TB-IND-007,4,"Battery life is incredible, easily lasts two full days with heavy usage."
2024-10-10,HP-IND-006,1,Terrible experience. Product stopped working within a week of purchase.
2025-01-06,WM-IND-004,2,"Excelente producto, muy buena calidad y buen precio. Totalmente recomendado."
2024-12-01,TV-IND-001,3,Decent product for the price. Nothing extraordinary but gets the job done.
2025-01-15,MB-IND-002,1,Sound quality is tinny and distorted at higher volumes. Not acceptable.
2025-03-11,TB-IND-007,3,"Produit de mauvaise qualite, je suis tres decu. Ne recommande pas."
2024-12-26,RF-IND-008,5,"Produit de mauvaise qualite, je suis tres decu. Ne recommande pas."
2025-01-21,MB-IND-002,2,Delivery was delayed by 2 weeks and the product arrived damaged.
2024-11-08,TB-IND-007,3,It is okay. Works as expected but nothing special compared to competitors.
2024-10-31,AC-IND-005,5,The smart features are intuitive and the app integration works seamlessly.
2024-11-06,LP-IND-003,3,"Sehr gutes Produkt, schnelle Lieferung und tolle Qualitat. Empfehlenswert!"
2024-12-01,RF-IND-008,3,The camera is absolutely stunning but the battery life is a real letdown. Screen quality is decent though.
2024-11-06,TV-IND-001,2,Software is buggy and crashes frequently. Needs serious updates.
2024-12-11,AC-IND-005,5,"Battery life is incredible, easily lasts two full days with heavy usage."
2024-10-14,TB-IND-007,1,"Installation was a nightmare, instructions were completely wrong."
2025-03-14,WM-IND-004,3,It is okay. Works as expected but nothing special compared to competitors.
2024-10-28,TB-IND-007,1,"Battery drains extremely fast, barely lasts 4 hours. Very disappointed."
2025-01-28,HP-IND-006,2,Delivery was delayed by 2 weeks and the product arrived damaged.
2024-11-19,WM-IND-004,3,Product is fine for basic use but power users might find it limiting.
2024-12-07,TB-IND-007,4,"Excelente producto, muy buena calidad y buen precio. Totalmente recomendado."
2024-10-25,AC-IND-005,5,"Sehr gutes Produkt, schnelle Lieferung und tolle Qualitat. Empfehlenswert!"
2024-12-14,AC-IND-005,4,Customer service was amazing. They resolved my query within minutes.
2024-10-26,MB-IND-002,4,Excellent cooling performance even during peak summer. Very satisfied.
2025-02-02,LP-IND-003,5,Absolutely love this product! The build quality is exceptional and performance exceeds expectations.
2024-12-01,LP-IND-003,3,Decent product for the price. Nothing extraordinary but gets the job done.
2024-10-12,AC-IND-005,1,After 3 months the motor started making grinding noises. Poor quality.
2025-01-05,AC-IND-005,2,"Sure, who needs customer service anyway? Waiting 4 weeks builds character!"
2025-02-23,RF-IND-008,4,"Excellent sound quality and comfortable fit, but the ANC could be much stronger for the price."
2024-12-04,AC-IND-005,3,It is okay. Works as expected but nothing special compared to competitors.
2024-12-27,LP-IND-003,1,Screen cracked with normal use. Quality control is terrible.
2024-11-13,LP-IND-003,2,"The processor handles everything I throw at it, but RAM management needs improvement."
2024-12-20,LP-IND-003,3,Some features work well but others feel half-baked and unfinished.
2024-12-14,TV-IND-001,1,Bluetooth connectivity drops every few minutes. Extremely frustrating.
2024-12-22,RF-IND-008,4,Photo quality rivals phones twice the price. Very happy with the camera.
2024-12-28,TB-IND-007,1,The display has dead pixels and color accuracy is way off.
2024-10-03,WM-IND-004,4,"Lightweight and portable, perfect for travel and daily commute."
2025-03-11,AC-IND-005,5,"Lightweight and portable, perfect for travel and daily commute."
2025-03-08,HP-IND-006,2,Delivery was delayed by 2 weeks and the product arrived damaged.
2025-01-27,WM-IND-004,2,Sound quality is tinny and distorted at higher volumes. Not acceptable.
2025-01-23,TV-IND-001,1,"Battery drains extremely fast, barely lasts 4 hours. Very disappointed."
2024-12-25,LP-IND-003,2,The promised features do not work as advertised. False marketing.
2025-01-12,WM-IND-004,2,Screen cracked with normal use. Quality control is terrible.
2025-01-15,WM-IND-004,4,"Performance is blazing fast and battery lasts all day, but the camera struggles in low light."
2025-01-19,RF-IND-008,3,It is okay. Works as expected but nothing special compared to competitors.
2024-12-29,TV-IND-001,5,Customer service was amazing. They resolved my query within minutes.
2024-10-19,HP-IND-006,2,"Produit moyen, rien de special. Correct pour le prix."
2025-02-03,TB-IND-007,3,Decent product for the price. Nothing extraordinary but gets the job done.
2025-01-18,RF-IND-008,4,"Durability is impressive, been using for 6 months with zero issues."
2024-12-29,AC-IND-005,2,"Very noisy operation, you can hear it from across the room."
2024-10-01,WM-IND-004,2,"Sure, who needs customer service anyway? Waiting 4 weeks builds character!"
2024-11-27,TB-IND-007,3,Decent product for the price. Nothing extraordinary but gets the job done.
2024-10-30,RF-IND-008,5,Excellent cooling performance even during peak summer. Very satisfied.
2024-12-01,TB-IND-007,2,Screen cracked with normal use. Quality control is terrible.
2024-10-12,TV-IND-001,5,The smart features are intuitive and the app integration works seamlessly.
2024-12-04,LP-IND-003,4,The processor handles multitasking effortlessly. No lag whatsoever.
2025-01-05,HP-IND-006,5,"Noise cancellation is top-notch, blocks out everything around you."
2024-11-27,WM-IND-004,3,Packaging was good but product is just average in terms of quality.
2024-11-12,TV-IND-001,4,"Build quality feels premium, definitely punches above its price point."
2024-10-12,HP-IND-006,2,Software is buggy and crashes frequently. Needs serious updates.
2024-10-02,MB-IND-002,3,Packaging was good but product is just average in terms of quality.
2024-12-24,LP-IND-003,5,"Lightweight and portable, perfect for travel and daily commute."
2024-12-18,WM-IND-004,4,"Lightweight and portable, perfect for travel and daily commute."
2024-10-05,HP-IND-006,2,Amazing how they managed to make something this expensive feel this cheap. Truly impressive engineering.
2025-01-10,MB-IND-002,3,Some features work well but others feel half-baked and unfinished.
2024-10-01,TB-IND-007,4,Setup was a breeze. Works perfectly right out of the box.
2025-01-03,LP-IND-003,1,What a fantastic feature - random shutdowns keep life exciting and unpredictable!
2024-10-27,AC-IND-005,5,Customer service was amazing. They resolved my query within minutes.
2024-11-16,WM-IND-004,2,After 3 months the motor started making grinding noises. Poor quality.
2024-12-23,RF-IND-008,4,"Build quality is premium and lightweight. However, the charging speed is disappointingly slow."
2024-10-11,AC-IND-005,5,"Battery life is incredible, easily lasts two full days with heavy usage."
2024-10-26,AC-IND-005,5,"Build quality feels premium, definitely punches above its price point."
2024-10-11,RF-IND-008,4,Excellent cooling performance even during peak summer. Very satisfied.
2024-10-22,HP-IND-006,2,The promised features do not work as advertised. False marketing.
2025-02-16,RF-IND-008,2,Overheats constantly during normal usage. Had to return it.
2025-03-09,TV-IND-001,1,Screen cracked with normal use. Quality control is terrible.
2024-12-06,TB-IND-007,4,"Great design, sleek and modern. Fits perfectly in my living room."
2024-12-31,MB-IND-002,4,Customer service was amazing. They resolved my query within minutes.
2024-11-10,RF-IND-008,1,Screen cracked with normal use. Quality control is terrible.
2024-10-04,LP-IND-003,4,"Excelente producto, muy buena calidad y buen precio. Totalmente recomendado."
2024-12-27,RF-IND-008,2,I just love paying premium prices for something that works half the time. Wonderful!
2024-10-16,TV-IND-001,1,"Installation was a nightmare, instructions were completely wrong."
2024-10-18,WM-IND-004,3,Decent product for the price. Nothing extraordinary but gets the job done.
2025-03-08,MB-IND-002,2,Wash quality is superb and very gentle on clothes. But the spin cycle is noisy and takes too long.
2025-01-13,AC-IND-005,2,"Installation was a nightmare, instructions were completely wrong."
2025-01-18,WM-IND-004,4,"Sound quality is phenomenal, crisp highs and deep bass. Worth every penny."
2024-10-09,RF-IND-008,5,Energy efficient and very quiet operation. Highly recommend!
2024-10-16,RF-IND-008,2,"Performance is blazing fast and battery lasts all day, but the camera struggles in low light."
2024-12-16,HP-IND-006,4,"Lightweight and portable, perfect for travel and daily commute."
2024-11-26,MB-IND-002,4,Customer service was amazing. They resolved my query within minutes.
2024-10-14,MB-IND-002,3,"Average performance. Some features are good, others need improvement."
2025-02-13,HP-IND-006,1,The promised features do not work as advertised. False marketing.
2025-01-08,TV-IND-001,4,The smart features are intuitive and the app integration works seamlessly.
2024-10-07,HP-IND-006,1,"Installation was a nightmare, instructions were completely wrong."
2025-01-02,AC-IND-005,4,"The camera quality is outstanding, perfect for everyday photography."
2024-10-24,WM-IND-004,3,Some features work well but others feel half-baked and unfinished.
2025-01-06,AC-IND-005,5,Excellent cooling performance even during peak summer. Very satisfied.
2024-10-23,TV-IND-001,1,Customer service is non-existent. Been waiting 3 weeks for a response.
2024-10-25,LP-IND-003,2,"Excellent sound quality and comfortable fit, but the ANC could be much stronger for the price."
2024-12-09,AC-IND-005,3,Decent product for the price. Nothing extraordinary but gets the job done.
2024-10-05,RF-IND-008,4,"Bahut achha product hai, value for money. Camera bhi bahut accha hai."
2024-12-09,RF-IND-008,2,Picture quality is cinema-grade but the smart TV interface is sluggish and outdated.
2025-01-22,WM-IND-004,3,"Average performance. Some features are good, others need improvement."
2025-02-13,TB-IND-007,1,After 3 months the motor started making grinding noises. Poor quality.
2024-10-09,LP-IND-003,4,"Noise cancellation is top-notch, blocks out everything around you."
2025-01-08,LP-IND-003,4,Photo quality rivals phones twice the price. Very happy with the camera.
2025-02-10,HP-IND-006,2,Love the display and design but the speaker quality is terrible and overheats during gaming.
2024-11-21,MB-IND-002,2,Overheats constantly during normal usage. Had to return it.
2024-12-21,HP-IND-006,2,Software is buggy and crashes frequently. Needs serious updates.
2024-11-07,MB-IND-002,4,"Durability is impressive, been using for 6 months with zero issues."
2024-12-16,TB-IND-007,4,The smart features are intuitive and the app integration works seamlessly.
2024-12-27,TB-IND-007,4,Photo quality rivals phones twice the price. Very happy with the camera.
2025-01-02,TV-IND-001,3,"Produit de mauvaise qualite, je suis tres decu. Ne recommande pas."
2025-03-03,HP-IND-006,3,Packaging was good but product is just average in terms of quality.
2024-12-08,TV-IND-001,5,"Noise cancellation is top-notch, blocks out everything around you."
2025-03-15,TB-IND-007,3,"The processor handles everything I throw at it, but RAM management needs improvement."
2025-01-27,MB-IND-002,2,Delivery was delayed by 2 weeks and the product arrived damaged.
2024-11-02,AC-IND-005,3,Cooling is incredibly efficient but the noise level at full blast is quite loud. Energy savings are good.
2024-12-25,TV-IND-001,4,Energy efficient and very quiet operation. Highly recommend!
2025-01-11,LP-IND-003,4,"Build quality feels premium, definitely punches above its price point."
2025-02-26,HP-IND-006,2,"Installation was a nightmare, instructions were completely wrong."
2025-03-03,TV-IND-001,3,Product is fine for basic use but power users might find it limiting.
2024-12-15,TV-IND-001,1,Bluetooth connectivity drops every few minutes. Extremely frustrating.
2025-03-09,TB-IND-007,4,Energy efficient and very quiet operation. Highly recommend!
2025-03-14,RF-IND-008,4,"The camera quality is outstanding, perfect for everyday photography."
2025-02-03,AC-IND-005,1,The battery dies faster than my enthusiasm for this brand. Remarkable achievement!
2024-12-22,WM-IND-004,5,"Screen resolution is crystal clear, perfect for streaming and gaming."
2025-01-23,LP-IND-003,1,"Oh great, another product that breaks right after warranty expires. How convenient!"
2024-11-09,AC-IND-005,4,"Great design, sleek and modern. Fits perfectly in my living room."
2024-10-23,MB-IND-002,3,It is an acceptable product. Neither great nor terrible overall.
2025-01-14,MB-IND-002,1,"Sure, who needs customer service anyway? Waiting 4 weeks builds character!"
2025-01-31,TB-IND-007,2,Sound quality is tinny and distorted at higher volumes. Not acceptable.
2024-11-24,HP-IND-006,5,"Sehr gutes Produkt, schnelle Lieferung und tolle Qualitat. Empfehlenswert!"
2024-12-10,MB-IND-002,2,Sound quality is tinny and distorted at higher volumes. Not acceptable.
2025-03-05,LP-IND-003,3,It is an acceptable product. Neither great nor terrible overall.
2025-01-29,RF-IND-008,5,"Sound quality is phenomenal, crisp highs and deep bass. Worth every penny."
2024-12-01,WM-IND-004,2,"Sure, who needs customer service anyway? Waiting 4 weeks builds character!"
2025-01-26,TV-IND-001,2,Terrible experience. Product stopped working within a week of purchase.
2025-02-17,WM-IND-004,4,"The camera quality is outstanding, perfect for everyday photography."
2024-11-04,RF-IND-008,3,It is an acceptable product. Neither great nor terrible overall.
2025-02-15,AC-IND-005,4,Absolutely love this product! The build quality is exceptional and performance exceeds expectations.
2024-12-26,AC-IND-005,5,"Great design, sleek and modern. Fits perfectly in my living room."
2024-10-15,WM-IND-004,3,It is okay. Works as expected but nothing special compared to competitors.
2025-02-13,WM-IND-004,3,Decent product for the price. Nothing extraordinary but gets the job done.
2025-02-14,HP-IND-006,1,I just love paying premium prices for something that works half the time. Wonderful!
2025-02-10,TB-IND-007,2,The battery dies faster than my enthusiasm for this brand. Remarkable achievement!
2024-12-17,HP-IND-006,2,"Very noisy operation, you can hear it from across the room."
2024-11-12,RF-IND-008,2,"Produit de mauvaise qualite, je suis tres decu. Ne recommande pas."
2025-02-04,TV-IND-001,2,Wash quality is superb and very gentle on clothes. But the spin cycle is noisy and takes too long.
2025-02-04,AC-IND-005,4,"Excellent sound quality and comfortable fit, but the ANC could be much stronger for the price."
2025-03-15,AC-IND-005,1,Build quality is cheap and flimsy. Does not feel worth the price at all.
2025-01-25,TV-IND-001,4,The smart features are intuitive and the app integration works seamlessly.
2025-02-19,LP-IND-003,3,It is okay. Works as expected but nothing special compared to competitors.
2024-12-16,AC-IND-005,2,The promised features do not work as advertised. False marketing.
2025-03-04,RF-IND-008,1,Screen cracked with normal use. Quality control is terrible.
2025-01-29,HP-IND-006,3,Some features work well but others feel half-baked and unfinished.
2024-11-27,TV-IND-001,2,Wash quality is superb and very gentle on clothes. But the spin cycle is noisy and takes too long.
2025-01-14,WM-IND-004,3,Product is fine for basic use but power users might find it limiting.
2025-01-31,AC-IND-005,5,"Bahut achha product hai, value for money. Camera bhi bahut accha hai."
2024-10-01,HP-IND-006,2,"Installation was a nightmare, instructions were completely wrong."
2025-01-28,TV-IND-001,4,Customer service was amazing. They resolved my query within minutes.
2025-03-08,WM-IND-004,3,It is an acceptable product. Neither great nor terrible overall.
2024-12-13,TB-IND-007,5,"Produit de mauvaise qualite, je suis tres decu. Ne recommande pas."
2024-10-06,AC-IND-005,5,"Lightweight and portable, perfect for travel and daily commute."
2025-01-14,TV-IND-001,4,"Battery life is incredible, easily lasts two full days with heavy usage."
2025-02-15,WM-IND-004,3,Product is fine for basic use but power users might find it limiting.
2024-11-07,LP-IND-003,1,The battery dies faster than my enthusiasm for this brand. Remarkable achievement!
2025-01-11,MB-IND-002,5,Customer service was amazing. They resolved my query within minutes.
2025-03-07,WM-IND-004,2,Screen cracked with normal use. Quality control is terrible.
2025-03-05,AC-IND-005,4,The processor handles multitasking effortlessly. No lag whatsoever.
2025-01-14,HP-IND-006,2,Overheats constantly during normal usage. Had to return it.
2025-03-08,AC-IND-005,1,Bluetooth connectivity drops every few minutes. Extremely frustrating.
2024-11-06,HP-IND-006,4,"The camera quality is outstanding, perfect for everyday photography."
2024-11-16,TV-IND-001,1,After 3 months the motor started making grinding noises. Poor quality.
2024-10-18,LP-IND-003,3,Some features work well but others feel half-baked and unfinished.
2025-03-01,TB-IND-007,2,Overheats constantly during normal usage. Had to return it.
2024-11-16,HP-IND-006,2,The display has dead pixels and color accuracy is way off.
2025-01-18,AC-IND-005,4,"The camera quality is outstanding, perfect for everyday photography."
2024-10-30,MB-IND-002,2,Overheats constantly during normal usage. Had to return it.
2025-01-11,TV-IND-001,3,Decent product for the price. Nothing extraordinary but gets the job done.
2024-10-05,TV-IND-001,4,Customer service was amazing. They resolved my query within minutes.
2025-01-30,WM-IND-004,1,Bluetooth connectivity drops every few minutes. Extremely frustrating.
2024-12-13,WM-IND-004,3,Wash quality is superb and very gentle on clothes. But the spin cycle is noisy and takes too long.
2024-11-22,TV-IND-001,4,"Durability is impressive, been using for 6 months with zero issues."
2025-01-06,MB-IND-002,2,"Produit de mauvaise qualite, je suis tres decu. Ne recommande pas."
2024-11-29,TB-IND-007,5,The smart features are intuitive and the app integration works seamlessly.
2024-11-20,RF-IND-008,2,After 3 months the motor started making grinding noises. Poor quality.
2025-01-20,LP-IND-003,5,"Fast delivery, great packaging, and the product works flawlessly."
2025-01-21,TB-IND-007,2,"Bahut achha product hai, value for money. Camera bhi bahut accha hai."
2025-01-27,AC-IND-005,1,Build quality is cheap and flimsy. Does not feel worth the price at all.
2024-10-08,HP-IND-006,4,"The camera quality is outstanding, perfect for everyday photography."
2024-10-25,RF-IND-008,4,"Fast delivery, great packaging, and the product works flawlessly."
2024-10-28,AC-IND-005,2,Customer service is non-existent. Been waiting 3 weeks for a response.
2025-02-16,MB-IND-002,5,"Battery life is incredible, easily lasts two full days with heavy usage."
2024-10-10,LP-IND-003,5,"The camera quality is outstanding, perfect for everyday photography."
2024-11-21,TB-IND-007,1,Amazing how they managed to make something this expensive feel this cheap. Truly impressive engineering.
2025-02-25,MB-IND-002,4,"Excellent sound quality and comfortable fit, but the ANC could be much stronger for the price."
2025-02-27,TV-IND-001,5,"Sound quality is phenomenal, crisp highs and deep bass. Worth every penny."
2025-02-02,TV-IND-001,1,"Sure, who needs customer service anyway? Waiting 4 weeks builds character!"
2024-12-20,RF-IND-008,4,"Build quality feels premium, definitely punches above its price point."
2024-12-16,WM-IND-004,3,"Produit moyen, rien de special. Correct pour le prix."
2024-11-03,AC-IND-005,3,"Produit de mauvaise qualite, je suis tres decu. Ne recommande pas."
2024-10-01,AC-IND-005,2,Amazing how they managed to make something this expensive feel this cheap. Truly impressive engineering.
2024-11-20,TV-IND-001,4,"Durability is impressive, been using for 6 months with zero issues."
2025-03-10,RF-IND-008,5,The processor handles multitasking effortlessly. No lag whatsoever.
2025-02-06,HP-IND-006,1,The battery dies faster than my enthusiasm for this brand. Remarkable achievement!
2024-12-02,AC-IND-005,5,Excellent cooling performance even during peak summer. Very satisfied.
2025-02-13,AC-IND-005,3,Mixed feelings about this. Good hardware but software needs work.
2024-10-04,HP-IND-006,5,"Lightweight and portable, perfect for travel and daily commute."
2024-10-22,LP-IND-003,1,"Sehr gutes Produkt, schnelle Lieferung und tolle Qualitat. Empfehlenswert!"
2025-01-22,RF-IND-008,2,Screen cracked with normal use. Quality control is terrible.
2025-02-20,TV-IND-001,3,"Average performance. Some features are good, others need improvement."
2025-02-16,LP-IND-003,4,Setup was a breeze. Works perfectly right out of the box.
2024-11-22,HP-IND-006,2,Customer service is non-existent. Been waiting 3 weeks for a response.
2025-02-19,HP-IND-006,4,"Noise cancellation is top-notch, blocks out everything around you."
2025-03-05,WM-IND-004,2,Screen cracked with normal use. Quality control is terrible.
2024-12-07,LP-IND-003,4,Display is gorgeous with vibrant colors and deep blacks. Very impressed!
2024-10-14,WM-IND-004,4,"Battery life is incredible, easily lasts two full days with heavy usage."
2025-03-04,MB-IND-002,5,"Durability is impressive, been using for 6 months with zero issues."
2024-10-20,TV-IND-001,4,The smart features are intuitive and the app integration works seamlessly.
2024-10-21,AC-IND-005,4,The camera is absolutely stunning but the battery life is a real letdown. Screen quality is decent though.
2024-11-05,TV-IND-001,5,Setup was a breeze. Works perfectly right out of the box.
2024-12-12,HP-IND-006,2,Sound quality is tinny and distorted at higher volumes. Not acceptable.
2025-03-13,AC-IND-005,5,The processor handles multitasking effortlessly. No lag whatsoever.
2024-10-29,RF-IND-008,3,It is an acceptable product. Neither great nor terrible overall.
2024-12-15,LP-IND-003,1,Customer service is non-existent. Been waiting 3 weeks for a response.
2024-12-30,HP-IND-006,4,Energy efficient and very quiet operation. Highly recommend!
2024-11-09,WM-IND-004,3,It is okay. Works as expected but nothing special compared to competitors.
2025-01-03,AC-IND-005,4,"Excelente producto, muy buena calidad y buen precio. Totalmente recomendado."
2024-12-19,MB-IND-002,5,Setup was a breeze. Works perfectly right out of the box.
2025-01-29,AC-IND-005,3,It is an acceptable product. Neither great nor terrible overall.
2025-03-07,LP-IND-003,1,After 3 months the motor started making grinding noises. Poor quality.
2025-03-04,TV-IND-001,2,"Very noisy operation, you can hear it from across the room."
2025-02-09,HP-IND-006,5,"The camera quality is outstanding, perfect for everyday photography."
2024-10-24,HP-IND-006,4,Display is gorgeous with vibrant colors and deep blacks. Very impressed!
2025-02-05,WM-IND-004,3,Product is fine for basic use but power users might find it limiting.
2024-10-22,AC-IND-005,5,"Sound quality is phenomenal, crisp highs and deep bass. Worth every penny."
2024-12-11,WM-IND-004,5,Best purchase I have made this year. Great value for money and excellent features.
2025-01-13,RF-IND-008,1,"Installation was a nightmare, instructions were completely wrong."
2024-10-18,TV-IND-001,1,"Produit de mauvaise qualite, je suis tres decu. Ne recommande pas."
2025-02-05,TV-IND-001,5,"Screen resolution is crystal clear, perfect for streaming and gaming."
2025-01-06,HP-IND-006,4,"Lightweight and portable, perfect for travel and daily commute."
2025-02-28,HP-IND-006,2,Delivery was delayed by 2 weeks and the product arrived damaged.
2025-02-19,RF-IND-008,2,I just love paying premium prices for something that works half the time. Wonderful!
2024-10-25,MB-IND-002,5,"Produit moyen, rien de special. Correct pour le prix."
2025-03-12,HP-IND-006,1,Software is buggy and crashes frequently. Needs serious updates.
2025-02-13,RF-IND-008,5,Excellent cooling performance even during peak summer. Very satisfied.
2025-01-17,WM-IND-004,1,What a fantastic feature - random shutdowns keep life exciting and unpredictable!
2024-10-15,MB-IND-002,2,Overheats constantly during normal usage. Had to return it.
2025-02-13,MB-IND-002,4,"Lightweight and portable, perfect for travel and daily commute."
2025-03-14,LP-IND-003,5,"Fast delivery, great packaging, and the product works flawlessly."
2025-03-02,TB-IND-007,5,Setup was a breeze. Works perfectly right out of the box.
2025-01-28,TB-IND-007,4,Display is gorgeous with vibrant colors and deep blacks. Very impressed!
2025-01-15,TB-IND-007,4,"Battery life is incredible, easily lasts two full days with heavy usage."
2024-10-20,WM-IND-004,3,"Produit moyen, rien de special. Correct pour le prix."
2025-02-22,LP-IND-003,1,"Sure, who needs customer service anyway? Waiting 4 weeks builds character!"
2025-03-07,TV-IND-001,5,Customer service was amazing. They resolved my query within minutes.
2024-10-17,TV-IND-001,5,Customer service was amazing. They resolved my query within minutes.
2024-11-18,WM-IND-004,3,Mixed feelings about this. Good hardware but software needs work.
2025-03-10,WM-IND-004,2,Customer service is non-existent. Been waiting 3 weeks for a response.
2025-01-05,TB-IND-007,1,After 3 months the motor started making grinding noises. Poor quality.
2024-10-24,TB-IND-007,2,"Excellent sound quality and comfortable fit, but the ANC could be much stronger for the price."
2025-01-29,TB-IND-007,3,Mixed feelings about this. Good hardware but software needs work.
2025-02-07,HP-IND-006,2,"Excelente producto, muy buena calidad y buen precio. Totalmente recomendado."
2024-12-29,RF-IND-008,3,Product is fine for basic use but power users might find it limiting.
2025-01-26,MB-IND-002,5,Setup was a breeze. Works perfectly right out of the box.
2025-02-11,AC-IND-005,4,Excellent cooling performance even during peak summer. Very satisfied.
2024-11-29,MB-IND-002,5,"Durability is impressive, been using for 6 months with zero issues."
2024-10-27,TV-IND-001,1,"Battery drains extremely fast, barely lasts 4 hours. Very disappointed."
2025-01-14,LP-IND-003,5,"Build quality feels premium, definitely punches above its price point."
2025-02-07,RF-IND-008,2,Delivery was delayed by 2 weeks and the product arrived damaged.
2024-12-03,MB-IND-002,4,"Sound quality is phenomenal, crisp highs and deep bass. Worth every penny."
2024-11-07,TV-IND-001,2,Delivery was delayed by 2 weeks and the product arrived damaged.
2024-12-25,AC-IND-005,5,"Sound quality is phenomenal, crisp highs and deep bass. Worth every penny."
2024-11-19,TB-IND-007,3,"Average performance. Some features are good, others need improvement."
2025-02-15,LP-IND-003,5,"Fast delivery, great packaging, and the product works flawlessly."
2025-02-19,TB-IND-007,2,Customer service is non-existent. Been waiting 3 weeks for a response.
2025-02-21,RF-IND-008,4,Absolutely love this product! The build quality is exceptional and performance exceeds expectations.
2024-10-24,AC-IND-005,5,Setup was a breeze. Works perfectly right out of the box.
2024-11-29,RF-IND-008,4,Energy efficient and very quiet operation. Highly recommend!
2025-02-19,WM-IND-004,1,Overheats constantly during normal usage. Had to return it.
2025-03-05,TB-IND-007,4,Photo quality rivals phones twice the price. Very happy with the camera.
2025-01-25,TB-IND-007,3,Cooling is incredibly efficient but the noise level at full blast is quite loud. Energy savings are good.
2024-11-15,RF-IND-008,5,Display is gorgeous with vibrant colors and deep blacks. Very impressed!
2025-02-14,AC-IND-005,2,Bluetooth connectivity drops every few minutes. Extremely frustrating.
2025-03-10,TV-IND-001,3,It is an acceptable product. Neither great nor terrible overall.
2025-02-04,HP-IND-006,5,The processor handles multitasking effortlessly. No lag whatsoever.
2025-03-07,AC-IND-005,1,"Excelente producto, muy buena calidad y buen precio. Totalmente recomendado."
2025-03-12,RF-IND-008,4,Absolutely love this product! The build quality is exceptional and performance exceeds expectations.
2024-11-17,HP-IND-006,5,"Build quality feels premium, definitely punches above its price point."
2024-12-23,HP-IND-006,5,Absolutely love this product! The build quality is exceptional and performance exceeds expectations.
2025-03-02,TV-IND-001,1,After 3 months the motor started making grinding noises. Poor quality.
2024-11-24,RF-IND-008,2,What a fantastic feature - random shutdowns keep life exciting and unpredictable!
2024-10-12,WM-IND-004,2,"Bahut achha product hai, value for money. Camera bhi bahut accha hai."
2025-01-30,TB-IND-007,3,Some features work well but others feel half-baked and unfinished.
2025-01-12,TV-IND-001,3,Product is fine for basic use but power users might find it limiting.
2024-12-28,WM-IND-004,5,"Lightweight and portable, perfect for travel and daily commute."
2024-10-17,RF-IND-008,4,"Sound quality is phenomenal, crisp highs and deep bass. Worth every penny."
2024-11-23,TV-IND-001,5,"Lightweight and portable, perfect for travel and daily commute."
2025-03-01,TV-IND-001,1,Delivery was delayed by 2 weeks and the product arrived damaged.
2024-12-11,LP-IND-003,4,"Build quality feels premium, definitely punches above its price point."
2024-11-11,MB-IND-002,2,I just love paying premium prices for something that works half the time. Wonderful!
2025-01-04,RF-IND-008,5,"Battery life is incredible, easily lasts two full days with heavy usage."
2024-10-09,TV-IND-001,3,Packaging was good but product is just average in terms of quality.
2024-10-19,TB-IND-007,5,"Noise cancellation is top-notch, blocks out everything around you."
2024-12-04,TB-IND-007,3,Storage capacity is generous but the app crashes frequently when transferring large files.
2025-01-29,LP-IND-003,1,Build quality is cheap and flimsy. Does not feel worth the price at all.
2024-12-27,MB-IND-002,1,"Bahut achha product hai, value for money. Camera bhi bahut accha hai."
2024-12-06,HP-IND-006,1,Build quality is cheap and flimsy. Does not feel worth the price at all.
2024-10-02,RF-IND-008,3,Packaging was good but product is just average in terms of quality.
2024-11-20,HP-IND-006,5,"The camera quality is outstanding, perfect for everyday photography."
2025-01-02,RF-IND-008,2,Terrible experience. Product stopped working within a week of purchase.
2025-02-03,WM-IND-004,3,"Produit moyen, rien de special. Correct pour le prix."
2024-10-14,LP-IND-003,5,Absolutely love this product! The build quality is exceptional and performance exceeds expectations.
2025-02-25,TB-IND-007,5,Setup was a breeze. Works perfectly right out of the box.
2025-01-05,MB-IND-002,3,"Average performance. Some features are good, others need improvement."
2025-02-28,TV-IND-001,2,What a fantastic feature - random shutdowns keep life exciting and unpredictable!
2025-02-18,LP-IND-003,3,"Sehr gutes Produkt, schnelle Lieferung und tolle Qualitat. Empfehlenswert!"
2025-02-20,WM-IND-004,5,Energy efficient and very quiet operation. Highly recommend!
2025-03-03,RF-IND-008,3,It is okay. Works as expected but nothing special compared to competitors.
2024-12-30,RF-IND-008,2,Software is buggy and crashes frequently. Needs serious updates.
2024-11-22,WM-IND-004,3,"Average performance. Some features are good, others need improvement."
2025-01-07,HP-IND-006,2,Software is buggy and crashes frequently. Needs serious updates.
2025-03-06,LP-IND-003,1,Sound quality is tinny and distorted at higher volumes. Not acceptable.
2024-11-08,RF-IND-008,2,Customer service is non-existent. Been waiting 3 weeks for a response.
2025-02-24,TV-IND-001,4,Excellent cooling performance even during peak summer. Very satisfied.
2024-12-10,LP-IND-003,5,Customer service was amazing. They resolved my query within minutes.
2025-02-02,HP-IND-006,5,"Screen resolution is crystal clear, perfect for streaming and gaming."
2024-12-25,RF-IND-008,3,The camera is absolutely stunning but the battery life is a real letdown. Screen quality is decent though.
2025-03-11,WM-IND-004,2,"Battery drains extremely fast, barely lasts 4 hours. Very disappointed."
2025-02-09,LP-IND-003,3,It is an acceptable product. Neither great nor terrible overall.
2024-10-21,MB-IND-002,2,Build quality is cheap and flimsy. Does not feel worth the price at all.
2025-01-19,WM-IND-004,4,"Durability is impressive, been using for 6 months with zero issues."
2025-02-21,TV-IND-001,3,Product is fine for basic use but power users might find it limiting.
2024-12-27,AC-IND-005,1,The battery dies faster than my enthusiasm for this brand. Remarkable achievement!
2025-03-01,HP-IND-006,1,Bluetooth connectivity drops every few minutes. Extremely frustrating.
2024-11-01,MB-IND-002,2,Wash quality is superb and very gentle on clothes. But the spin cycle is noisy and takes too long.
2024-11-23,HP-IND-006,4,"Fast delivery, great packaging, and the product works flawlessly."
2025-01-22,MB-IND-002,5,Best purchase I have made this year. Great value for money and excellent features.
2025-02-05,MB-IND-002,2,Overheats constantly during normal usage. Had to return it.
2024-11-16,RF-IND-008,4,"The camera quality is outstanding, perfect for everyday photography."
2024-12-08,LP-IND-003,1,After 3 months the motor started making grinding noises. Poor quality.
2025-01-31,TV-IND-001,3,"Performance is blazing fast and battery lasts all day, but the camera struggles in low light."
2024-11-06,MB-IND-002,2,Storage capacity is generous but the app crashes frequently when transferring large files.
2024-10-06,HP-IND-006,5,Excellent cooling performance even during peak summer. Very satisfied.
2024-12-20,MB-IND-002,4,The processor handles multitasking effortlessly. No lag whatsoever.
2025-01-09,RF-IND-008,3,Storage capacity is generous but the app crashes frequently when transferring large files.
2024-12-28,RF-IND-008,3,Product is fine for basic use but power users might find it limiting.
2025-03-07,TB-IND-007,5,Absolutely love this product! The build quality is exceptional and performance exceeds expectations.
2024-11-22,LP-IND-003,5,The smart features are intuitive and the app integration works seamlessly.
2024-10-25,HP-IND-006,1,Overheats constantly during normal usage. Had to return it.
2024-11-23,MB-IND-002,5,"Great design, sleek and modern. Fits perfectly in my living room."
2025-02-21,WM-IND-004,3,"Produit de mauvaise qualite, je suis tres decu. Ne recommande pas."
2024-10-02,TV-IND-001,3,Mixed feelings about this. Good hardware but software needs work.
2025-01-21,TV-IND-001,3,Product is fine for basic use but power users might find it limiting.
2024-11-04,AC-IND-005,5,"The camera quality is outstanding, perfect for everyday photography."
2025-01-16,RF-IND-008,5,"Sehr gutes Produkt, schnelle Lieferung und tolle Qualitat. Empfehlenswert!"
2025-01-30,HP-IND-006,1,"Battery drains extremely fast, barely lasts 4 hours. Very disappointed."
2024-10-10,RF-IND-008,3,"Excelente producto, muy buena calidad y buen precio. Totalmente recomendado."
2024-11-06,RF-IND-008,2,Bluetooth connectivity drops every few minutes. Extremely frustrating.
2025-01-18,LP-IND-003,3,Mixed feelings about this. Good hardware but software needs work.
2025-02-18,TB-IND-007,2,"Produit moyen, rien de special. Correct pour le prix."
2025-03-15,WM-IND-004,3,"Bahut achha product hai, value for money. Camera bhi bahut accha hai."
2025-02-25,RF-IND-008,3,Decent product for the price. Nothing extraordinary but gets the job done.
2025-03-01,MB-IND-002,1,Overheats constantly during normal usage. Had to return it.
2025-02-28,WM-IND-004,2,The battery dies faster than my enthusiasm for this brand. Remarkable achievement!
2024-11-15,AC-IND-005,2,Customer service is non-existent. Been waiting 3 weeks for a response.
2025-02-20,HP-IND-006,2,"Produit de mauvaise qualite, je suis tres decu. Ne recommande pas."
2025-02-07,WM-IND-004,1,The display has dead pixels and color accuracy is way off.
2025-02-12,WM-IND-004,3,It is an acceptable product. Neither great nor terrible overall.
2025-02-11,RF-IND-008,4,Absolutely love this product! The build quality is exceptional and performance exceeds expectations.
2024-12-04,RF-IND-008,2,"Produit de mauvaise qualite, je suis tres decu. Ne recommande pas."
2025-02-09,AC-IND-005,4,Love the display and design but the speaker quality is terrible and overheats during gaming.
2025-02-25,WM-IND-004,5,Excellent cooling performance even during peak summer. Very satisfied.
2024-10-17,TB-IND-007,2,Love the display and design but the speaker quality is terrible and overheats during gaming.
2024-11-28,WM-IND-004,5,Absolutely love this product! The build quality is exceptional and performance exceeds expectations.
2024-10-18,AC-IND-005,5,"Screen resolution is crystal clear, perfect for streaming and gaming."
2024-12-19,WM-IND-004,1,Overheats constantly during normal usage. Had to return it.
2025-01-22,TB-IND-007,4,Energy efficient and very quiet operation. Highly recommend!
2024-10-22,RF-IND-008,4,The smart features are intuitive and the app integration works seamlessly.
2024-10-27,WM-IND-004,1,What a fantastic feature - random shutdowns keep life exciting and unpredictable!
2024-12-03,TB-IND-007,3,"Sehr gutes Produkt, schnelle Lieferung und tolle Qualitat. Empfehlenswert!"
2024-11-12,WM-IND-004,4,"Sound quality is phenomenal, crisp highs and deep bass. Worth every penny."
2024-12-24,AC-IND-005,5,"Great design, sleek and modern. Fits perfectly in my living room."
2024-12-07,RF-IND-008,5,"Sound quality is phenomenal, crisp highs and deep bass. Worth every penny."
2025-03-02,LP-IND-003,4,"Screen resolution is crystal clear, perfect for streaming and gaming."
2025-01-04,TV-IND-001,3,Product is fine for basic use but power users might find it limiting.
2024-10-25,TB-IND-007,1,Sound quality is tinny and distorted at higher volumes. Not acceptable.
2024-12-05,WM-IND-004,2,"Oh great, another product that breaks right after warranty expires. How convenient!"
2024-12-18,AC-IND-005,1,"Sure, who needs customer service anyway? Waiting 4 weeks builds character!"
2024-11-03,HP-IND-006,5,Display is gorgeous with vibrant colors and deep blacks. Very impressed!
2024-12-01,HP-IND-006,5,Excellent cooling performance even during peak summer. Very satisfied.
2024-11-12,TB-IND-007,4,"Noise cancellation is top-notch, blocks out everything around you."
2024-11-10,MB-IND-002,4,"Lightweight and portable, perfect for travel and daily commute."
2024-11-30,LP-IND-003,1,"Bahut achha product hai, value for money. Camera bhi bahut accha hai."
2025-02-08,AC-IND-005,5,"The camera quality is outstanding, perfect for everyday photography."
2024-11-10,HP-IND-006,2,Sound quality is tinny and distorted at higher volumes. Not acceptable.
2024-12-05,LP-IND-003,1,Bluetooth connectivity drops every few minutes. Extremely frustrating.
2025-01-11,AC-IND-005,1,"Installation was a nightmare, instructions were completely wrong."
2024-11-27,RF-IND-008,5,"Build quality feels premium, definitely punches above its price point."
2024-11-02,TB-IND-007,5,Setup was a breeze. Works perfectly right out of the box.
2025-02-22,WM-IND-004,2,"Battery drains extremely fast, barely lasts 4 hours. Very disappointed."
2025-01-23,WM-IND-004,5,Excellent cooling performance even during peak summer. Very satisfied.
2025-02-08,HP-IND-006,5,Best purchase I have made this year. Great value for money and excellent features.
2024-12-01,AC-IND-005,1,After 3 months the motor started making grinding noises. Poor quality.
2024-10-20,AC-IND-005,2,After 3 months the motor started making grinding noises. Poor quality.
2025-01-07,TV-IND-001,5,"Sound quality is phenomenal, crisp highs and deep bass. Worth every penny."
2025-02-18,AC-IND-005,5,Customer service was amazing. They resolved my query within minutes.
2024-12-14,LP-IND-003,1,Overheats constantly during normal usage. Had to return it.
2024-10-05,WM-IND-004,4,"Sehr gutes Produkt, schnelle Lieferung und tolle Qualitat. Empfehlenswert!"
2024-12-15,TB-IND-007,4,"Noise cancellation is top-notch, blocks out everything around you."
2024-11-30,TB-IND-007,1,"Produit de mauvaise qualite, je suis tres decu. Ne recommande pas."
2025-01-08,HP-IND-006,4,"Sound quality is phenomenal, crisp highs and deep bass. Worth every penny."
2025-01-24,AC-IND-005,2,"Sure, who needs customer service anyway? Waiting 4 weeks builds character!"
2024-11-04,MB-IND-002,3,Decent product for the price. Nothing extraordinary but gets the job done.
2025-02-12,TV-IND-001,4,"Build quality feels premium, definitely punches above its price point."
2024-11-25,TB-IND-007,4,"Build quality feels premium, definitely punches above its price point."
2024-11-10,TV-IND-001,1,Amazing how they managed to make something this expensive feel this cheap. Truly impressive engineering.
2024-10-22,TB-IND-007,2,The promised features do not work as advertised. False marketing.
2024-12-04,MB-IND-002,5,"Noise cancellation is top-notch, blocks out everything around you."
2024-11-16,LP-IND-003,1,"Produit de mauvaise qualite, je suis tres decu. Ne recommande pas."
2025-01-31,MB-IND-002,1,Overheats constantly during normal usage. Had to return it.
2024-12-26,LP-IND-003,4,"Battery life is incredible, easily lasts two full days with heavy usage."
2024-11-29,LP-IND-003,4,"Build quality feels premium, definitely punches above its price point."
2025-01-03,WM-IND-004,1,What a fantastic feature - random shutdowns keep life exciting and unpredictable!
2024-10-01,RF-IND-008,4,"Sound quality is phenomenal, crisp highs and deep bass. Worth every penny."
2024-12-30,TB-IND-007,3,Packaging was good but product is just average in terms of quality.
2025-02-27,WM-IND-004,2,"Sehr gutes Produkt, schnelle Lieferung und tolle Qualitat. Empfehlenswert!"
2025-03-06,TB-IND-007,4,"Fast delivery, great packaging, and the product works flawlessly."
2024-10-23,WM-IND-004,3,"Produit de mauvaise qualite, je suis tres decu. Ne recommande pas."
2024-12-04,TV-IND-001,3,Mixed feelings about this. Good hardware but software needs work.
2024-10-15,TV-IND-001,5,"Fast delivery, great packaging, and the product works flawlessly."
2024-10-19,RF-IND-008,3,Product is fine for basic use but power users might find it limiting.
2024-12-08,TB-IND-007,3,"Excellent sound quality and comfortable fit, but the ANC could be much stronger for the price."
2025-03-10,LP-IND-003,1,Amazing how they managed to make something this expensive feel this cheap. Truly impressive engineering.
2024-11-17,LP-IND-003,3,Some features work well but others feel half-baked and unfinished.
2024-10-22,MB-IND-002,2,Software is buggy and crashes frequently. Needs serious updates.
2025-01-08,AC-IND-005,4,The processor handles multitasking effortlessly. No lag whatsoever.
2024-11-20,MB-IND-002,2,Wash quality is superb and very gentle on clothes. But the spin cycle is noisy and takes too long.
2025-02-05,AC-IND-005,4,"Screen resolution is crystal clear, perfect for streaming and gaming."
2024-12-20,TB-IND-007,1,Terrible experience. Product stopped working within a week of purchase.
2024-11-18,HP-IND-006,4,Display is gorgeous with vibrant colors and deep blacks. Very impressed!
2024-10-06,LP-IND-003,4,"Fast delivery, great packaging, and the product works flawlessly."
2024-11-25,AC-IND-005,2,"Very noisy operation, you can hear it from across the room."
2025-02-07,MB-IND-002,3,Some features work well but others feel half-baked and unfinished.
2024-10-21,TB-IND-007,3,Mixed feelings about this. Good hardware but software needs work.
2025-02-01,LP-IND-003,2,Amazing how they managed to make something this expensive feel this cheap. Truly impressive engineering.
2025-03-01,AC-IND-005,2,"Very noisy operation, you can hear it from across the room."
2025-01-12,MB-IND-002,3,Some features work well but others feel half-baked and unfinished.
2025-03-15,HP-IND-006,3,Product is fine for basic use but power users might find it limiting.
2024-11-05,MB-IND-002,1,I just love paying premium prices for something that works half the time. Wonderful!
2025-03-11,TV-IND-001,1,Customer service is non-existent. Been waiting 3 weeks for a response.
2024-12-05,AC-IND-005,3,"Bahut achha product hai, value for money. Camera bhi bahut accha hai."
2024-12-09,LP-IND-003,4,Absolutely love this product! The build quality is exceptional and performance exceeds expectations.
2024-11-08,AC-IND-005,4,Photo quality rivals phones twice the price. Very happy with the camera.
2025-02-11,TB-IND-007,1,I just love paying premium prices for something that works half the time. Wonderful!
2024-12-07,WM-IND-004,2,"Oh great, another product that breaks right after warranty expires. How convenient!"
2024-10-26,TB-IND-007,3,Product is fine for basic use but power users might find it limiting.
2024-10-30,TB-IND-007,2,Terrible experience. Product stopped working within a week of purchase.
2025-01-17,TB-IND-007,5,Excellent cooling performance even during peak summer. Very satisfied.
2024-11-09,MB-IND-002,3,Packaging was good but product is just average in terms of quality.
2024-11-04,TV-IND-001,4,Best purchase I have made this year. Great value for money and excellent features.
2025-01-20,AC-IND-005,5,Best purchase I have made this year. Great value for money and excellent features.
2024-10-11,WM-IND-004,5,"Sound quality is phenomenal, crisp highs and deep bass. Worth every penny."
2025-02-24,RF-IND-008,3,Decent product for the price. Nothing extraordinary but gets the job done.
2024-12-31,TV-IND-001,1,Terrible experience. Product stopped working within a week of purchase.
2024-12-07,HP-IND-006,2,The battery dies faster than my enthusiasm for this brand. Remarkable achievement!
2024-12-06,WM-IND-004,4,"Sound quality is phenomenal, crisp highs and deep bass. Worth every penny."
2025-01-21,AC-IND-005,1,Sound quality is tinny and distorted at higher volumes. Not acceptable.
2024-12-15,MB-IND-002,4,The processor handles multitasking effortlessly. No lag whatsoever.
2024-10-14,TV-IND-001,2,Screen cracked with normal use. Quality control is terrible.
2025-02-27,MB-IND-002,4,Wash quality is superb and very gentle on clothes. But the spin cycle is noisy and takes too long.
2025-01-11,WM-IND-004,4,Display is gorgeous with vibrant colors and deep blacks. Very impressed!
2024-11-25,LP-IND-003,3,Product is fine for basic use but power users might find it limiting.
2024-10-01,MB-IND-002,2,After 3 months the motor started making grinding noises. Poor quality.
2024-10-11,HP-IND-006,3,"Average performance. Some features are good, others need improvement."
2024-10-21,TV-IND-001,3,"Average performance. Some features are good, others need improvement."
2025-02-26,WM-IND-004,5,Setup was a breeze. Works perfectly right out of the box.
2025-03-08,TB-IND-007,2,Storage capacity is generous but the app crashes frequently when transferring large files.
2024-10-02,HP-IND-006,1,I just love paying premium prices for something that works half the time. Wonderful!
2025-01-14,RF-IND-008,1,The promised features do not work as advertised. False marketing.
2024-12-04,WM-IND-004,2,"Bahut achha product hai, value for money. Camera bhi bahut accha hai."
2025-03-13,RF-IND-008,4,"Produit moyen, rien de special. Correct pour le prix."
2024-10-23,AC-IND-005,5,"Bahut achha product hai, value for money. Camera bhi bahut accha hai."
2025-02-05,HP-IND-006,1,After 3 months the motor started making grinding noises. Poor quality.
2024-10-24,MB-IND-002,3,Some features work well but others feel half-baked and unfinished.
2025-02-23,HP-IND-006,2,The promised features do not work as advertised. False marketing.
2024-11-05,AC-IND-005,4,"Sehr gutes Produkt, schnelle Lieferung und tolle Qualitat. Empfehlenswert!"
2024-10-13,WM-IND-004,4,Display is gorgeous with vibrant colors and deep blacks. Very impressed!
2024-12-26,TB-IND-007,3,It is an acceptable product. Neither great nor terrible overall.
2025-02-20,LP-IND-003,5,Display is gorgeous with vibrant colors and deep blacks. Very impressed!
2024-10-27,HP-IND-006,5,"Lightweight and portable, perfect for travel and daily commute."
2024-12-23,AC-IND-005,1,The display has dead pixels and color accuracy is way off.
2024-12-26,MB-IND-002,5,Best purchase I have made this year. Great value for money and excellent features.
2024-10-22,TV-IND-001,3,It is okay. Works as expected but nothing special compared to competitors.
2025-02-05,LP-IND-003,2,Bluetooth connectivity drops every few minutes. Extremely frustrating.
2024-10-23,RF-IND-008,2,Build quality is cheap and flimsy. Does not feel worth the price at all.
2025-01-19,MB-IND-002,2,Delivery was delayed by 2 weeks and the product arrived damaged.
2025-02-03,HP-IND-006,1,"Battery drains extremely fast, barely lasts 4 hours. Very disappointed."
2024-11-23,RF-IND-008,1,"Produit moyen, rien de special. Correct pour le prix."
2024-11-23,LP-IND-003,1,"Installation was a nightmare, instructions were completely wrong."
2025-02-19,AC-IND-005,2,The battery dies faster than my enthusiasm for this brand. Remarkable achievement!
2024-10-12,LP-IND-003,1,The promised features do not work as advertised. False marketing.
2025-01-14,AC-IND-005,1,Bluetooth connectivity drops every few minutes. Extremely frustrating.
2025-02-08,TV-IND-001,5,"The camera quality is outstanding, perfect for everyday photography."
2024-11-11,HP-IND-006,5,"The camera quality is outstanding, perfect for everyday photography."
2025-02-05,TB-IND-007,2,Delivery was delayed by 2 weeks and the product arrived damaged.
2024-12-27,TV-IND-001,4,"Great design, sleek and modern. Fits perfectly in my living room."
2025-03-14,MB-IND-002,3,Packaging was good but product is just average in terms of quality.
2024-12-16,RF-IND-008,3,"Average performance. Some features are good, others need improvement."
2025-02-12,LP-IND-003,2,"Installation was a nightmare, instructions were completely wrong."
2025-01-30,TV-IND-001,2,"Produit de mauvaise qualite, je suis tres decu. Ne recommande pas."
2024-11-18,TB-IND-007,5,Display is gorgeous with vibrant colors and deep blacks. Very impressed!
2025-01-08,TB-IND-007,1,Amazing how they managed to make something this expensive feel this cheap. Truly impressive engineering.
2025-02-12,TB-IND-007,5,Customer service was amazing. They resolved my query within minutes.
2025-02-10,RF-IND-008,2,Picture quality is cinema-grade but the smart TV interface is sluggish and outdated.
2024-10-31,HP-IND-006,2,"Very noisy operation, you can hear it from across the room."
2025-02-08,TB-IND-007,4,Customer service was amazing. They resolved my query within minutes.
